text,label
action يا وليدي التشكيلة كاملة الله يرحم و الديك عم عبد الرزاق اليوسفي,positive
belle منال زينة الحلقة,positive
botox c'est une marque disporte c'est une sous marques ويزيو بربي من الدعا و التنبير ماحد معصوم من الغلط واحنا بلادنا داخلا في حيط وكان عملو حل راهو ميصيرش هذا فمة إلى قتلوها لبلاد ونفضوها وجوعو التوانسا وكلاولهم حقوقهم وتعدوو عليهم وما حاسبهم حد فمة مااخطر من هكة واغرب هذي غلطت لاربما ما دكلراتش خطيه ولباس وسيبو بربي عليكم الدنيا دواره يوم ليك ويوم عليك ربي يهدينا على بعضنا ياتونسا الحقد والبغض وشماته ولا ياسر في بلادنا,negative
botox هيا باكتيريا حيوانيه,negative
bravo bravo عل بهامة ياسر بصراحة شيء كبير عيطة و سعود على ستيكا سيلتيا يعني غاز و كرتوش و مداهمة و زيد بلاش مذكرة تفتيش,positive
bravo pour ton parcours إلي بعدو,positive
bravo أنس جابر فرحتنا و زهيتنا,positive
bravo إن شاء الله ديما متالقة,positive
bravo المراه تونسيه,positive
bravo باريت الناس الكل عندها نفس الضمير,positive
bravo بوغلاب شعب عامل غماضات على عقلو,positive
bravo بوغلاب وكانه يتكلم بلساننا,positive
bravo حسام وعصام,positive
bravo حلقة حلوة,positive
bravo عبير موسي الصفحة الرسمية لرئيسة الحزب الدستوري الحر,positive
bravo قرار في محله,positive
bravo لولاد تونس لحرار,positive
bravo هاو الصحيح,positive
bravo و الله تفش الغيض وتنحي العقدة يا ولد الغاليين أحبك لوجه الله,positive
bro أعملو حاجة هبلتونا حديث شتعرف تحكو فشل,negative
cet homme dont tout le facebook tunisien se moque est très probablement une énième victime d'accident de travail dans le secteur du bâtiment très sûrement non pris en charge car non déclaré et qui traîne des blessures non soignées et qui malgré tout se lève le matin pour aller bosser sur un chantier il essaie sûrement de faire attention à ne pas fracasser ce qui lui reste et à se ménager un peu la personne qui l'a filmé et qui l'a balancé comme ça sur facebook elle n'a rien de mieux à faire de ses journées l'ambiance est devenue délétère sur ce réseau social tout est sujet à dérision toutes les semaines on prend quelqu'un on fait pitié ok si بلعومي,negative
decision out of time قرار خارج السياق مع الأسف,negative
eskimo hhh في عصر على شورب,negative
fils à maman وما اكثرهم,negative
france air الجوية الفرنسية عاملة تمثيلية واحدة لكل شمال إفريقية,negative
frere جبري,negative
frère لأخ ما فهمتش كيف فهمتوها,negative
Good luck لو تعلقت همة المرء بما وراء العرش لناله أمثاله، يستحقون الاستضافة والتشجيع وليس التافهين والتافهات,positive
hh هاك الجريان وراء غازي القروي في البركنق كي الكلب مامشاش خسارة علأقل هه توه باش يخرج عبد اللطيف العلوي يضرب شويه لغة ويشرب مخ انصارو,negative
hor cujet is the best youtuber comédic in tunisia نقطة و أرجع لسطر,positive
i hope safi sa ثلاثة id will be president لصافي سعيد,positive
issam ben othmen يا الاهي هه,positive
j'adoorree أما حاجه بركا ما فهمتهاش كيفاه تقول كان الدواء في فراقك خلي نمرض بيك من بعد تقول و الله ما نسامحك,positive
je tadore toi الله ابارك راجل كبير وواعي ربي يحفضك ويرزقك من خيره و بعد عليك الحاكم اسيدي,positive
klay bbj ابوخري,positive
l'argent ne fait pas le bonheur الفايدة في الهناء,positive
love you so much كثير كيوت انتولاثنين ياريت كنت بعرفكم من زمان بس عشقت سديم لانه عرفني عليكم احلا اثنين بالدنيا مش طبيعين,positive
love أمين يعطيك الصحة,positive
Merci Bolloumi Bougalleb et toute l'équipe Chems FM vous êtes meilleurs  عيدكم مبروك سوف نفتقدكم,positive
mon frère اخي,positive
pablo escobar أكبر بارون في كولومبيا و أسس المافيا في العالم في تجارة المخدرات و السلاح,negative
plz tell me how can i help him plz اخوكم من باكستان,negative
résistance force vocale ديز و ثلاثة ana تسعة خوك respect مكشخ,positive
savoir عاد لهنا شكون الغالط هوما ولا هيا المفيد السب و الشتم ما عندوش مبرر,positive
top top مكانش لي يجي في بلستكوم ولا احسن منكم ابدا,positive
Tunisair معشش فيها الفساد,negative
vraiment bravo هذا موظف شريف و وطني يستحق الإحترام الكبير,positive
waw راب فوور,positive
WhatsApp صفر صفر ميتين و أثناش مليار و ستمياة و تسعة و أربعين مليون و خمسين ألف و ستمياة و ثنين و أربعين من فضل الله على حمدالله رب العالمين أن الفضل بيد الله يؤتيه من يشاء الطب الحديث توصلنا لعلاج القذف السريع و علاج ضعف الإنتصاب تواصل معانا اعبر الوتساب,negative
WhatsApp صفر صفر ميتين و أثناش مليار و ستمياة و خمسة و أربعين مليون و سبعمياة و ستين ألف و أربعمياة و واحد و أربعين شباب لاحظت كثير كومنتات عن تكبير القضيب وضعف الانتصاب وسرعة القذف ولا يهمك تواصلو مع الدكتور إلي نصحني بوصفة استعملتها كم أسبوع وحصلت على نتايج مذهلة إلي عايز الدكتور يتواصل معه الواتساب صفر صفر ميتين و أثناش مليار و ستمياة و خمسة و أربعين مليون و سبعمياة و ستين ألف و أربعمياة و واحد و أربعين,negative
za ثلاثة ma chnia tiiit سؤال محير,positive
zéro humanité حسبي الله ونعم الوكيل,negative
ء أحدن كسر له كوب ويقدم أعذار واحدن كسر له قلب ويقول عادي,negative
ءالله يهلكك ياقلب ياكذب,negative
آآه يا ربي لك الحمد و الشكر على كل حال يا ربي تسترنا و تستر وليداتنا,positive
آثار البسطار الفرنسي,negative
آحسن مسلسل,positive
آخر مرة سيشهد البريدج على ارتداء جي تي شارة قيادة تشيلسي,negative
آدمين مسطك,negative
آراء وذكريات بأجمل تعبير,positive
آراك في جنة الخلد يا دقني العزيزة,negative
آستودع الله عقلك إن أردت ألا يحيد و آستودعه قلبك حتى لا يتصدع يوما ما,positive
آسفي عليك يا تونس قمة العار و الجهل انو يتناقش موضوع كيما هكة في برنامج يتفرج فيه الشعب الكل من اللخر الشيء هذا حرام و منافي للأخلاق شئتم أم أبيتم و لازم الأطراف المعنية تتدخل باش توقف هل المسخرة و الله عار على دولتنا الاسلامية,negative
آش عندكم ريتوا هذا على الأقل موجود في مكان العمل وقايم بمجهود ضعيف ابكي عاللي يقبض في شهرية من المال العام ولا يعمل أما رافض العمل أو متقاعص أو غير موجود اصلا في مكان العمل ومنهم الكثيرون مع الأسف,negative
آش نعمل لعزاها,negative
آلله الله يرحمه ويسكنه فسيح جناته يارب,positive
آلله لا تباركلكم,negative
آلله يرحمها الكل,positive
آماال علوان ولات ماسطةة,positive
آمنة فاخر نستاهل محلاها,positive
آمون لن يرضى عنك يا مخلوف,negative
آمين يارب الله يرحم جميع موتانا ويصبرنا على فراقهم يارب,negative
آنا متخرج من ألفين و أربعة و كأنني موش تابع البلاد هذه و كيف آلاف و السيد ماشاغلو شيء إلا الولاة حسبنا الله و نعم الوكيل,negative
آنا من رايي أتفه كليب ريتو في حياتي,negative
آنسيتك بعد ريته هواك اخطيني تركتك و مزالت تريدك عيني,negative
آني جيت من مسلسل نوبة و الله معلم يا صالح الفرزيت معلم و ما كيفك حد غناياتك الكل رووعة و زيد وليت نسمع فيهم بنظرة أخرى بعد مسلسل نوبة نظرة حب و إحساس آخر و الولاد إلي معاك حصللهم الشرف انك خدمت معاهم ربي يوفقكم,positive
آني ديما صياما رغم إنو عمري عشرا سنين,positive
آني كنت ناوي و بطلت مهيش حاجة طلعة,negative
آهالي برج الصالحي عاملين ذراعهم في وجوههم يحبو ع الضو بلاش كانو في الهم للعنكوش و كي steg دخلتلهم الضو و عملت الكياس ولاو يعوعشو كي السرادك إي نعل بو الوقت الكلب,negative
آه بوليس,positive
آه ريق إلبارد وقلة إلحياء,negative
آه يا وجه اللفعة,negative
آي آي آي تقتل نحب سي المهف و,positive
آيا آيا آيا آيا,negative
أإن شاء الله سوف يغلق,negative
أ الله عليك يا مفيدة تووب,positive
أبارك هذا التحالف لما فيه خير للتونسيين والتونسيات,positive
أباطرة الفساد,negative
أبتسم فإن في عيناك جمالا يستحق له الإنحناء وفي مبسمك تغرب الشمس وتشرق,positive
أبحث عن أصدقاء من تونس الشقيقة,positive
أبدع البارحة في حصة كلام الناس,positive
أبدعت حقا بالفكرة والبسمة التى لا تفارق وجهك تونس في حاجة لأمثالك انت فخر لنا والى يعرف قيمتك,positive
أبدعت يا وليد التونسي ألف قبلة على جبين أمك فقد أنجبت رجلا بحق شكرا أيها الفنان,positive
أبدع فأذهل,positive
أبدع في دوره,positive
أبشع أنواع الذكريات التى تأتيك وأنت تقرأ شيئا يشبه كثيرا ما مررت به,negative
أبكيك شوقا ويؤلمني غيابك رحم الله نفسا غادرتني ربي أجمعني به في الجنة رحمك الله يا أبي,negative
أبهرني منطقه,positive
أبواب السعادة معروفة باب الثلاجة باب الطائرة باب البنك,negative
أبيك من قبل لا اتعلق بك وأشوفك لي شريك وأبيك من قبل لا تتجمع لك أحبك وأعترف,positive
أبي ماأصعب ان اذكر اسمك ثم اتبعه بكلمة رحمه الله,negative
أتصبر وأقول إني على البعد قاوي والله أعلم بقلب فيه الأشواق حيه,negative
أتعب وانا اقول مبدع يالسليم استمر ولا عليك من أحد هذا هو الترفيه الحقيقي,positive
أتمنيتك تفرح ي لميمة غير الزمان غدار الله يحفظ امهاتنا وأمهات المسلمين ومسلمات وارحم موتانا وموتاهم يارب العالمين وإهداء لكل متغرب و كل عربي من ارض الموت احلا سلام,positive
أتيناك نرجوك حسن الختام إلهي فلسنا على ما يرام على باب عفوك نحن اليتامى وأنت السلام ومنك السلام,negative
أثر فيه الواقع الأليم اللى عايشه فيه البطله وللأسف ما تغيرش,positive
أثناء قرائتي الروايه رافقتني مشاعر مختلفه تجاه أسلوب الكتابه وتجاه مضمون الروايه الطريقة التي اتبعها الكاتب في سرد الأحداث كان تعتمد على الإنتقال من مشهد وحدث لأخر في بعض الأحيان كانت هذه الإنتقالات مربكة وسريعة تجعلك تتوقف لحضات عن القراءه لإدراك ماقد حدث في باقي الأحيان هذه الإنتقالات خدمت الحبكة بشكل جيد روي الأحداث بخط زمني متوازي لأكثر من حدث وأكثر من شخصيه جعلني أعيش في عده عوالم متوازيه بمشاعر متناقضة في لحضة واحده إستخدام اللغة العاميه المصريه في عده أماكن من الروايه جعل فهم بعض أجزائها صعب ولكن أرى أنه خدم الكاتب في التعبير عن التفاصيل الدقيقة التي لم تسعفه الفصحى في التعبير عنها الاسلوب الروائي بشكل عام جيد ولكن كان للمضمون أن يصل بشكل أعمق لو كان الأسلوب الكتابي أكثر إحترافية تحدثت الروايه في مضمونها عن الحب مراحل الحب السبعة وكيف عاشتها كل شخصيه من شخصيات الروايه حينما استرسلت في قرائتها وجدت نفسي أندمج بشكل لا إرادي مع شخصيات الروايه تمر عليا التجارب التي عشتها في كل شخصيه لأجد نفسي أحيانا أنفعل إنفعالا شديدا معها فالأحداث محمله بالكثير من المشاعر التي تتركك بعد الإنتهاء من قراءه الكتاب في حاله فوضى ذهنية وشعوريه وقد فضحك الكتاب وعراك من كل الأكاذيب ليتركك عاريا أمام ذلك المسمى الحب الروايه قد لا ترتقي للمستوى الكتابي الأدبي واللغوي المحترف وكان يمكن أن تكون أفضل بكثير وأكثر عمق لكنها تلك أحد الروايات التي تقع في حبها من أول صحفه أو تكرهها من دون سبب يذكر,negative
أثناش مليون تونسي عشرين مليون تفتاف,negative
أجدت الوصف والتعبير عن الصورة ابتسامة تبكي,negative
أجمال احساس وأجمل اب وبنت في لكون يارب يكون كل الاب مثله ربي يخف عليه مرض بنت ورجعلوا وليدوا ونعولها بشفاء العاجل,positive
أجمل الناس من يصنع فيك ابتسامة حين يعلم أنك بحاجة لها أبعد الله عنكم مواجع الدنيا ورزقكم السعآدة من حيث تعلمون ومن حيث لا تعلمون,positive
 أجمل رقصة في الدنيا على الإطلاق تلك التي تديها الدجاجة حين تذبح فقط حين تمنحك البيئة الفقيرة تفاصيل غنية تحترم الأدب الذي تقره من نبعها إن كنت من تستهويه سيرة شهداء العشق وتخشع موضوعيتك لسماع صلوات العشاق تتحاوم فوق رأسك في دورة عصفورية كريكتورية سيروقك هذا العمل لا محالة على عكسي ستنجرف مع عشق المرحوم المم ضي بالقلم الأخضر دون أن تدرك التلاعب هنا في المزج بين الموت والإخضرار الذي ربط ذوق المرحوم وما سيخط قلمه في رسالة يسميها وهو بهذا العنوان الرقمي أر شف عامه بيوم جديد طويل مرهق يوم عاشق يتواجد في عامك هذا قد يسقط عرض من العام الذي يليه كما حدث مع مرحومنا العاشق في حفلة زواج تقام بالنادي الطلياني في ليلة خميس يلمح زولها القاسي الذي يحكم عليه بمبد العشق فيتحول مرحومنا من معلم كيمياء لرهين للعشق الافلاطوني وملاحقا لسرابه بين كل الأماكن المتوقعة لإصطياد معشوقته كما يقول القدماء العشق له رن كرن الخلخال المهم في الموضوع أنه سيتقاطع بحثه عنها إستنطاق للأمكنة متمثلة في أحياء متباينة حي المساكن حي البساتين كل حي سيخبرك ساكنوه ومرتادوه بطبيعة طبقته الإجتماعية حس التفاصيل غني متدفق كما هي عادة أمير تاج السر وهو ما يصقل الأحداث المترهلة يمنحها قوام أقوى مما هي عليه وقدرته على السرد الحيوي لا جدال عليها لكن لو كنت أنا من وجد تلك الرسائل لمزقتها ليتعلم العشاق ان العشق تحدي للنفس وليس استسلام يبهرني أمير كل مرة بشخوصه فأجدها جديرة بالتعرف عليها الألماني أبو الصاحب تواجده المبهم الأخير في الأثر الطلياني الأزهري متنكر في زي النادل حليق اللحية شمس العلا وشموعه سر جميل تحشيش كولومبس وعفراء اللاهثة وحتى حبو جعفر كلهم محفورون هنا في الذاكرة كل منا يوجد في خياله إسم يبحث عنه وقد نشتبه به مع العديد من الأسماء مما يعقد عملية البحث الخيالي الأهم أن ننزل عملية البحث للواقع من خيالنا بشكل صحيح بأسم صريح يتحدى كل الأسماء التي جابت خيالنا يوم أرقتنا ولا يستسلم أمام جبروت تكتلها بل يتعلم كيف يفصل اسم معشوقه من بين كل الأسماء نقطتان تعبر عن إحترامي لهذا القلم إن لم يعجبني سوى نصف الرواية احترامي يفرض علي الإشادة بماأعجبني فيها,negative
أجمل زوز إبنات ألله يسترهم ويحميهم,positive
أجمل عطور جنيد في شيلة أمي و أجزل عطايا الوقت حزة رضاها,positive
أجمل عمل,positive
أجمل عمل معروض في القنوات التونسية حاليا نتمنى أن يتواصل المسلسل بهذا المستوى الراقي الذي قطع مع الأعمال المعادة والمعلوكة التي عودنا بها مرتزقة رمضان,positive
أجمل ما في الدنيا آش مزلت تحب,positive
أجمل مافيك أن علي أن أقبلك أو أرفضك دون أن أد عي أنني قد خدعت بك هكذا تمضي طا الحب يد تكتب بالحبر الصيني وأخرى تمحو ماتخطه الأولى عين تقول نعم وجارتها تقول لا الفم حب كرز القلب تفاحه محرمه والفراق ضيف اللقاء فخذني إلى ذاكرتك كي أتقن نسياني لا تغادرني لا تقطنني لا تلتصق بي ولآتهجرني كن قريبا أبقى بعيدا كي تترك مساحه للحلم والضوء بيننا فالحب طفل الحريه,positive
أجمل مسلسل عربي,positive
أجمل من أنسام الشتاء وبراده ملامحك من حسنها تفتح النفس,positive
أجمل وأحسن مسلسل تونسي شفتو فن وتقنية تحيا ليك عبدالحميد بوشناق,positive
أجمل وأعظم تحية من مصر,positive
أحباء التفريك و التنبير إنضموا صعاليك التفريك,negative
أحب صوت عبدالمجيد كل كلمة حب منه أحسه يستقصدك فيها حبيبي,positive
أحبك حتى النخاع يا علاء الشكر و التقدير ربى يحفضك يا أحسن منشط في كل العالم ويقدرك على فعل الخير خاصة مع االزوالي,positive
أحبك دائما بطريقة غير إعتياديه ولا متناهيه,positive
أحبك كحب الشمس لوقت الفجر كحب العصفور لغصن الشجر كحب النحل لرحيق الزهر كحب السماء لماء المطر الله أكبر شو هااد الكاتب عمرو سنة ولا شو هي هلوسات مراهقين مو نصوص أدبية الكتاب ضحك بشكل وأنا عم بقرئو ما خطر ببالي غير إنت حبيبي إنت حياتي إنت الحب الراجل اتجنن يا جدعان,negative
أحبك واذا ما كنت داري أنا داري أنا كل يوم أقولها لو ما تسمعها,positive
أحب وجه أمي الطيب جدا ذلك الوجه الذي لم ولن يخذلني أبدا الله يرحمج امايه,negative
أحتاج إلى شخص أحكي له جميع ما بداخلي وعندما أنتهي يقول لي أن تركك الجميع أنا لن اتركك,negative
أحتاج صبر أيوب عليه السلام ربي أرزقني إياه,negative
أحتاجك ربما وجع الكلمة يكفي,negative
أحتاج معجزة ترضي خاطري من كل النواحي,negative
أحترماتي,positive
أحترماتي,negative
أحترم هذا الرجل كنائب في مجلس الشعب أكثر منه كنائب في المجلس التأسيسي ربما الخبرة أو قضية بنك لازار التي زادت في شعبية سي مهدي,positive
أحد أحد فرد صمد لا والد ولا ولد رب السماء والفضاء والجبال والشجر رب عزيز قادر له جبين قد سجد يوم الجمعة,positive
أحداث الرواية تحصل خلال أيام بالتفصيل الشخصيات كثيرة أشخاص غير مداخلات الملف في كل جزئية بتاخذ فكرة عن طريقة تفكير كل واحد فيهم شخصية الدكتور سكريتا من أكثر الشخصيات المثيرة للضحك بسبب الأفكار الغريبة التي يمتلكها عنده فنتازيا انه البشر كلهم يصيروا أخوان أفضل وماينجبوا خلاص والعالم حيعيش في سلام وهذا مشروعه الخاص اللي بدأ في تنفيذه فعل الذي أبغضني كثير واقعية الرواية المقرفة في طبيعة العلاقات الشخصية والعلاقات العاطفية لكن ال نجمات لأن بعض أفكار الكتاب حتلازمني فترة طويلة ترجمة روز مخلوف ممتازة في هذا البلد لا يحترم الناس الصباح إنهم يوقظون أنفسهم بفظاظة بوساطة منبه يقطع نومهم بضربة فأس ويستسلمون في الحال لسرعة مشومة هل باستطاعتك أن تقول لي مايمكن أن يكون عليه نهار يبدأ بهذا الفعل العنيف ما الذي يمكن أن ينتج عن أناس تنزل بهم منبهاتهم صدمة كهربائية صغيرة يومي إنهم يعتادون كل يوم على العنف وينسون كل يوم ما حفظوه عن السعادة صدقني صباحات الإنسان هي التي تقرر طباعه تميزت بقلب طيب على نحو استثنائي ولم تكن ترفض شيئ لأحد للأسف أن طيبة القلب وطيبة الجسد هذه تثير فظاظة الرجال أكثر مما تثير امتنانهم هذه الرغبة بالانتقام هي في الحقيقة رغبة لم تلب بالعدالة التوصل إلى النتيجة القائلة بعدم وجود فرق بين المذنب والضحية يعني التخلي عن كل رجاء وهذا هو ما يدعى بالجحيم,positive
أحزان في الأندلس من أجمل ما رسمه نزار بالكلمات هذا الهوى ما عاد يغريني فلتستريحي ولتريحيني إن كان حبك في تقلبه ما قد رايت فلا تحبيني حبي هو الدنيا بأجمعها أما هواك فليس يعنيني أحزاني الصغرى تعانقني وتزورني إن لم تزوريني ما همني ما تشعرين به إن افتكاري فيك يكفيني فالحب عطر في خواطرنا كالعطر في بال البساتيني عيناك من حزني خلقتهما ما أنت ما عيناك من دوني فمك الصغير أدرته بيدي وزرعته أزهار ليموني حتى جمالك ليس يذهلني إن غاب من حين الى حين فالشوق يفتح ألف نافذة خضراء عن عينيك تغنيني لا فرق عندي يا معذبتي أحببتني أم لم تحبيني أنتي استريحي من هواي أنا لكن سألتك لا تريحيني,negative
أحزن ما قرأت اللغه هى الزاكره والدراما من الواقع الاندلسي والاحداث سلسله متصله منفصله من العذاب والمعاناه والله يا أخي ما يعذبني أكثر من السال أين ذهب العرب والمسلمون,positive
أحسد البن ام فنجان قهوتها إن بات في يدها تكسوه بالقبل,positive
أحسن أحسن أحسن مسلسل ألفين و تسعطاش موشو,positive
أحسن أغنية لدي بعد أغنية في بلادي ضلموني للرجاء العالمي تحية للجماهير الافريقي,positive
أحسن أغني عندي,positive
أحسن برنامج ررائع الى الامام سامي,positive
أحسن برنامج,positive
أحسنت أبدعت أفدت وأمتعت وأقنعت,positive
أحسنت الكلام وبارك الله في عقلك وفهمك,positive
أحسنت بوغلاب لقد ألبوك على عبير موسي في يوم ما نقبل اعتذارك,positive
أحسنت صنعن تونس واقفة على رجالها أكييد,positive
أحسنت قولا,positive
أحسنت كافون واصل,positive
أحسنت يا منال,positive
أحسنت يا ولييد أبهرتنا كلعادا,positive
أحسن حاجة تعملها الدولة انو كل ولاية يحطوها في بلاد خلي باش هكاك ترتاح الولايات من بعضها و فماش ما تنقص شويه جهويات كي ميقولو فيها هه قالوا جهويات لا حول الله يا ربي,negative
أحسن حاجة قالوا سكر سهلة الكلمة عندكم,negative
أحسن حاجة,positive
أحسن حاجة هكة ممكن ينقص الشطر متاعنا و إمكانية كبيرة يتحسن وضع الناجين من حالة حليلة إلى هكاكة و برا,negative
أحسن خبر تنجم تهبطو موزاييك,positive
أحسن سيتكوم,positive
أحسن صورة لزوجين في المغرب العربي ربي يوفقكم,positive
أحسن فنان,positive
أحسن كلمة قالها نظمو رواحكم ونظمونا معاكم وتبعونا نحنا لي نحبو نخدمو على رواحنا,positive
أحسن كوميدي تونسي الكوميدية متاعو تدخل للقلب بدون إستءذان جعفور واصل هكة,positive
أحسن كوميدي تونسي,positive
أحسن كوميدي تونسي و تفدليكو يدخل للقلب فييسع تحية ليك و لأخلاقك العالية جعفوور,positive
أحسن لقطة في آخر المسلسل,positive
أحسن ما عملتوا,positive
أحسن مسلسل,positive
أحسن مسلسل هو شورب,positive
أحسن معوض لنوفل الورتاني ربي معاك,positive
أحسن مقدم برنامج رأيته في حياتي,positive
أحسن ممثلة ربي معاك يا وجيهة,positive
أحسن ممثلة في تونس تعجبني برشا,positive
أحسن ممثلة في تونس ثلاثة,positive
أحسن ممثلة في تونس,positive
أحسن و أجمل مراء في تونس,positive
أحسن واحد البرنس,positive
أحقر منك لم تلد النساء لا عهد لا ميثاق لا دين لا ملة,negative
أحلا أعدت الأمل و زرعت الفرحة في قلوب الناس فألف شكر,positive
أحلا حاجه في برنامج وجيه الجندوبي تباركله عليها,positive
أحلا صوره أرها في حياتي,positive
أحلام المقالات لا يمكن أن يجتمعان خصوصا في المقالات السياسيه أحلام تفتقر في رأي القدره على الوضوح في رأيها خوفا من ان تفقد جمهورها متعدد الإتجاهات الأفكار أتمنى أن تتحرر,negative
أحلامنا مجرد حقوق يتمتع بها الطفل في أوروبا,positive
أحلام وردية بماض وهمي بعيد عن حقائق التاريخ وتطور المجتمعات,negative
أحلا نقشه,positive
أحل جعفور برفو,positive
أحل غنيا في العالم,positive
أحل مغني رتو في حياتي,positive
أحلى ثنائي,positive
أحلى جعفور احلي تلقائية و احلي ضحكة ديما متميز و قريب للقلب,positive
أحلى جمعية,positive
أحلى ذكرى في ألفين و ثمنطاش أصبحت جدة كل عام وانتم بالف ألف اتصالات تونس,positive
أحلى رمضان على أحلى قناة تونسية و إلي موش عاجبو يعاونا بسكاتو,positive
أحلى زينة نشاله ربي يوفقك و نستناوك في الأنشيد,positive
أحلى شيء وقتلي قالوا التمويل نجيبوا من صباطك وسروالك ونخرج مليون دولار من أكتافك,negative
أحلى شيخ,positive
أحلى صافي سعيد,positive
أحلى غناية,positive
أحلى كعبة مش عادي,positive
أحلى ليلى و أحلى إجابة ضد مقداد إلي كثر على ما وصاوه,positive
أحلى مسلسل,positive
أحلى مورو,positive
أحلى نجلاء,positive
أحلي جعفور في دنيا وله فرهتنا على قلوبنا,positive
أحلي جعفور ولد مدنين,positive
أحمد الأندلسي سييدك يا انت يا ماسطة يا فرحة الراجل إلي باش ياخذك وفرحة بوك وهف يهزك,negative
أحمد الأندلسي,positive
أحمد الأندلسي ممثل صنع روحو و خدم و ولد جمعية أما تحسو مقداد سهيلي جنيور هه,positive
أحمد الأندلسي والله الله يرحم الأم إلي جاباتك راجل ولد حومة عربي,positive
أحمد الدقامسة الحمدلله على سلامة البطل,negative
أحمد راجل وفاهم,positive
أحمد طاحون,negative
أحمد يعرف يغني خير,positive
أحمق ذلك اليائس الذي لا يفهم لماذا يعطيه الله أياما جديدة,positive
أحمق,negative
أحن أب لأرق بنت,positive
أحن إنسان على وجه الكرة الأرضية,positive
أحنا التوانسة موش ما يعجبنا العجب بربي علاش فنان بهذا الابداع الصوتي خليوه يبدع كيمة هو يرتاح لازم تكسرولو مقذيفو فنان وروعة ودمو عسل وربي معاه,positive
أحنا حتى نخرجو من ألفين و عشرين,positive
أحنا شادين في ربي هو على كل شيء قدير يا بيل,positive
أحن الى طبخ أمي و منسف أمي,negative
أحنا ما قيناش فيكم الخير باش فلسطين تلقى قسوات,negative
أحنا نعانو في الارهاب و نبحث عن طريقة لدحره من بلادنا و سي امين جايبلنا موضوع المثليين وناقشو فيه وكانه قمة التحضر الا يعتبر هذا استفزازا للمتشددين و الدواعش باش يلقاوا ذريعة لهتك ارضنا بالله جيبولنا مواضيع تبعث الامل و تعطي صورة مشرقة لتونس,negative
أحنبعل بليد برشا,negative
أحيانا أصمت لأن أجوبتي تقتلني قبل أن تقتلهم فصمتي يعني في دآخلي حروف لو نطقت بها لآهتزت أبدانهم وجعا,positive
أحيانا نخشى على شخص من الإنكسار فنتفاجئ به يكسرنا بلا شفقه,negative
أحييك واحيي فيك جرأتك و هذا منطق كل من متدبر لأمر الدنيا كما قال الرسول انتم أدري بأمور دنياكم,positive
أخباركم الكل تزيد هم على هم,negative
أخبي الشوق لا شفقتك قبالي وأتمنى أشوفك في كل ليلة,positive
أختك من المغرب الله يفرج عليهم ياربي,positive
أختك هي جزء رقيق من قلبك فكن بجانبها لكي لا تكسرها الحياة ابكتني,negative
أختى أنصحك لوجه أتعلمى القرأءة وخاصة القران الفاتحة وسورة معاها لكي تعرفي أتصلي الشغل ماهو كل شيء أتعلمي سور من القران اتصلي بيهم اليوم فيه بكرة مافيه,positive
أخدم انت يزي ها نمي و عيش في تونس هما بنوا و كون و انت تحسبلهم هذي هيا الرجال تكسب و الطاحنة تحسب ولاهي يكذب,negative
أخدم على روحك خويا لطفي نحن شعب بقالنا كان التنبير,positive
أخر مرة سبيت فيها في كومنتار قالوا لي لمرة جاية نفصخولك لفيسبوك ليذا بصحتك صاحبي عبر إييه,negative
أخرولها فيه,negative
أخشى أن أعاملك بالمثل فتتألم,negative
أخلاق عالية شكيب,positive
أخوة و محبة كيما هكة ولا بطل,positive
أخوكم من المغرب نقول و نعمة الرجال و شكر خاص ليك جعفر و عاش العرب وين ما كانو,positive
أخيراا قالها,positive
أخيرا حكاية الغراب والفولة المسوسة تتجسد على أرض الواقع هه,negative
أ خي مازلت بلاد هيا مسيب ماء على بطيخ,negative
أدخل امشيلو لا برا أنت ه ولدي أمشيلو هه,negative
أدخل للكيب يا أنثت الذيب وحسبلي روحك صيد وأنت حتي لبوة ياسر فيك,negative
أدخلني فوضى الحواس عالم أحلام مستغانمي من بابه الكبير فهي بلا شك أفضل من يجيد صنع ابجدية خاصة لحالات ملتبسة وإن غلبت عليها الإستعارات والتشابيه بحشو مفرط حتى ضيعت السرد وسط الزخم الحاد للتراكيب النصية وإن كنت لا أخفي أعجابي ببطلها الحبري خالد طوبال وطريقة توظيفها لشخصيته في أحداث الرواية برأيي فوضى الحواس أجمل الثلاثية بينما فرطت منها عابر سرير فلم تكن في مستوى أختيها فجأت بحشو كثير جدا وسرد هش وإن كان هذا ما يغلب على الثلاثية وأقصد هنا ضياع السرد والتشخيص الروائي وغلبة الإستعارات الإ انه كان في عابر سرير مبالغا فيه بشكل أفقدها توهج فوضى الحواس,negative
أدركت مؤخرا أن لا أحد لأحد كل من حولك لا تأخذك الظنون أنه سيكون معك في جميع تقلباتك هو لديه الأهم وأنت لديك وهم فقط عاملهم بلطف وأمض,negative
أدعولي نجيب الباك دعوة أربعين غريب مستجابة,positive
أذكر مما قرأت قصيده علقت بذهني وتأثرت بها وضعوني في إناء ثم قالوا لي تأقلم أنا لست بماء أنا من طين السماء إذا ضاق إنائي بنموي يتحطم,positive
أذهب فأنت أحد الأغبياء,negative
أرادوا إعدام سقراط فبكت زوجته فسألها ما يبكيك قالت تقتل ظلما قال أكنت تحبين أن أقتل عدلا قالت الله لا يردك حتى وإنت بتموت قاعد تتفلسف,positive
أراك كل يوم وكأني لأول مرة أراك,negative
أربعة neya n'importe quoi fech t سبعة ki hethi sakr beb matar babko skobar w dra chnya أنا عايز جملة مفيدة,positive
أربعين ستة ستة و أربعين يهلك إلي كان سبب,negative
أرجع أماان,negative
أرجل من شموسه ههخ,positive
أرجل منك,positive
أرجل منك و انضف منكم يا سراق,negative
أرجل واحدة في تونس,positive
أرجوا التفسير بجد حابب الأغنية لحن و أداء بس بجد صعب على الفهم أخوكم من مصر,positive
أرجو دعم قناتي بالإشتراك و تفعيل جرس التنبيهات شكرا,positive
أرجوك يا أخي العزيز مقداد راجع روحك و شوف السبب علاش إلي وليت مكرز و ما فماش ما امسط منك,negative
أرجوك يا صديقي لا تتوقع مني أن اكون دوما جيدا وطيبا ومحبا هنالك أيام سأكون فيها باردا شارد الذهن صعب الفهم,positive
أرجوكي لا تحرمينا من مقالاتك ألف شكر,positive
أرض أرضي وتراب لأجدادي تحيا الياسمن ياتونس الأبيه على العروبه الأسلاميه,positive
أرض النفاق,negative
أرضي علينا يا لميما,positive
أرفع الحصانة ويلزم المحاسبة,positive
أروع المومثلين إتوانسة أو يستحق الجائزة,positive
أروع مسلسل تونسي سفتو في حياتي روععة أما خسارة خلاصو بدر لي قتل بوه,positive
أرى أن الكتاب أقل من المروج له بكثير ربما حتى في طريقة العرض التي لا تناسب تنظير تشومسكي يعني في المعتاد هناك نظرية يعقبها تحليل أمثله تاريخية سريعة الكتاب يفرض مقاطع كاملة للحديث بعشوائية نسبية عن تجارب سلفادور جواتيمالا نيكاراجوا ربما مفيد لمن لم يقرأ أبدا عن هذه التجاربز ربما الاستفادة الحقيقية التي خرجت بها من الكتاب هو إجابة السال لماذا تم ترك اليابان لتنهض مرة أخرى كيف تم إحكام السيطرة عليها الإجابة كانت في أنه بعد تدميرها إما تركها لتبني نفسها من جديد تقع تحت طائلة قوى المنطقة أو تكون هي نفسها قوة مضافة لأمريكا في المنطقة تتحكم فيها أمريكا بالتحكم في البترول الذي يتم ضخه في اليابان مجرد توازنات قوى في المنطقة في العموم ارى الكتاب ضعيف جدا علميا ربما هو مجرد تأريخ عام ربما كل ذلك ببسبب أنه تم تجميعه من محاضرة محاضرات لتشومسكي ولم يكتبه بنفسه لأنه على خلاف ذلك يجدي التنظير إثبات النظرية بالتاريخ,negative
أرى انها ليست مجموعه قصصية بل شعرت وكأن الكاتب يعطي امثال ليوصل الي القراء بعض التعريفات عن امراض نفسيه ثانيا لم اعجب بفكره الدكتور الذي يجوب العالم لانه الوحيد القادر على حل القضايا الغامضه الدكتور الخارق ثالثا لم اعجب بفكره سهوله وسرعه حله للقضيه مما جعلها تفقد عنصر التشويق والاثاره والغموض رابعا عند قراءتي اشعر وكان هناك شيء ناقص في اسلوب الكتابه يجعل من الفكره الجميله فكره جيده خامسا النهايه حين اخبره انه قتل فهل علم انه سيقتل قبل ان يقتل وذللك لانه الدكتور الخارق ام ماذا,negative
أرى ب عينيك إمتداد ملامحي و بين أصابعك ألف إعزوفة تراقص مشاعري و تحتضن ترآنيمي,positive
أريد أن أقول لك انك احسن فناني الراب أنا أحد المعجبين بك و اتمنى ان توفق مي مسيرتك الفنية,positive
أريد أن تصبح قناتي هيا مورد رزقي لا تبخلوا عنى بالاشتراك,positive
أريك وأعرف أني اريد المحال,negative
أزعجني عدم وجود أسماء لأبطال الرواية وعدم ذكر أسماء للقرية المخيم وللبلد الذي يسكنه الحبيب تحوي الرواية الكثير من التشبيهات والوصف الرومانسي الذي أثقل القراءة تداخل الوصف عن شخصيات مختلفة في نصف الأحداث المهمه يشتت القارئ حسب رأيي قصة الصحافية غير جذابة بالنسبة لي أما قصة يافا تبت بطريقة جذبتني أكثر لكنها بالنهاية قصة مكرره أحداثها متوقعه جد يعطيك العافية نبال سأستمر بقراءة أعمالك لانه إيه في أمل بشبابنا الفلسطيني تحياتي,negative
أزلام التجمع المنحل ليس لهم مكان لا في الحاضر ولا في المستقبل,negative
أزللع الجيفة يا قرودة,negative
أسئلتك ياسر تافه و ماتعرش تحاور الضيف ننصحك إخدم الأسئلة بالباهى قبل ما تبدا الحلقة,negative
أساطير أين أنتم,positive
أسال نفسك كم واحد او واحدة نقذتهم فى عمرك كله كم هل نقذت ذات يوما يتيم أرملة تربى ايتام رجل عاجز عن العمل جائع مطلقة معيلة مسكين,negative
أساند الدكتور لطفي لمرايحي شخص محترم ونزيه و الأهم فاهم وحامل لمشروع رئيس جمهورية بإمتياز,positive
أستاذة أعطت دروس لعبيد الجاه و المال,negative
أستاذي العزيز تحية اكبار و تقدير من تلميذتك الترشيحية بالمرسى,positive
أستاذي العزيز سعيدة جدا لرؤيته من جديد تصلك هذي التحية من إحدى ترشيحيات المرسى,positive
أستاذي العزيز في مدرسة ترشيح المعلمات بالمرسى آخر دفعة لنا معه أجمل الذكريات متعة كانت حصصه,positive
أستطيع أن أعتبره مقال طويل جيد جدا ليس كتابا بالمعنى المتعارف عليه كلام تم كتابته بصدق في حالة غضب كان من المحتمل أن يصبح أكثر عمقا أهميه لو صبر الكاتب بعض الوقت قبل نشره أعطى لنفسه فرصه أكبر للأستفاضه التعمق طرح نماذج فعليه من المناهج الدراسيه عمل مقارنات علميه بينها بين الوقائع كذلك مقارنات بين أسلوب ما يدرس في مراحل بعينها مع بلدان أكثر ناجحا في هذا المجال,negative
أستغرب لماذا في اوروبا تقول ما تريد او تتبع ما تريد شعوب تركت هاذه الترهات منذ زمن و العرب مازلو يتناقشون عن شخص فعلة مسرحية سبحان ربي هل الملة هل عقولهم متوقفة ام التركيبة الجينية متبدلة عند العرب,negative
أستغفر الله العظيم,negative
أستغفر الله العلي العظيم من كل ذنب وأتوب إليه,positive
أستغفر الله عدد ما كان وعدد ما يكون وعدد الحركات والسكون,positive
أستغفر الله يا لطيف مصيرك تروح منها ألمانيا في صندوق,negative
أستودعتك مستقبلا لاأعلم خفاياه ولكني أعلم أنك خير مدبر و خير من أودعت له الودائع فاجعل القادم أجمل مما مضى يا رب العالمين يارب,positive
أسد وسط قطيع من النعاج,negative
أسرح ف بآلي والآقيك مععآي حتى تفكيري يآ وليفي غزيته,positive
أسر عليك عتبا ليس يبقى وأضمر فيك غيظا لا يبيت وما ردي على الواشين إلا رضيت بجور مالكتي رضيت,negative
أسطوري,positive
أسطوري,negative
أسعد إنسان هو من لا ينتظر شيئا من أحد إلا من الواحد الأحد,positive
أسعد الله صباحكم بكل الخير والحب فلسطين أون لاين,positive
أسعد فالك يا رجل,positive
أسعد يا الله كل من مر على دروبنا و ما ضر إن هو باق حتى اللحظة أو قد رحل,positive
أسفي على بلدي هل أصبحنا في زمن نناقش ما حرمه الله,negative
أسقاط سمعة الآخرين لن ترفعك,negative
أسقط ملة,negative
أسقط ملة و أنذل ملة و عمرهم ما كانوا توانسة,negative
أسقط منكم مفماش,negative
أسقط وأتفه وأغبى طحان وقواد وصباب ومرييض في البلاد زاايد الحجرة ماتذوب والم مايتوب,negative
أسقط وأرذل خلق الله هم أنتم يا حزب النهضة,negative
أسلوب احلام المستغانمي رائع جدا بس للأسف اتكرس بالقصص التافهة ذات الاسم الجاذب كنت بتمنى اقرأ ارقى من يلي قرأته بصفحات رواية الأسود يليق بك وصلت لربع الكتاب ولعت نفسي عنجد شي مسف انو هيك اسلوب داخل هيك روايات,negative
أسلوب الحياة المفترض كن صديقا للقليل ولطيفا مع الجميع,positive
أسلوب الروايه شيق جذاب بدون تطويل او ملل استخدمت اللغه العربيه برقي مهاره من الكاتبه أسلوب التعبير ووصف المشاعر الأحداث مميز مثر طريقه عرض الاسلام الدعوه اليه راقت لي لامست قلبي ترابط الاحداث العلاقات المتشعبة بين ابطال الروايه أعجبني القصه متقنه مثره في مشاهد عديده قد أعاود قرائتها مرات مرات اعجبتني رسائل ندى لاحمد في غيابه جلبت في مدامعي لعل رسالتها له الأخيره بفستان زفافها اللي بدأتها حبيبي احمد كان لها النصيب الأكبر من اعجابي كما اعجبتني اليتيمه ريما في كل مواقفها اقشعر بدني لشهادتها في سبيل الله التي طالما تمنتها التي لم اتوقعها في الروايه الي ان تفاجئت بها اجتمع لدي احساسان الاول هو الألم لفراقها الثاني هو الفرح لنيلها أعلى الدرجات مالم يروق لي هي المبالغات الغير واقعيه في بعض المواقف بالروايه مثلا فقدان احمد للذاكره ثم عودتها بشكل جزئي ثم بشكل كامل شعرت ان فيه خياليه كبيره لا تتفق مع الواقع ايضا اسلام الكثير من يهود القصه شعرت معه بالمبالغه الغير حقيقيه أيضا النمط التقليدي للروايه اضفاء المثاليه لبعض الأبطال شعرت فيه ببعض المبالغه ايضا احد فصول القصه جاء في غير موضعه وهو الفصل الذي مزقت فيه ندى صور حفل خطبتها جائتها سماح مع طفلتها ريما تحدثا في أمر خطبتها لحسان أثار لدي موضع هذا الفصل بلبله جعلني في حيره كما افسد عليا مفاجئتي بعد ذلك عند ارتباطها بحسان كنت أفضل ان تسير القصه بتسلسلها الزمني للأحداث بالترتيب غير ذلك بشكل عام الروايه جميله مسليه مثره أنصح بقرائتها يكفى انها اسرتني عزلتني عن عالمي أنستني مسلياتي بين أسطرها,positive
أسلوب تركي ساخر ولطيف,negative
أسلوب رائع لغة رشيقة وعميقة في آن واحد القصه عادية لكن الكاتب استطاع أن يقولها بشكل غير عادي ورائع وفي اعتقادي هذا ما يميز الروائي انه يجعل من الحدث العادي حدث عظيم التشويق عال جدا,positive
أسلوب سرد ممل وتافه جدا جدا حاولت اكمل قرآئتها بس عشان محكمش عليها غلط للأسف حتى بمفآجأتها مملة كاتب لايفقة بالكتابة شئ بصراحة نجمة كتير جدا عليها جبتها بس لنهاية الرواية,negative
أسلوي رائع في جذب القارئ وكأنك محاضر وتعيش جو المناقشه منذ بداية الرواية توقعت انه شخص واحد فقط ولكن النهايه غير منطقيه واللغه العاميه اثرت على تقييمي للروايه على الرغم من ذلك فهو عمل مميز,negative
أسمعتم ماذا قال شقنوس ما معنى هذي الكلمة,negative
أسمعني مليح مليح حومتنا و برشا حوم كيفها في تونس الكل أنتوما الدولة بفسادكم و سرقة الشعب و حبكم لكراسي موش محبة في خدمة بلادكم و شعبكم أما محبة في سرقة مال الشعب بالحرام و الرشوة و قصورات و كراهب و فلوس بالمليارات في البنوك خليتوها هكة أما لزمكم تعرفو حاجة مهمة برشا سياسيين الكل هذي فلوس حرام وكلتوها لنساءكم و أولادكم توا تشوف في آخر مرتك و ولدك ثمرة حرام إلي وكلتو ليهم و أثناش مليون تونسي سرقتهم باش يأخذو حقهم من لحمكم قدام ربي طير توا فرعن و كول حرام و اسرق و اظلم و الفلوس إلي عملتوها بالسرقة قدام ربي بكلها ما تجيبلكش حسنة ولي فرعون آخرتك موت أول ما تهبط من قبر تبدى نار جهنم شاعلة فيك قدام ربي نار جهنم تستنى فيك تقول يا ريتني عشت ميت بالشر و فقير و لا تعديت على الناس ولا ظلمت ولا سرقت حرام رانا ضياف في هل الدنيا فعلك باهي هو الوحيد إلي باش تلقاه كان دامت راهي دامت لفرعون و جبروتو و هامان و كنوزو خوف ربي موش كلمة تقولها على خاطر كي تقبلو و انت عايش في الحرام باش تموت من رعب عذاب و حاجات إلي تشوفها يوم القيامة,negative
أسميتك من جهلي وطنا ونسيت ان الأوطان تحتل,positive
أسهل حاجة يتهم العباد بالباطل,negative
أسوء ما في الديموقراطية تجبر البعض على إلاستماع إلى بعض الاغبياء,negative
أسوء من الفراق أن تبقى قريب ولكنك غريب,negative
أشباه الرجال هم من يتطاولون على النساء ويرتجفون من حتى ابداء رايهم امام الرجال حتى لايبطش بيهم انهم اشباه الرجال,negative
أشبعني قربا غدا سيأخذني القدر دون أن أودعك,negative
أشبعو صتايك يا قناة المخور,negative
أشبيه ماسط هاك إيقول لشكيب نهضاوي علاه ما يسألش لعماري أشبيه من النداء,negative
أشرف واشجع سياسية في تونس,positive
أشعارو بسيطة وواضحة متل أناشيد الأطفال ما بتعطيك مجال تسرح بخيالك ما بتاخدك لبعيد ما بحب هاد النوع من الشعر,negative
أشعر بما تشعر به دون أن تتحدثوكأن إحساسنا واحدوكأن مالنا قلبين,positive
أشعر وانا معك بأن لاشي مرئي وان الوقت كذبة وبأن الكون لنا وحدنا,positive
أش عندك شفت نفق باب عليوة زوز ميترو ماء ارتفاع على سكة وشعب يخلص تيكي ويمشي على ساقيه شطر طريق ولموش قاص يشمتو بيه ويضربوه ويجبولو لحاكم ويعملولو خطية فقط لقشيات مسكرين وكتقلو مسكرين يقلك برى قومو مدار الله يهلكهم دولة لفساد ولأرهاب ولمرتزقة وشعب يخلص,negative
أشك في وطن يدعونه وطنــي لو كان لي وطنا ما كان إعنات ولا قضيت حياتي فيه مــغتربا ولا سجينا ولا عيشي احتمالات لا لست وحدك في سجن فأكثرنا حرية من تشي عنه المـلـفـات سجن وقيــد وتحقيق بلا تهم ومحكمات وقمع واعتقالات حرية الرأي والتعبير أقـنـعـة والأمن ثوب توشيه الدعايات أيمن العتوم أول لقاء بيني وبن توفيق الحكيم واستطيع ان اقول انه كان لقاء حميد أولا وقبل أن ابدأ بمراجعتي المتواضعة ارسل رسالة شكر لأصدقائي الذين نصحوني بقراءة هذا الكتاب وايضا الذين نصحوني بقراءة ملفات الحكيم والآن عرفت سبب المدح الواسع والشهرة التي تلقته هذه الرواية التي تعتبر اكثر روايات الحكيم ترجمة ونقلا الى الدول الغربية الريف المصري مكان السحرة والمشعوذين مكان استرجاع جينات الرجل العربي القديم من وأد وقتل واستباحة اعراض الى آخره من الامور المثيرة للقشعريرة هو المكان الذي لم أتعرف به الا قليلا هنا وهناك من المسلسلات وبعض الافلام المصرية التي ما برحت تخيفني بعواويل النساء وشوارب الرجال الضخمة التي كانت تصيب الجنود الفرنسيين في مصر والشام بالزحار والدوسانطريا من شدة سواد العيون واتقادهما وشدة رجال هذه الارياف ونسائها يمشي بنا الحكيم في روايته هذه في رحلة قدرها احدى عشر يوما بين النو اب والقضاة والمدراء والمخافر والمحققين ونواب القضاةو وو هي رحلة لو عشت تفاصيلها فستكون مملة قاتلة اطرحوني ارضا ولا تبتلوني بهذا النوع من التعقيدات ولكن بقلم توفيق الحكيم هي رحلة صادقة ذات معنى لها دلالة يجب أن تصل اليك فبين معضلات القضاة تخرج فكرة وبين عوائق القانون تنبثق للكاتب سريرة واستحالت مهمتنا كقر اء أن نرى ما كان يقصده وهي مهمة غير صعبة لأن الكاتب قدم لنا قصة روائية طيبة المذاق كبيرة الفكرة بسيط تقديمها وبالرغم من أني اعجبتني الرواية كمجمل الا انه احزنني ما بداخلها من احداث كيف تحول دم الناس رخيصا الى هذا الحد كيف كلنا نعرف هذا الصندوق وهذه المتطلبات التي تصادفنا عند تحميل أي برنامج ولكن هل تساءلنا يوما ماذا تحتوي هذه المتطلبات هل تعلمون ما قد يمكن أن تفعل بأجهزتنا وبرامجنا الجواب اكيد لا لانه بالطبع لا احد لديه وقت لذلك ويبقى السال ما هي علاقة ما ذكرته بالكتاب ذكر في الكتاب قصة أو عدة قصص لأناس محكوم عليهم بجنايات ومحاكم لارتكابهم جرائم حسب القانون فالمواطن الريفي البسيط بين يدي القاضي سوف يسمع كلاما عجبا وهل تعرفون ما هي جريمته أنه اكل من حصاد يده لانه لا يجد خبزا في بيته ليقتات منه هو واهله وهو لا يعرف حتى ما هو القانون حتى يعرف ما هي عقوباته وهنا تقبع اهم فكرة في الكتاب ما هي اهمية الحكومات في حياة الفرد هل تحولت الى نقمة بدلا من نعمة وهل هي كانت بالفعل كذلك نعلم أن كل حضارة شي دت لتنظيم حضارة الفرد ولكن هل استحالت الى كسر ظهر الفرد وسحب قواته بدلا من تنظيم حياته ويلفتنا توفيق الى كلمة مهمة حيث يقول لماذا تريد أن يكون الحال في القرية غيره في الدولة وهل القرية الا مصغر للدولة وبهذا اختم كلامي هنا وأظن أن رسالة الكاتب وضحت وما بقي الان أن تقروا صفحات من هذا الكتاب كي تكتمل في الصورة ما اردت أن اشرحه ولي كمل في ذهنكم ما كنت بانيه لقاء موفق مع توفيق نجوم كافية على ما أظن,positive
أشكون ها العبيثة هذي زادا,negative
أشلاء عشق من حنجرة الذاكرة,negative
أشياء نعلمها ولم نعملها نعلم ان من صام يوم في سبيل لله باعد الله منه جهنم مسيرة مائة عام ولم نعملها وكم ايام تمضي,negative
أصبت اللغة العربية بإحباط,negative
أصبتم الشعب بوجع القلب فلا متعكم الله بما سرقتم,negative
أصبح الأمر غريب جدا ولا يحتمل أكثر من ذلك يارب,negative
أصبحت تستضيف من تراهم في بلاتو برهان عسيس أتفه و أرخص شخص هذا المسمى فريد الباجي الصافي سعيد يستحق كل الأحترام كذلك سيف الدين,negative
أصبحت لدي قناعة تامه بأن أي كتاب يسبب ضجة إعلاميه فهو لا يستحق القراءه أبتداءا من حبكة القصه حتى الأحداث الغير منطقية لا أعلم ربما هو أستخفاف بعقل المتلقي شعرت بأني أشاهد فيلم ردئ وأكملته على مضض,negative
أصبح عراف بيل غيتس,negative
أصبح مهرج مسكين,negative
أصبحنا وأصبح الملك لله آخر فاينل الله يسهله,positive
أصبحنا وأصبح الملك لله الله يوفقني ويوفق كل نفر فيكم قولوا أمين,positive
أصبحنا وأصبح الملك لله لا اله الا الله عليه توكلت وهو رب العرش العظيم صباح الخير,positive
أصحاب الأصفار على الرؤوس ماذا تنتظر منهم غير البهامة,negative
أصحاب العقول في راحة أنا كان جيت في بلاصة صبري عمري أربعة و ثلاثين عام و ناخذ مصروفي من أمي نوزنها بعقلي و نقول خليه عمي ياخذ الزوز هكتارات و نصف و هات نقسمو الباقي و خلي نطوي صفحة الماضي و نبدأ حياة جديدة بالفلوس إلي باش تجيني من الورثة و نعمل مشروع و نبذل فيه فلوسي و جهدي و وقتي لعل نوصل نولي كيف عمي أو أغنى من عمي العم ماهو خاسر شيء إذا الأرض تقعد موش مقسمة لكن صبري العمر يجري بيه و هو واقف في بلاصتو و يملأ في الفراغ متاعو بالحديث على ظلم عمو للناس إلي يهزو و يجيبو في الكلام بين صبري و عمو,negative
أصحاب المصحات الخاصة أكبر منحبلين ومصاصين ديماء المرضى حسبنا الله ونعم الوكيل فيهم,negative
أصدقائى الأعزاء كل عام وأنتم إلى الله أقرب وعلى طاعته أدوم,positive
أصعب الحروب حرب الإنسان ضد عاداته السيئة,negative
أصعب شيء أنك تجبر نفسك على وضع حدود لكلامك مع ناس كانوا الأقرب لقلبك,negative
أصعب مواقف الحياة ان تجد نفسك مرغما على تجاهل اشخاصا كانوا في يوم من الأيام أجمل إهتماماتك,negative
أصلا أحلى طفله و أحلى من يتحلطم أنا,negative
أصل الثعلب في العينين و العينين في الدهن,negative
أصل الفكره حلو حقن للدماغ بس التطبيق ضعيف بنفع يكون جزء من مدونه لأنه صعب تعتبره كتاب خاطره نكشه مخ معلومه صفحه,negative
أصلا مرات الانسان يغلط في اختياراتو وماراهوش معصوم جل من لايخطئ ربي معاك لان محكمة الانسان ظالمة ويعلم غير ربي بالعبد,negative
أصل ماعندوش منطق و ما يعرفش يحكي,negative
أصيلة بنت أصيلة لقد رويت قصتي بالفعل تحية إكبار و إجلال اختي,positive
أضرب أضرب يا بوغلاب روعة,positive
أضرب ما زال يتنفس,negative
أضرب و لاباها مازال يتنفس,negative
أضرب يا دكتور,negative
أضهرتم كره وحقد وهناك من تمنى الموت إلي هيا أصعب إمتحان في الدنيا تتمنون الموت إلي من يخالفكم يالطيف إكره لكن لا تتمنى الموت فإنها مصيبة تصيب أيه كان اللهم ليس لكم دين,negative
أطفو فوق بحر كلماته كحلم كلمات بسيطه عميقه المعنى قريبة من النفس هو جبران وكفى,positive
أطلبوا الرحمة و أكثروا من الإستغفار,positive
أطول زبور ام شهرين في العالم,negative
أطيب ناس,positive
أظن انه بعد المناظرة هذي نبيل القروي في حد ذاته انتخب الاستاذ قيس سعيد,negative
أظهر و بان عليك الأمان يا انبطاحي يا فاسد,negative
أعان الله شخصا فقد الكثير و لا يزال يبتسم,negative
أعان الله شخص فقد الكثير ولا زال يبتسم,negative
أعتقد أن أمين معلوف كان طوباويا الى أقصى حد في هذا الكتاب بمعنى أنه حل في خياله وأمانيه بعيدا وأنشأ مثلا بعيدة كل البعد عن الواقع وفي السياق الذي يتحدث عنه الكتاب لا بأس من بعض الطوباوية الكاتب نفسه لا ينكر خلال الكتاب أنه يسرح قليلا أو كثيرا في خياله لكن تحليله الحالم للأمور وأمنياته الوردية في عالم تخف فيه حدة الصراعات التي اعتبرها صراعات على اساس الهوية وهذا باب واسع للنقاش والجدل لا تتحقق كما يرى هو أمين معلوف أرجع السبب الى العولمة ومشتقاتها ومنتجاتها لكنه أغفل السبب الرئيسي ومر عليه على استحياء السبب الرئيسي في صراعات العالم خاصة العالم العربي الاثنية العرقية هو الاستعمار والاستعمار والاستعمار وأي أسباب أخرى هي مفرزات لهذا الاستعمار الاستعمار هو الذي يذكي التفرقة بين الاثنيات والاعراق واللغات المختلفة كي يبقى مسيطرا تطبيقا للفكرة الأبدية الصواب والمفرطة البساطة فرق تسد لا يشعر الم ست عم رون بالكراهية نحو أميركا لانها فرضت عليهم لغتها وثقافتها نتيجة العولمة بل لأنها قبل كل ذلك استعمرت أراضيهم وشردتهم منها واقتسمت أرزقاهم وثرواتهم وأقواتهم لو كانت مشكلتنا العولمة لكانت الصين وأهلها أكره شعوب الله على قلوبنا الفكرة التي افتتح بها الكاتب كتابه في أن الانتماءات هي حصيلة مجموعة كبيرة من الانتماءات الصغيرة هب فكرة لطيفة جدا وختم الكاتب بفقرة لطيفة أيضا وتوضح لأي حد يغرق الكاتب في أحلامه الصادقة النوايا في عالم خال من الكراهية والتعصبات حين تمنى أن يقع الكتاب في يد حفيده بعد أعوام ويتعجب متندرا من الصراعات الهوياتية التي ألزمت جده أن يكتب كتابا حولها,negative
أعتقد الجزء الأخير في حياته بعد ما هاجر كان هو اللي مهم يتكتب وبشكل عام هو كان بيحكي كأنها حكاية أكتر منها خبرة حياتية,negative
أعجبتني إذا كان شق تمرة يبعدنا عن النار وصدقة تطفئ غضب الرب فلماذا نظن أن الجنة بعيدة مساء الخير,positive
أعجبتني جدا جدا جدا رواية خفيفة وافقت توقعاتي لغة الكاتب جميلة وجدت ان طولها مناسب لاحتياجي منها كانت مدروسة بشكل متزن حتى أكاد لا اصدق انها روايته الأولى تسلسل الأحداث ابقاني مستمتعة وأجمل ما فيها صدق مشاعر الكاتب في وصف لهفته في التعرف على وطنه ولغته الأم بعد أن اشتد عوده واستمتاعه المقنع بكل تفاصيل مدينته أسمرا يصفها كأنه يحكي عن باريس في موسم رأس السنة وصفه لجميع الشخصيات المشاركة في روايته باحترام وحب واضحين لم أمانع الجرعة المخففة من قصة حبه لسمراويت بل شعرت انها جاءت كضرورة لإتقان الحبكة احببت اقتباساته تنويهاته لبعض الشخصيات السعودية المعروفه بصريح اسماءهم ظهر جليا ولاءه كذلك للسعودية وطنه الثاني وجدت انه كان معتدلا في طرح آراءه السياسية سأسعى بالتأكيد لقراءة روايته الثانية مرسى فاطمة,positive
أعجبتني طريقة سرد الموضوعات بطريقه مقاليه أعطت نوعا من الخفه والسرعة للقراءة الموضوعات أتت تقليديه بلباس عصري وثوري ناقش فيها الكاتب كثيرا من مشاكلنا الحياتيه والنفسيه بشكل فلسفي سلسل قريب لذواتنا وملازم لعصرنا الكتاب يثير فيني حب التمرد على كل ماهو روتيني او نمطي ويدعوني في الوقت ذاته للبحث عن جوهر النفس البشريه من خلال عطائها وابداعها قراءة ممتعه للجميع,positive
أعجبتني في لخر معلم,positive
أعجبتني لا تقهر احدا لكي تسعد نفسك ولا تظلم نفسا لتبرر أخطائك حاول دائما أن تبني سعادتك بعيدا عن مايؤذي الناس صباح الخير,positive
أعجبني النجم يبحث عن مدار ماذا أصابك يا وطن ولدى تحفظات علي بعض الألفاظ المستخدمة بعض ما أعجبني من باقي القصائد هل آن للقلب الذي عشق الرحيل بأن ينام دقيقة مثل الصغار هل آن للوجه الذي صلبوه فوق قناعه را بأن يلقي القناع المستعار فأنا غريب فيك لا أمل لديك ولا رجاء الآن صدرك في عيوني أضيق الأشياء الآن وجهك في عيوني أصغر الأشياء الآن قلبك عن عيوني أبعد الأشياء فوق الروس على الأعناق نحمله ين الجوانح فى الأعماق نـ بقيه,negative
أعداء الثورة هم وراء هذي الجرائم والحراءق المفتعلة الغريب أنهم معروفين تونس الخضراء ستبقى خضراء حماك الله يا وطني رغم أنف الأعداء,negative
أعداء تونس اصبحوا يظهرون في الاذاعات ولا يخفون مواقفهم وإعاقتهم للتنمية و الحلول في واقع لا لومة عليهم اللوم على كل مواطن مشارك في جريمة تنصيبهم أو انتخابهم الرجاء منكم الإبتعاد على المنظومة القديمة في الإنتخابات القادمة نهضة نداء و كل ايتامهم وشكرا,negative
أعدائنا الترجين تشمتوا فينا كي تعدينا بأزمة مادية عمرنا منحبوهم يهود,negative
أعز حاجة الروب فتوق ياسر جريئة,positive
أعز و أحلى و أحسن,positive
أعز و أحلى و أحسن ممثل قداش يعجبني و يضحكني لطفي,positive
أعز وااحد,positive
أعشق كل لحظة معه في يومي ابتداءا من صحياني الى وقت منامي,positive
أع طني رأسي لكي طيك صو تي أع طني صو تي لكي طيك صم تي أع طني صم تي لكي طيك مو تي أع طني مو تي كفاك الله شر وكفاني شر تض ييعي لوق تي بين عي ليس يم ضي ووفاة ليس تأتي الحائط يحتج أطل أح جاري الأس رى واجعل ها أس لحة رى شي بتفان يها واصن من ها مج واكت بهز يمتها نص را يا من ته من مأ ساة لت وذ بمأ ساة أخ رى واجع ني النملة قالت للفيل قم دلكني ومقابل ذلك ضحكني وإذا لم أضحك عوضني بالتقبيل وبالتمويل وإذا لم أقنع قدم لي كل صباح ألف قتيل ضحك الفيل فشاطت غضبا تسخر مني يا برميل ما المضحك في ما قد قيل غيري أصغر لكن طلبت أكثر مني غيرك أكبر لكن لبى وهو ذليل أي دليل أكبر منك بد العرب وأصغر مني إسرائيل,positive
أعطني رأيك بسرية تامة و صراحة,negative
أعطيتها نجمتين تجلت عظمة الكاتب في أنه حافظ على جو النكد واليأس طوال القصة شبكة من النكد وحتى في الك وى المشرقة راح الكاتب يخلل اليأس والعجز وانتظار الموت كما نتظر الأشياء الأكثر جمال في الكون صحيح أن الواقع السوري راح يظلم في السنين التي تناولتها الرواية بشدة إلا أن هذا لا يعني تناول هذا الظلام عبر تلك الأسرة بالذات إن الواقع لم يحطم أحلام الأسرة لأنها أصل بلا أحلام وبلا أخلاق وبلا أي شيء وربما الزاوية الواقعية كانت زاوية الرجل الذي قال الجملة إياها التي اختارها الكاتب عنوان ذلك لأنه خسر كل شيء ولاحت له السكين كحل أخير لا يمكنني الحكم أكثر من ذلك لأن سحابة الغم الذي ولدتها هذه الرواية لا زالت تظلني,negative
أعطي موقف واضح يا جبان,negative
أعطينا اسم الباج يا حمزة,positive
أعطيني نيميرو تيعك لباس noir xl blanc,positive
أعطيه حقو و آش دخلك ينظف ولالا ياويلك من الله ياظالم,negative
أعطيه مزل يتنفس,negative
أعلاش ماعاتش إتهبت فيديوات معناها انتوما سكرت إشان,negative
أعلام العأر و والعاريات يبقى ديما في نفس السياق,negative
أعلام العار زايد إلي فيه طب عمرها ما ونخبة تفوه,negative
أعلاه النهضة وينهي ولا هيا باش تتعملكم رودسكور لوقت الحاجة مافيكمش أمان لاعهد لا ملا تحلف الخراب تحالف اللا ا خلاق تحلف قلة الخير تحالف أن لا تقوم قيامة للبلاد إلي خلاتهولكم عبير كملهولكم قيس اقعدواشطحو على طار بو فلس,negative
أعمارنا في الثلاثين وأوجاعنا تجاوزت المسنين,negative
أعمل إستفتاء في تونس شكون محبوب أكثر في يا ولييد لطفي سيدك نسيت شنوا عملو نظام سابق بسي لمين نهدي,negative
أعمل جاام,positive
أعملو كيما تحبو,negative
أعوان الأمن تلفق في قظايا يسيرو في البلاد كيما يحبو من قبل الثورة ما تبدل شيئ كرهونا فها البلاد,negative
أعود بالله منها و من أمثالها,negative
أعوذ بالله,negative
أعوذ بالله,negative
أعوذ بالله من الشيطان الر جيم,negative
أعوذ بالله من الشيطان الرجيم,negative
أعوذ بالله من الشيطان الرجيم,negative
أعوذ بالله من شعور النفس الحزينة وخيبة القلب المخبأة وصمت الأحاديث والعتب الظاهر في العين وعجز الفعل واصطناع الحال بغير ماهو عليه,negative
أعوذ بالله من شياطين الإنس,negative
أعوذ بالله من صناديقيك يا رجل الا تعرف ان القمار حرام وتتحدث عن الفقراء أنتم من سرقتم أرزاقهم,negative
أعوذ بالله من غضب الله أمشي أسترو أرواحكم قالت مثماش ريحة رمضان,negative
أعوذ بالله من كل شيطان رجيم,negative
أعوذ بالله من كلمه ألقيها لا ألقي لها بالا فتترك أثرا,negative
أعوضو بالله منا الشيطان الرجيم,negative
أغبا صحفي في علم خوتو في حيونات ماكنش متشرفش تونس أنا جزائري ربي يحفظكم,negative
أغبى شرطة في العالم,negative
أغبى مداهمة و الله ظحكتني الشرطة التونسية,negative
أغبياء اكثر الناس خبثا ودهاء برشا بارادوكس وأصلا هذا لا يعد شعر لانثر ولانظم ولاروي ولاقافية الحاجة الوحيدة الباهية فيها أنها تحمل قضية لاغير قلك شاعرة,negative
أغلبهم تونسين,positive
أغلبية الشعب أصلهم خماسه عند سيدهم الشيخ بني هلال جبوره وبهايم,negative
أغلبية الشعب مع قيس سعيد رئيس الصدفه وبرا هكاكه برا هكاكه,negative
أغمض عينى أشوف صورتك تجينى فى المنام واقول خيال اصحى الاقيك,positive
أغنية أكثر من رائعة,positive
أغنية الوحيدة قد ماتسمعها تحب تزيد تسمعها شكرا على هذا الابداع yuma,positive
أغنية رائعة وكلمات خفيفة و أنا كجزائري استمتع بالاغنية ونسمعها كل ساعة الصراحة تعمل جو أما الفنانة فهي غاية في الجمال وتشبه الفنانة ليال عبود,positive
أغنية رائعة و معبرة جداا,positive
أغوشي يا أغوشي بين نبض الحياه محاذاه الموت الذي حاولت الكاتب ان يصوره لم استطبع ان أرى أكثر من قوادات متمرسات بالدناءه عاهرات عذروات تسليه محزنه شيخوخه صدئه محاولا عبثا إرجاع الشباب بمداعبه جسد فتاه نائمه كضريبه رخيصه لما مضى,negative
أفارقة سحره وأكثرهم ايدز,negative
أ فاكيو,negative
أفسد صورة البرنامج نهضاوي منافق يسطاد في الماء العكر يا حسرة على مايا شتان بين الثرى والثريا,negative
أفضل استخدام لهذة الرواية العظيمة جدا هي كمضاد للأرق ممكن تنام من تاني صفحة,negative
أفضل الناس يوم القيامة الحمادون كثيروا الحمد فالحمدلله من قبل ومن بعد استشعرها وأنت تنطق بها الحمدلله,positive
أفضل مثال على بنات الاحياء الشعبية الوسخ و الخماج وهاذيك ملا وجه عندها تاع تقول تخون نخون هه يا ربي هذوك العباد,negative
أفضل مرشح السيد عبد الفتاح مورو,positive
أفضل مسلسل تونسي على الاطلاق برافوو تحية من دزاير,positive
أفضل مسلسل عربي بدون منازع,positive
أفضل نهاية لعام حسن كغيري لم اعرف كيف اقيم هذا العمل هل لنا ان نقيم هكذا بطولة او حتى ان نكتب عنها نحن اكتفينا بالنظر الى البطولة في ابهى صورها اكتفينا بارتشاف قهوتنا حال قراءتنا لهذا الكتاب تخيل منظر البطل البطولة منسجمان معا ليس لنا الا ان نعطي النجوم الخمسة نصلي لله أن يوحد هذا الشعب ويحرره من السلطة والاحتلال اقتباسات من الكتاب فلسطين كل فلسطين ولاشىء سوى كل الكل فى فلسطين غدا سوف تأتى قطره زيت لكى تضىء سراج الاقصى وقنديل القدس فليس بعد القدوس الا القدس اما عيشه تتوجها الكرامه والعزه واما موته يقصد بها وجه الله عز وجل,positive
أفضل وصف مختصر للزعماء العرب,positive
أفف يا جبالي,negative
أفكر أن أنام لأهرب مني لكن أن أنام لا يريد هروبي إليه فلا يأتي,negative
أقسم بالله أجمل حصة تفرجتها ربي يحفظلنا جميع الآباء,positive
أقسم بالله أمسط منو لا ريت نحب نقلو حاجة و يتفكرها طول عمرو و الله لا عمرو باش ينجح في الفكاهة اخييت,negative
أقسم بالله أني بيني و بين نفسي كنت متوقع رونالدو يسجل هاتريك و أحتفظت بهالتوقع لي الحالي ياه يا رونالدو,positive
أقسم بالله ان لو من ناصر الخليفي لأقطع إرسال ال عن العالم كله,positive
أقسم بالله براافوا كلامكم صحيح ظلاام معنااهاا,positive
أقسم بالله عملتو ريحة كمشة شلايك,negative
أقسم بالله لحمي قشعر لا حول ولا قوة الا بالله,negative
أقسم بالله هذا فيديو مسرحية ولا أساس له من صحته أنها قنصولية ملصق علم تونس بالسكوتش في الحيط ومدعي أنه قنصل,negative
أقسم بلاه أنت ليتاح قدرد صاحبي أغزر لعيوبك لول,negative
أقعد لهنا شوية توا اهزوك الصبر يا ربي,negative
أقعد مع الجمهور باش منسمعوكش مرزنك عبد,negative
أقعدوا إخدموا على سنفارا و بية الزردي و سمارا و الرهوط إلي كيفهم,negative
أقل إثارة من الجزء الأول وأكثر بطئ وتكرار لمواقف وأحداث كتير,negative
أقوال مأثورة سيسجلها التاريخ العصفور الذي خرج من القفص لن يعود و لن يتقبل الفتات يعني الأستاذ قيس سعيد بهذه المقولة أن الشعب التونسي الذي خرج من قفص القمع و الدكتاتورية نحو الحرية و الديمقراطية لن يعود مهما كان الإغراء,negative
أقوال وحكم وخربشات,negative
أقول لك ايتها المرأة الحرة التونسية امراة كالف و ألف كاؤف بارك الله لكي فيما تقولين وأن شاء الله يسمعك كل العالم و يدون شعرك في كتاب من ذهب و الله يرحم كل من علمك و رباك,positive
أقول للناس إلي قالوا ملا راحة ياخي عمللكم حاجة ياخي كلا من قصعة بوكم عذب اماليكم اغتصب نساكم واخواتك قدام اهاليهم قتل إخوانكم وصبهم في عرصة متاع قنطرة نكل بوالديكم إلي عمل هذا لكل ما قلتولوش ملا راحة تتحصروا على اياماتو وماذا بيكم يرجع يحكمكم بالحديد والنار,negative
أقوى barachok من قدام النهضة و من تالي قلب تونس اخييت مرزنك,negative
أقوى تونسي ربي معاه,positive
أقوى جمهور,positive
أقوى دخلة يا لطفي خليها ديما,positive
أقوى عمل تونسي,positive
أقوى كلمة تقالت في آخر الحصة صبري أنا عندي ربي,negative
أقوى كلم قالها لكفن مفهوش جيوب فيه فعايل,negative
أقوى لقطة في الحلقة بصراحة ياسين,positive
أقوى لقطة كي قال الديواني إلي غلطني زميلك إلي ترشح للرئاسة شكون يعرف شكونو السيد هذا,positive
أقوى مسلسل,positive
أقوى واحد فيكم دماغ ومعلم,positive
أكان معيبا لك ان تحبني بقدر ماأحببتك,negative
أكبر الخيانات النسيان,positive
أكبر بلعوط في البلاد,negative
أكبر بلعوط و منافق,negative
أكبر حيوان نعلة الله على جابك,negative
أكبر خاسر في الحكاية هو المتفرج إلي يضيع وقت مهم من عمرو باش يشوف مثل هذا الأحمق,negative
أكبر سراق من غير معارف ما تعمل شيء الله تربح إلي كان سبب فيه,negative
أكبر طحان تونسي,negative
أكبر طحان حاكم,negative
أكبر طحان فيك يا تونس,negative
أكبر طحان هذا رضع في الحليب والله بوبه كان طحان كبير في تجمعو الناس كل تعرف في قابس وحنا من تشرفوش بيه فرخ ميبون تفوه,negative
أكبر طموحاتي أعيش ب سلام لا حد يأذيني ولا اضايق أحد مساء الخير,positive
أكبر عاهرة في تاريخ الفن التونسي,negative
أكبر عطاي في الكون,negative
أكبر غلطة عملها سامي الفهري,negative
أكبر فضيحة هو شيخ أما كان ينجم ينحوها لكلمة ولا يعملو تييت أما لعيب فيكم كيف تحب تصنصرو تصنصرو وكيف متحبوش متحبوش عيبب عليكم,negative
أكبر لحاسة في تاريخ تونس هه,negative
أكبر مصيبة حتى من الكورونا,negative
أكبر منافق و كذاب الرجاء الإستغناء عنه باش نرجعوا نتفرجوا في البرنامج,negative
أكثر اثنين يهلكون بعضهم بالفرح وأكثر اثنين فالهوى مغرمين,positive
أكثر العبارات خطورة هي نحن دائما نفعله بهذا الشكل ثاني أكثر عبارة سمعتها منذ أن عدت من البعثة الأولى كانت ا,negative
أكثر انسان متفائل في تونس,positive
أكثر انسان مقبول من قبل التوانسة,positive
أكثر حاجة خايبة في كلام الناس هيا ما يا القصورى و عار على تونس أتحداكم كان تعديو كلامى,negative
أكثر حاجة هيا تيح ونتي طلاح هيا شرط متاعك,negative
أكثر حاجه ندمت عليها إني ماتبعتوش رمضان عمناول عبد الحميد بوشناق مانجم نقلك كان راك phénomène ماكش عادي و الله راك le roi و إإن شاء الله الجزء الثاني يكون أحلى من هكة,positive
أكثر ما أبهرني في الرواية تعدد الشخصيات وبشكل ما أو بـ آخر رغم تعددها وأختلاف الأماكن والأزمنة إلا أنهم متصلين فيما بينهم بشكل ما رجل الأعمل نعيم والصحفي طلعت وجد نعيم ومدرس التاريخ ورجل الأعمال فاد وكمال وأبو بكر وعبدالله الممن والهرم الذهبي المغرب مصر لندن جد نعيم وزير خارجية إسرائيل الكثير الكثير من الشخصيات ولكنها متصله فيما بينها بشكل إحترافي تباعد الازمنة دمج الحاضر بالتاريخ الرواية كانت تشويقة للغاية ما يثير تفكيري عندما اقرأ رواية مثل هذه كيف إستطاع الكاتب ان يدمج كل هذه الأحداث والشخصيات بهذه الطريقة الفنانة لابد من ان الأمر يحتاج للكثير من المهارة لم تكن الرواية ركيكة ابدا مادة محترمة يستحق الكاتب عليها كل الإحترام,positive
أكثر ما يستفزك بكتب محمد قطب هو عناوينها هل نحن مسلمون لا يأتون بمثله هلم نخرج من ظلمات التيه كيف ندعو الناس مغالطات جاهليه القرن العشرين مفاهيم يجب أن تصحح يضع نفسه كمحلل لمفاهيم الناس ومعتقداتهم هذا يعجبه وهذا لا يعجبه قال الله وقلت أنا قال الله وقلت أنا الجميل بكتبه أنها ذات لغه صعبه وغير مفهومه ولكن دائما عناوين كتبه تكفيه هل نحن مسلمون لو كانت كتبه مفهومه لكنا نعيش بغابه ثم إن كانت مفاهيمه ونظرته للحياه تخرج الإنسان من ضيق الحياه لبحبوحتها فلماذ لا يمسك به الغرب ليخرجهم مما هم فيه ولماذا المسلمون الأغبياء لا ينفذون ما ينطق به ليرتاحون ويشعرون بالسعاده والطمأنينه هل نحن مسلمون هل هذا سال ينطق به ومحمد نفسه لم ينطق به ولم يأتي ليجبر الناس على الإيمان أعتقد أن فكره الأديان لم تعد مجديه بعصر العلم,negative
أكثر ممثلة تستحق تضهر في التلفزة,positive
أكثر وحدة في الدنيا تصور و تتأمل صورها انا,positive
أكرمني بعفوك وجد علي بإحسانك يارب الحرم المكي الشريف,positive
أكرموا من حولكم بابتسامة جميله وكلمات لطيفه اعفوا واصفحوا خلقنا لفترة من الزمن ثم سنرحل إلى دار الخلود دنيا فانيه,positive
أكره شي لما تمرض في السفر وماتتحرك من الفندق يوم كامل يا رب اخف,negative
أكرهك بقدر كرهي لكلاس الساعة,negative
أكيد المسخ ما يتحالف كان مع المسخ كيفو,negative
أكيد ما توصي يتيم على نواح,negative
أكيد ولد حرام معندوش عائلة هاالعون الخامج,negative
أكيد يقودهم المرخوف,negative
ألاف العباد قعدة تموت حسوبيهم وهاكم تخدمو في النهار وين المشكل,negative
ألا ينتابك هذا الشعور أحيانا أى شعور الرغبة في ألا توجد,negative
ألجبالي بصاص,negative
ألحت تلح الحاحا,positive
ألطف بنا يا الله الهم غيثا نافعا,negative
ألطف عليك الأحرار مساندينك,negative
ألطف ياارب,negative
ألطف يارب,negative
ألعب كيما تحب صحة ليك,positive
ألف ألف ألف صحة ماشاء الله تبارك الله,positive
ألف ألف ألف مبروك ماشاء لله بالتوفيق روعة ألف ألف مبروك ربي يهنيك نشالله,positive
ألف ألف مبروك,positive
ألفة بن رمصان فنانة و نصف أبدعت ثلاثة,positive
ألفة بن رمضان فنانة بكل المقاييس صويت ولا أروع وإلي محليها أكثر خفة روحها موش كيما بعض الفنانات إلي كل مرة تمرجونا بيهم,positive
ألف تحية ليك تستاهل كل الاحترام و التقدير مثال لازم الاباء يقتديو بيك ربي يقدرك ويخلي لك بنتك ويرجعلك ولدك ان شاء الله رغم قسوة الحياة عليك مزالك واقف و تقاوم و الله اثرت فيا بزاف نعمة الاباء ربي يحفظك لولادك ويخليك تاج فوق راسهم وان شاء الله علاء يعاونك و الشعب التونسي يوقف معاك لانك صح تستاهل ربي معاك,positive
ألف تحية من إحدى ترشيحيات المرسى,positive
ألف حمد و ألف شكر لك يارب,positive
ألف رجل في شعر و أغنية,positive
ألف شكرا ألف تحية ألف احترام ألف افتخار ألف رفع راس تونس بكي يا ابنت الأم التونسية ألف تشرف بمقلك الثقافي العالي ولا يهمك ما يقال ساسيا تونس ببناتها وحقك تحبينا اخوات تونس لأن فلسطين عروق العرب وحتى ولو قصصت الشجر العروق تبقى اسقوا العروق فا يوما تنذج وتثمر وتعيش تقديري واحترامي لكي غزالة ماجد,positive
ألف شكر لهذا السيد الذي وجب تكريمه عوض محمد الحامدي الذي لم يقدم شيء باقي ستة اشهر لم يقدم فيها أيه إضافة,positive
ألف مبروك للتوانسة تستحقون الديمقراطية شعب مثقف وواعي بالتوفيق للتوانسة و أتمنى فوز المرزوقي وان شاء الله تكون البداية تونس,positive
ألف مبروك وإن شاء الله ربى يوفقها,positive
ألف و أربعمياة و أربعة و أربعين سنة وهم مثل ذاك,negative
ألف و ثمانمياة و ثمنطاش وغيرها يكفي افريقيا كامله,positive
ألفين و تسعطاش شكون مازال يسمعها غيري,positive
ألفين و تسعطاش شكون يزيد bravo saif vive les sfaxiens,positive
ألفين و ثنين و عشرين ينتهي الوباء أنشأ الله في راسك يا الكلب في هذا التاريخ يمكون انقرض كل الباشر حسبي الله ونعم الوكيل فيكم,negative
ألفين و عشرين اخبط جام هه,negative
ألفين و عشرين بومااأاي صحيح أنا معلم كلاي في الكلاش أما بلطي رقم واحد,positive
ألفين و عشرين راهي جات الكرونا و ناكتنا افرح يا المرخس,positive
ألفين و عشرين سنة سعيدة و ألفين و واحد و عشرين سنة أسعد,positive
ألفين و عشرين سنه سعيده على مخلوف الحق هه,positive
ألفين و عشرين غير أنا هنا تحية لخاوتنا التوانسة من دزاير,positive
ألفين و عشرين لايك,positive
ألفين و عشرين لي مزال يسمعها جام,positive
ألفين و عشرين مانيش واقف هه,positive
ألفين و واحد و عشرين سنة سعيدة,positive
ألله لا تباركلهم ألله لا تربحهم,negative
ألم لا بد للقيد أن ينكسر ولا بد أن ظهور الجبابرة ستنكسر مشاهد تعذيب لا يحتملها إلا الجل اد نفسه يا له من جل اد لعين أي قلوب تلك التي يحملونها في ثنايا صدورهم المليئة بالأحقاد أو ربما العبودية نعم يا أحرار سوريا أنتم الأحرار في زمن العبيد ما أعتقد حد ممكن يقرأ الرواية ما يبكي ولو لمر وحدة بس ربنا يمهل ولا يهمل يلعن روحك يا حافظ,positive
ألم يقل لكم علماأ الأمة لا تخرجوا ظد زين العابدين وقلتم ثورة مباركة أنظروا ماحل بأهل توتس من فقر وظلم وتعدي وسرقات وغتصابات هل نفعكم موروا والغتوشي الكذاب وبعض الهاربين أثناء زين العابدين ندعوا رئيس تونس أن يجعل الأمركما كان أيام زين العابدين وان يحارب العلمانيين والملاحدة في توتس وانيجعل أئمة السنة في المساجد المهم الحذر الأحباش الذين يدعونأنهم سلفيين الحذر من دعاة الخوارج امثال الكلب بشير بن حسن الذي يسب ويشتم في اهل العلم والذي حرضظد بن على و اليوم لكم نظرة هل مازلتم تكافحون لاجل العلمانية و إياكم ان تتبعوا كلاب جهنم دعاة الخوارج يااهل تونس فقد راينا فيكم تبرج وسفور وعلمانية وكثير من المعاصي كما تكنوا يولى عليكم مقولة الصحابة في الرعية وربي يهدي حكامنا وولات امورنا وسلام,negative
ألهم أبعد عن أمي وأمك ثلاثا واحد التعب ثنين جهنم ثلاثة عذاب القبر,positive
ألي يتكلم هذآ داخل في منظومة تخويف الشعب كان سكت خير و هذا يسلب في الشعب في إرادته للحياة و الدفاع عن نفسه و هذي أبشع جريمة من طرف مسؤول,negative
ألي يحب ماجد يعمل لايك,positive
أما التوني ضرورية كسوة الخدمة لا زمة عندهم زوز كساوي في العام كاملين بالسو رية وصباط وينهم هو يعطيه الصحة الشركات مش قاعد تعمل في entretien du voie ferrée,negative
أما المذيع ظهرلي فيه متخلق خير من برشا عباد كانوا موجودين,positive
أما بعد فالله لا يخذل إنما يؤجل حلول رحمته لوقت يعلمه ولا تعلمه انت,positive
أما بية مسكينة جات تقلد في الطاووس ضيعت كل شيء وقعدت تقطع في حوائجها,negative
أما تونس طلعت كي هذيكة هيا لجات في مخك تي فرار أفهمها و من بعد أحكي أما hip hop يقلدو بالغالط تمشي بلوغت شقنوس تونس ما وراء الستار,negative
أما جانا من غير جبة نهار اللباس التقليدي,negative
أما شبيه متغشش,negative
أما عندها فلوس للزيادات في الأجور,negative
أم الزين,positive
أمان ما فماش هيئة ضد المساطة في تونس,negative
أما و الله لقد صدق من قالها اعلام العار وستظلون اعلام العار,negative
أمتعتني رغم أنها مكتوبة بشكل غير تقليدي ونمط السرد مختلف واشبه بمشاهد متقطعة خليط من مشاعر إنسانية تشعر بأنك تتفاعل مع اضطرابات البطل والبطلة قالت رامة قتلت التنين أنت تعرف في القصص القديمة قصص الحب العذري وغير العذري يثبت الفارس حبه بأن يقتل التنين ما يميز الرواية ثراها اللغوي وغناها بالصور التعبيرية المدهشة تركيبات الجمل تصنع لوحات مرسومة ومشاهد معبرة عن المعاناة والألم والصراعات داخل كل من االبطل والبطلة خاصة البطل الغارق في العشق حتى أذنيه استغرقت فيها وقتا طويلا حتى انتهي منها ورغم أنها تتطلب تركيزا ذهنيا عاليا حيث تتداخل الأزمنة داخلها فهو ينقلك من مشهد لأخر لتجد البطلة اصبحت السيدة المسنة ويعيدك مرة ثانية بحديث الذكريات إلى مراحل شبابها المبكرة ونضالها ضد الاحتلال والمقاومة ضد العدوان الثلاثي في بورسعيد أدهشتني قدرة الروائي العبقري على تشريح شخصية البطلة مشاعر البطلة الثائرة والعاشقة مشاعر الطفولة الكامنة داخلها لجوئها للحيلة والمكر احيانا لكسب حبيبها واستمالته واحيانا لدفعه عنها قال ميخائيل لنفسه أنوثتها الخصيبة هي سرها الوحيد الذي يبقي أبدا نعومتها وقد سكنت إليك قاع الموجة التي جاشت بعنف العشق وضراعته لحظة ثم هدأت وسوف تعلو بالزبد من جديد أبد الدهر وقال عن حبيبته وعن عشقه لها ليس في قصة هذا الحب ليس في قصة هذا الرجل لحظات سعيدة كثيرة تلك كانت لحظة سعيدة ما أندر لحظات السعادة وكم هي مضنية,positive
أمتعنا,positive
أمثال هذا الانسان هم كثرين في شمال إفريقية باعو وطنهم,negative
أمثال هذي التفاهة وجب سجنهم في سجن خاص بهم وسحب الجنسية منهم لأنهم عار على الجنسية التونسية,negative
أمر االه يقظيه االه,negative
أمر الله يقضيه الله,positive
أمسط إنسان عرفتو في حياتي,negative
أمسط خلق ربي,negative
أمسط مخلوق على وجه الكورة الأرضية و ما جاورها,negative
أمسط مخلوق في دنيا قعد كان يتشاخص على زوالي كيف يبدا بحذا صلاح مصباح يبدا يسلك فاها معاه,positive
أمسط منشط شفتو في حياتي,negative
أمسط من ملايكتو ما راتش عيني يا ناس راو غلب عليا تمنيت لو كان جات عندي قدرة نحيلو الجنسية التونسية و نطيش و الديه في زيمبابوي خليهم يستغلوا هاك الراس و يعملوه دربوكة مأخيب منضروا و م أمسط ملايكتو,negative
أمسط منه في تونس ما شفتش وهو ماشي في بالو يضحك,negative
أمسط منو مفماش و شنيا مشكلتو مع النهضة ملا رجعي,negative
أمسط و أسقط و أتفه و أحقر و أنذل عباد ربي,negative
أمسط وأعدم عباد ربي,negative
أمسط وأعدم عباد ربي ناجح كممثل متفاهمين أما لا أخلاق ولا يعرف يحكي أصلا,negative
أمسط واتفه خلق ربي لعنة الله عليه و على امثاله قال يفذلك خييت ممسطو,negative
أمسط واحد فدنيا,negative
أمسط واحد في تونس,negative
أم سعد أبسط تجسيد للأم الفلسطينيه,positive
أمسيت و قد علمت إلهي ان لو أجتمع أهل الأرض ليضروني فلن يضروني بشئ لم تكتبه لي و إن إجتمعوا فأنت حسبي و نعم الوكيل,positive
أمشي معه من غير لا أين ولا كيف و ليه من حيث مايجرفني اغمض عيني وانجرف,positive
أمصاط,negative
أمصط من العربي المازني سبحان الله,negative
أمك إمرأة و أبوك إمرأة و نص,positive
أمك القحبة يا فاسد ناس تفغم بالهم و الفقر وانتي جاي تسيب في الوبنة متاعك,negative
أمك جابت واحد مش راجل كيفك,negative
أمل في المستقبل هه قاعد يكذب عليكم و انتم سذج الى متى و انتم نائمون,negative
أمم يس المستوى الذي وقعته نجيب حفوظ,negative
أمنة أنت مثيرة جدا,positive
أمنة فاخر أية من الجمال ولكي كل التحية من ليبيا,positive
أمنة فاخر صوتها حلو و مزيانة و ديما عندها ما تقول صريحة برشا ثلاثة,positive
أمنة فاخر نشالا باتوفيق ومحلاك,positive
أمنياتنا اكتب لها يا الله واقعا جميلا تسر به خواطرنا,positive
أمنيتي نعرس بوحدة كيفها ماشاء الله على بنات تونس الأحرار و محلى نساء تونس ربي يفضلكم لينا,positive
أموت وجعآ هذه الفترة تغيرت بكل شيء أختلق لنفسي ضحكة مزيفة يظنونها فرح لست هكذا أبدآ متعبة من الداخل بحجم كل شيء,negative
أمورها ماشية معناها كان الراجل هذا,negative
أمو صعيبة وا هيا ناري وهو بحال فرخ الشتا هه,negative
أمي أنا فخور فيك اليوم يومك ياست لا إله إلا الله والحمدلله,positive
أمي خلي نضربها,positive
أمير الشعراء ولا مزيد,positive
أمير منصوري هاي اك الطفلة إلي في البريبا تحب ع دار و كرهبة و راس زبي الأعوج,negative
أمير يا معذبهم,positive
أمي ما تغار على أبوي كثر ما أنا أغار عليه أحبك بابا,negative
أميمة أنت شرفتي تونس يا فنانة,positive
أمي متوفية ادعو لها بالرحمة,positive
أمين أرجع لليوتيوب normale تلوح ميتين k بشر,positive
أمين جابر خارطين كان على المسلمين باهي توا هكة,positive
أمين قارة جابوه للحوار التونسي باش يطير عليهم العين هه أمسط منشط في الدنيا أمين قارة أول غلطة لقناة الحوار التونسي,negative
أمين قارة ياسر مااصط,negative
أمين قارة يا فاشل,negative
أمين كل يوم اتزيد في البهاما قداشك ابهيم بالقوي برجولية,negative
أمين متروبي ومحلاه يعطيه دوده,positive
أمين يا معاالم برافو,positive
أمي وإني أراك بعين قلبي جنة يا من بك مر الحياة يطيب,positive
أنا أؤكد لكم ان من وضع هم طبالة السيسي وبن سلمان,negative
أنا أحبك بكي هل تقبلين تزوجني,positive
أنا أحمق عندما أعطي كل الحق على من لا يستحق وأجعله يسلب مني حياتي ووقتي وتفكيري وادور مشاكل,negative
أناأحيا لغد آن بأحلام اللقاء فأت أو لا تأتي أو فإفعل بقلبي ما تشاء هكذا أحتمل العمر نعيما وعذابا أغدا ألقاك,positive
أنا أرفع القبعة إحتراما لهذا الأب الفاضل المجاهد مليون تحية لك أيها الأب العظيم,positive
أنا أعجبني,positive
أنا أكتفي ب إني أحبك من بعيد ما هو ضروري من يحب يتواصل,positive
أنا إسمي دعاء بدي أتكلم معكن علوات ساب لأني بحبكن كتير عمري أثناش إدا حبيتو,positive
أنا اتفرجت عليه ربع ساعة عرفته يكذب,negative
أنا احبها,positive
أنا احبها يعجبني دورها,positive
أنا اشك في اسلامه انه يهوهدي متطرف يريد الفاحشة في المسلمين,negative
أنا اشهد انك امرءة بنت عايلة و محترمة و متربية وهذاليس تبندير ولكن حقيقة أما لما كنت في المجلس التاسيسي هل قدمت الاظافة في سن قانون الارهاب الذي غدر بحماة الوطن رجال تونس,positive
أنا افتخر بي قيس سعيد أنا معك واحترمك,positive
أنا الاول أكرها,negative
أنا الحاجة الوحيدة إلي نقولهالك يحرق الارحام إلي جابت خنثة كيفك يا شاذ يا لوطي تفوو ع ها الرهوط,negative
أنا المستثنى دائما فلدي نفور شديد من التساوي,positive
أنا اليوم مسلمة مسولة عن صورة الإسلام في عيون غير معتنقيه أنا اليوم مسولة مثل غيري من المسلمين عن الاتهامات بالإرهاب التخلف الفوضى الفساد أنا مسولة عن حسن تطبيقي لتعاليم الإسلام في حياتي اليومية عن إنشاء بيت مسلم تربية أطفال مسلمين يفهمون دينهم يتخذونه منهاجا مسارا لحياتهم,negative
أنا امي صفاقسية و محسوب صفاقسي مولود و عايش هوني في صفاقس أما الصفق خايبين عنصريين و حقارة و مسمامين و ما يحبوا حد و دينهم الفلوس و المظاهر,negative
أنا انحبها و تمثيلها حسب الدور أما ديما تعجبني موش كيف برشا اشكال كيف اتغطسهم في جره بالعسل يبقاو ابصل,positive
أنا بالفعل مذهول بإجاباتها الدبلوماسية هذي المرأة التونسية ولا لوح,positive
أنا برجولية تعجبني,positive
أنا بصراحة الفنان هذا ما هضمتوشي بالكل ماللي ريتو في التلفزة كرهت الفن بصفة عامة مازال كان البهيم حاشاكم ما غناش اهه يا تونس بالحق هرمت و كبرت و عزعزت وجبت كافون,negative
أنا بصراحة حرت فيه ولدها بارد القلب لدرجة ادي امو تخدم وهو قاعد يتفرج و الله عجب روح موت خير ا خويا,negative
أنا بصراحة مايعجبنيش لطفي ماسط وياسر يتمقعر على لعباد راك ماسط راك لاسط راك سلعة ماتشيخش راس ماتضحكش,negative
أنا بصراحة معادش يعجبني برنامجوا ولا من امسط البرامج خاصة من جاب حاتم القرمازي ويتمسخر عليه حتى ولو هو غالط في روحو متتعاملش معاه اكاكا وزادا يدافع على ناس متستاهلش,negative
أنا بكاتني برافو,positive
أنا بنسبة لي مروى هى تفلة او بالاحر مرا تونسية مزيانة و عندها خبرا برشا أنا نشجعها و نقوللها واصل,positive
أنا تعجبني برشا أما ياسر لا تخبش ولا دبش تفلفل شوية يا الفة,positive
أنا تعجبني في شوفلي حل,positive
أنا تعجبني,positive
أنا تعجبني مريومة خاطر كيف تاخو الدور تلبسو ماعادش تفرق بين الشخصية الاصل و الشخصية المقتبسة,positive
أنا تعجبني و أحبها و يعجبني تمثيلها,positive
أنا توا عرفتها وقت نتفرج على المسلسل تبارك الله عليها,positive
أنا تونسي ناس بكري قلوا عيطت لخالي خلاني و عيطت لعمي عماني و عيطت لخوي شق البحور و جاني,negative
أنا جاهلة و متخلفة و رجعية و قولو إلي تحبو لكن الله يقصف المثليين و إلي يدافعوا على الحرام,negative
أنا جربة ما نعرفهاش و هو يقلي خطر الإفلاس يهدد ثمنية و تسعين من وكلات الأسفار,negative
أنا جزاءري و نقول لبلطي احسنت صوت ماشاء الله اخلاق و تواضع وبنتي سمر خمسة سنين أما تموت على اغانيك ان شاء الله ديما الى الاحسن و تحيا تونس,positive
أنا جزائري وأظن ان عبد الفتاح مورو أحسن واحد لمنصب الرئيس,positive
أنا جزايري بصراحة ولاد مفيدة هبال,positive
أنا حبيت نصول حاجة مهة جدا حسب راي ان مش لازم يرجع التلاميذ الى المدرسة في الوقت الحالي حتى تركح البلاد و يتحكم فى هذا الوباء كما ان هناك عمليات حسابية تقوم به الدولة هو ان بعد ما يخلص اللولياء الحضارة المدرسية و شراء الادوا ت المدرسية و عمليات الترسيم و غيرها بعدها سيتم اغلاق المدارس و المعاهد و الروضات نتوقع أيه حكاية من هذي الدولة ال أحب الحدود من غير شروط تضمن بها سلامة المواطنيها ولذا مانتصورش إلي المدارس والمعاهد باش توصل توفر الوقاية اللازمة لحفاظ على سلامة صغارنا صحيح باش تقول الصغار ماشو البحر و العروسات أما واحد يعرف وين يمشي مش الواحد باش يلعب باولاد هماالحق قلقوا وتعب يحب يرجع واحنا تعبنا أما الحضر الواجب ولهذا حسب راي يجب الخير العودة المدرسية,positive
أنا حسين الجزيري برودوي مياة نفاق و تبلعيط مخيبكم ومخيب سياستكم,negative
أنا حصلت على كلمة السر لكل شبكات الواى فاى المجاورة خلال ثواني بدون تحميل أيه برنامج الأن يمكنك معرفة باسورد أى wifi قريب منك اكتب فى جوجل mbc سبعين وادخل أول موقع,positive
أنا حمة الهمامي كرئيس أنا كحمة الهمامي كرييءس هه,negative
أنا خويا قتلوه أمنيين وما عملولهم شيء,negative
أنا دزيري و قررت نروح نسكن في تونس هه ارواحو تشوفو الدولة تطيح هنا,negative
أنا راجلي يرحم و الديه عمر ما صار بيناتهم حاجة بالعمل الاحترام,positive
أنا زد حير,negative
أناس يتقبلهم الله ولو لم يركعو,positive
أنا شاب جزائري تعبت و أنا نبارطاجيمشروع الصفحة عبارة عن نشر منشورات راقية و صور مضحكة و محتاج تفاعل نتمنى كل من جاءت عيناه على تعليقي يدخل الصفحة و يدعمني على الاقل بلايك للصفحة,positive
أنا شاكة فيه يهودي اللطف,negative
أنا شخصيا مانيش مستعدة باش نخاطر بحياتي و حياة عايلتي مدام بلادي موش قادرة باش توفر اساليب الوقاية ولادوية اللازمة افعلوا ما تريدون و أنا افعل ما اراه صالحا لي و عالتي,positive
أنا شخصيا متفرجتش فيه و قناه الحوار التونسي ولات مهزلة و شيء احشم و مواضيعها تافهة و الله اسكروه و شوية و هدا من شكل معروف ازح فيق على روحك تعب أمك و بوك طيحتو في الماء ملا حالة لعباد اتقدم و أحنا انوخرو,negative
أنا شخصيا نحبو برشا و ربي معاه و يوفقو في كل خطوة يعملها,positive
أنا ضد الزطلة و ضد معاملة الحاكم لمستهلكي الزطلة,negative
أنا ضد طلاق وكان جيت رئيس نمنع طلاق اف ياربي لا إله إلا الله محمد رسول الله,negative
أنا عجبتني برشا لرشا خاطر حقيقة و واقعنا التونسي كي نبدا نتفرج نشيخ خاطر نحس روحي نتفرج في حقيقة مش في مسلسل,positive
أنا عجبتني برشا و مازالت مبتدئة لازم نشجعوهاا ربي معااك محلاك,positive
أنا عجبتني,positive
أنا عجبني المسلسل أما نتفرجو وحدي بركا ماش مع العايلة صراحة,positive
أنا عجبني بصراحة,positive
أنا عحبتني لرشا أما بالله كريم يخلس على كل شلبوق,positive
أنا على إستعداد أن أفلت يد العالم مقابل يدك,positive
أنا عندي حالة يأس رهيبة ف يعني من كان منكم أقرب الي الله فليدعو لي,negative
أنا عن نفسى متفائله جدا إن البلاء سيزول قبل رمضان لقول النبى ﷺ إذا جى رمضان فتحت أبواب الرحمه أبشروا وصلوا على الحبيب محمد ﷺ,positive
أنا فديت من تفاهتكم و فسادكم و بيع دينكم و بلدكم و أخلاقكم يا إعلام فرنسا و إسرائيل إعلام المجاري إعلام نوفمبري فاسد حسبنا الله و نعم الوكيل فيكم,negative
أنا فطارة,negative
أنا في بلاصة بويك نعمل adn,negative
أنا في دبي و نتفرج فيه كل يوم مسلسل حوماني تونسي عالمي,positive
أنا قابل للإنفجار ابتعد عني قدر الإمكان,negative
أنا قبل ما يعجبنيش برشا وليد أما الليلة حبيتو,positive
أنا كذيا في غرامك تعلقت ترضا علي ابطي معلق كذيا,negative
أنا ككنت صغيرة كنت نخاف من عزوزة الستوت و عزوزة القايلة و بو شكارة و الغول و كنت نحساب لي في كل شجرة كبيرة و تبدا مليانة فمة فول كنت حتى دار عمي نمشيلها تقول عجاجة خاتر خايفة لا يجيني الغول و لحد الأن نخاف منها هه توا عمري ثمنطاش,negative
أنا كنت كي واحد يطلب مني إنجيبلو ماء نشرب منو ونمسح فمي وكنت نقشقش الحيوط,negative
أنا لا أحب وليد التونسي كفنان,negative
أنا لا أشبه الشخص الذي كنت أخطط لبناءه ولا أعرف كيف ومتى خرج مني الشخص الذي أنا عليه وهذا أمر موحش أن لا تعود تتعرف عليك,negative
أنا لا أنسى مأساتي أنني لا أنسى ولن أنسى أبدا روايه رائعة حبيتها كتير بس ما توقعت النهايه انها تكون هيك,positive
أن الله لا يودكم لتهلكة,positive
أنا لم أكن أدري أن بداية حياتي لديك وأن نهايتها إليك وأن لقيانا قدر,positive
أنا لم اشاهد الحلقة واحد من كلام الناس أما اكيد امين سوف يكون احسن منشط لهذا البرنامج او لغيره فهو مبدع في الاذاعة وكذالك في التلفزة احسنت امين واصل,positive
أنا ليبي اعشق الكاتب صافي سعيد وأتمني ان يكون رئيس تونس إنسان قومي يستفيد منه كل الدول العربية,positive
أنا مافهمتش اعلاه و الديهم يجيبوا الأشكال هذي إذا كان عارفين رواحهم موش باش يعرفوا يربوا,negative
أنا ما فهمتش شنوا هالقذارة لي يسمو فيها راب بفف,negative
أنا مافهمت نص الحكي لكن اللهجة برشا مزيانه,positive
أنا ماللي شفت الضيوف وشفت فيهم الغربي عرفت إلي الحلقة فاشلة بامتياز,negative
أنا ماللي شفت الضيوف وشفت فيهم الغربي عرفت إلي الحلقة فاشلة,negative
أنا ما يعجبنيش,negative
أنا متأسف جدا على المستوى المنحط إلي وصلنالو,negative
أنا متعجبنيش,negative
أنا مرة مشيت للكنام باش ناخذ prise en charge عون النافذة بدات تهز و تصبط معايا و لغة إدارة تونسية و ارجع بعد جمعتين مع العلم أني قدمت طلب قبل بأسبوعين طلعت للمدير نلق prise en charge حاضرة تستنى فيا عندها ثلاثة أيام,negative
أنا مستعدة نعطيه هذا المغترب الافواري راتب شهر ان شاء الله اتصلوا عليا لو سمحتم,positive
أنا مستغرب كيفاش ما طلعوش ليه قرون من كثرة الطحين و الرخص,negative
أنا مشجعة للترجي أما ما يمنعش إني موش غايضتني الأزمة إلي يمر بيها الإفريقي حاليا و إإن شاء الله تتعدى على خير و نرجعوا نبروا على بعضنا كيما قبل أما في إطار الإحترام أكيد و ربي يرحم التوانسا الكل يحنن القلوب على بعضها,positive
أنا مصرى متابع للبرنامج من سنتين بس الحلقه اليوم قمه الروعه ناس عندها من الاصرار والعزيمه تخليك تحس انك حجمك ضئيل جنبهم وانك مهما عنيت فى حياتك فى ناس عانت اكتر من بكتير تحيه اجلال و تقدير ليهم كلهم و الله يعطيكم العافيه وان شاء الله من نجاح لنجاح,positive
أنا مع الجبل العودة المدرسية خطر على صغارنا منقطعوس العام كامل نستنو شوية حالات العدوي كثرة و المحلية بلأخص كانت نحبو صغارنا تقرأ أما توا وضع ميبشرش بخير ومشكل ان دولتنا مهونا أحنا معنا كان صغيراتنا هكم رأس مالنا نتريثو مافيها باس على خطر القدر الله كان واحد صغيرة يمرض دولة ميهماش وأنا تخسر وا صغارنا,positive
أنا معد عندي كلام أقوله أنتم عندكم اكتبوا بدالي تعبت أنا,negative
أنا مع ومع ومع منع الكراسي ك قهواجي من أول مبدات الجائحة وأنا ننبح المقاهي يكذبو بصيفتي قهواجي تكذبو ماكمش طبقو في البروتوكول وأنا واحد منكم قهاوي ورمي وتلوسيق وعرفي منعني من إرتداء الكمامة ونزيدكم حاجة أيه قهواجي يجي ظدي توا نقلك كانك راجل إخدم من ثلطاش h حتى صفر صفر ثلاثين و انت بالكمامة واظح,positive
أنا مقاطع كل ما هو عندو علاقة بي قناة المخور و الفساد,negative
أنا مقاطع هذي القناة الكارثة,negative
أنا من أكبر المعجبين بلطفي العبدلي و زيد أنا نحب طريق الثقافة و الفنون والسينما,positive
أنا من الجزائر انتظر هذي الحصة أسبوعيا شكرا,positive
أنا من الجزائرب من اشد معجبين بالحوار التونسي أولاد مفيدة مسللسل رائع,positive
أنا من السودان واقول انو كل الدول العربية فيها برشا ناس بيعيشو هاد الوضع كل هادا بسبب حكامنا لأنهم يفكرون في أنفسهم و حسب لو يعرفو مسئولية انك تكون حاكم أو مسئول عن أشخاص ولا تهتم بمصيرهم لو يعرفو كيف سوف يحاسبهم الله و العذاب الدي ينتضرهم اترك كل شيء و ذهبو يتضرعو إلي الله أنا ابكي على حال هاد الرجل المسكين وامثاله في جميع الدول العربية الضالم حكامها,negative
أنا من المعجبين بالشيخ تحيفة ونعتبرها زلت لسان,positive
أنا منحبحاش و متعجبنيش,negative
أنا منذر قفراش نهز الطحين بلاش,negative
أنا منسمعش غناء جملة أما بلطي يعجبني برشا,positive
أنا من قبل لا أسافر عنك أسافر فيك ما دام عيونك الحلوه مسافاتي,positive
أنا منقلك شيء كان الله يرحم الأم إلي جبتك هذا اصحيح,negative
أنا من كتر ما خفت عليكي خفت حتى إن أنا أتكلم معاكي,negative
أنا موافقك من ها اليلة باش نحبوا سامي نموت عليه ياربي يقتلني مادام يحس بزوالي بالحق نقدروا ونحبو,positive
أنا نتفرج فيه و يعجبني ضمارو نظيف و يضحكني,positive
أنا نتوقع امير باش يكون اكبر الفكاهين في تونس في المستقبل,positive
أنا نحب أولاد مفيدة,positive
أنا نحبك جعفر,positive
أنا نحبك نموت عليك ياجعفور هذي بوسة من عندي,positive
أنا نحبك و زدت حبيتك أكثر بعد برنامج يد واحدة ثلاثة ربي يعاونك جعفور ثلاثة,positive
أنا نحبهاا,positive
أنا نحبها باارشا و هيا بالح فنانة,positive
أنا نحبها برشا اا ممثلة بارعة,positive
أنا نحبها بزاف كوثر,positive
أنا نحبها,positive
أنا نحبها كوثر بالحاج وخاصة في شوفلي حل,positive
أنا نحبها كوثر بلحاج تعجبني أما في شوفلي حل احسن,positive
أنا نحبها كوثر بلحاج تعجبني أما في شوفلي حل,positive
أنا نحبها و خاصة في شوفلي حل,positive
أنا نحبها و نموت عليها عندها تعرف اش تقول من الفنانات القلائل إلي عندها كاريزما و شخصيه الله يوفقها متميزه في المسرح و في الدراما و في السنيما,positive
أنا نحبها و نمو ت عليها,positive
أنا نحبوو خاطرو نيه و قلبو نضيف,positive
أنا نكره الكذب حتى في المسلسلات,negative
أنا نكرها ماللي كانت مشيحة ريق السبوعي,negative
أنا نكرهه,negative
أنا نكرهو و نفد منوو كي نشوفو يعملي الجاير,negative
أنا نلوم على امين قاره إلي جابوا مصطها الحلقة و اطيح من مستوا البرنامج,negative
أنا نموت عليك و أنا صفاقسي,positive
أنا نموت عليك و انت سيدهم الله يحميك,positive
أنا هواك وسرك الخافي المبين وأنا غلاك وكل أحبابك ولك,positive
أنا واحد من ناس متفرجتش و مقادش نحب نتفرج على هل مناظر و هل أشكال التافهة,negative
أنا و الله لا يعجبني لا قبل لا توا و مانيش عارف شكون سماه كوميدي و زيد ميعرفش يحكي رك غلط إلي قالك رك ضامر و متكلماني يا سي توفيق,negative
أنا ودماغي فشخنا الواقع أقسم بالله,negative
أنا وماعمري مانخبت ولاأنخب أبدا ولكن أتضامن مع الأستاذ الصافي سعيد,positive
أنا يعجبني,positive
أنت إلي أبتدي فيك صباحي مابين أحبك و أستودعتك الله,positive
أنت إلي عطاتك الصدفة باش اصبحت تحكي بإسم التوانسا يا ناري عليك يا تونس,negative
أنتا جاي حمار في صورة إنسان علابالك بصح أسمع نقلك يجي نهار وتفيق لعمرك,negative
أنت الأخير قبل النوم أذكره و أنت تفتح أبواب الصباحات,positive
أنت الأروع و الأكثر حضورا في حلقه مليئه بالنجوم ثلاثة,positive
أنت الذي مايشبهك بالملا حي ما ألوم من سماك سيد العذارى,positive
أنت النص الذي لم يكتب مثله بعد وبقية النساء هوامش,positive
أنت النمر الكبير يا قروي,negative
أنت انسان منحط خليك انسان موضوعي حقدك على عبير خلاكم تخرجوا قذاراتكم أيه تحقد عليها واجها بما تقتضي المواجهة ماكمش تبدو تبررون الانحلال والمساس بعورات الناس راكم قيمتكم طاحت ماتهمنيش عبير في شخصها أم نقد الآخر ميكونش في شكلو ولا في نسبو والافي لباس مايستر به عورته هذي حاجت خلقية في كل انسان يا بهايم,negative
أنت بالذات كلمة واحدة تكفيك اخييت,negative
أنت تريد و نحن نريد أما ميسالش متنساش الحق التونسي,positive
أنت تستانى فيك شجرة الزقوم يا واطي يا منحط,negative
أنت تعرف آلله ياوحد,negative
أنت خنزير في هيئة بشر لعنة الله عليك لو كان جيت قدامي نبولك في فمك,negative
أنت خويا ا يا وينو خويا,positive
أنت دوائي الرابع و قبلة عيني في صلاتها نحو السعادة أنت ميزان حسنات قلبي حين أفكر بحبك أنت ذاك القدر البعيد الذي أنتظر وصوله,positive
أنت رائع حين تتجاهل من يسيء إليك وكريم حين تخفف من أحزان غيرك ولطيف حين تهتم بمن حولك وجميل عندما تبتسم مهما كانت الظروف,positive
أنت ضهرت,negative
أنتظركم اليوم في بانوراما مبنى في جامعة الأمام متواجدين حتى الساعه,positive
أنت عار على المرأة التونسية,negative
أنت عار على وطني و يا محرزية الفرنسية التي تخلص باليورو,negative
أنت عملت مع نظام بن على و انبطحت فطبيعي أن تشعر بالمرارة بعد كلمة ارئيس من همرجالات الدولة هل تعتبر دكاترة و مثقفين و أصحاب شهادات عليا ركعوا لعسكري جاهل هل تعتبرهمرجالات دولة حتى أنت رجل دولة,negative
أنت عنوان المساطة,negative
أن تقع عيناك على عيني من تحب لدقيقة أفضل من محادثه خلف الشاشات لسنه كامله,positive
أن تكبر كثيرا ما يطالب الزمان أبنائه بالأنصياع لعمرهم بالكشف عن أعماله الفنيه على وجوهنا وطباعنا وطريقة تفكيرنا ليلى كانت أقوى وتركت كل ندوب الزمان وآلامه لتظهر لنا ما أودى بها العمر لفمه لم تضعف ولم تنحني بل كتبت وقالت لنا حكايانا بعد أعوام بطريقتها رائعة,positive
أنت كزهر أبيض يتعمق في قلبي ك عمر يأخذ كل تفاصيل حزني,positive
أن تكون كاتب فليس بالضرورة أن تلف كتاب فقياس المستوى الفن في الكتب يختلف عم نشر في المواقع الإجتماعي,negative
أنتم أكبر كارثة,negative
أنتم إلي يخرج منكم الإرهاب و من باعدتأتي تلبسها بالفتنة إنتعك,negative
أنتم شعب جاهل فكيف تحكمون على أحمد الرحموني و تعملون له ألف حساب تي هو أحمد الرحموني واحد ميبون ديوث من أكبر الطحانة و النياكة هو من القصرين تفووه عليه,negative
أنت معلم,positive
أنت معلم و أحنا منك نتعلم,positive
أنت مقرينك,negative
أنت مكانك في الزبلة,negative
أنت ممثل متألق وبارع يا لطفي هناك عوائق في تريقك تصدى لها هناك الكثير من أعداء النجاح تصدى لهم و الله معاك,positive
أنت منافق أكبر مجرمين في تونس ألي تشتغل في الأمن من المطار التونسي قرطاج إيقولو أفرح بيا الحراس الوطني افرح بيا الجمارك أفرح بيا غصبا عنا ولا يعملون برنامج كدبة يخشونا لسجن وسخ مجرمين,negative
أنتم هم السائبون في الحقيقة نكلتم بهذا الوجود و ليس للحديث بقية,negative
أنت هو أكثر واحد طيح الفن تحت الساقين,negative
أنتوا السبب فحبسان لمطر الله لا يربحكم يا وكلين رمضان,negative
أنت واحد مسخ و فاسق و ما تشرفناش لقوبسية جيبتيلنة عار الله لا يربحاك يا كلب,negative
أنت و امثالك فلستوها و توا تسأل ولا تثبت ملا رهط,negative
أنت يا طاهر بن حسين حمار حيحا حيحا نقص من نهيق موش بهيلك,negative
أنتي جزء مني والشي الأبدي في قلبيأنتي بمثابة الناس جميعا,positive
أنثاه وكيف تكون أنثاه وهو يلفضها فأنثي سادجه ورجل أحمق لا يصنعان الحب ولا يمثلاه الحب أعمق بعيد كل البعد عن الصوره التي رسمتها الكاتبه في روايتها ورغم كل هذا تمتلك الكاتبه لغة عاطفيه عاليه واسلوب راقي ملفت في كل رواياتها,negative
أنجح مع شعبك و بلادك و بعد احكي الناس قاعدة تموت اكثر مالي ماتو في فلسطين,negative
أن حبك يهان قرأت كل حرف ها على هل ول كان هناك نوع من التطويل المبالغ فيه دون أي مبرر والإستغراق في التفاصيل غير الهامة وغير ذات الصلة والم في الأحداث حيث كمل نوع الح شو أحمد الضوي السارد للروايه الشخصيه الم نتمي اللاشئ ما أصر الكاتب على أن خرج الن ساء خاض عات للر ناك العديد من التضادات فى الروايه يف كاتب مثل كاوي عيد أن همش الثورة في بعض الوريقات والأحداث الصغيرة وكأنها حدثا عابرا لم تقتطع من أرواحنا وت عيد تشكيل فكر جيل أكمله للأسف خابت توقعاتي بالرغم من حاولاتى المستميته لإكمالها النجمة للكاتب فقط,negative
أن روحوا فأنا بري منهم ليوم الحساب وإن جرحوا قولوا لهم ماحركوا في إشعره,positive
أنشأ آلله لا يزالون صافي سعيد,positive
أنشاء الأخشيدي ما توكلش الخبز ثمة شغل و كرامة مرحبا ثمة تصفية حسبات بينك و بين خالقك مخادع و واهم,negative
أن شاء الله تونس تتصلح,positive
أنصارها يضحكوني نقرا كومنتاراتهم نشيخ ضحك,negative
أنصح الأشخاص الذين يشعرون بالملل من كثرة الأخبار التافهة أن يتابعوا قناة ابو ظبي الرياضية فيها بعيرا يجري منذ السبت الماضي,negative
أن لم تستحو قولو ما تشاؤن,negative
أن من وأكره واحدة عندي مريم الدباغ,negative
أنها أسخف مما تعنيه الكلمة بالشامي ضوعت وئتي وعمري جهدي على مسخرة وعلاك فاضي بنوب ما بنصح فيها العنوان جذاب بس المحتوى الله العليم,negative
أنهار مغلق,negative
أن هناك كلمات كتب لها أن لاتقال وأن هذه الكلمات لو خرجت لعاشت في القلب مدى الحياة الم اخبرك يوما,negative
أنهيت الكتاب حياة حسام تشبه بيروت أيام الحرب أو بيروت تشبه حياة حسام بعضه يفتك ببعضه كأبة البداية لازمته وهلاس الحب والصداقة الكتاب الثالث علي التوالي لربيع جابر قدرا لم يكن ألأول وإلا كنت اعدت الكتب الي اخر الصف,negative
أنهيت الكتاب في نفس اليوم على جلستين الرواية عبارة عن حوار بين كاتب وعدة صحفيين الكاتب عجوز ومصاب بنوع من انواع السرطان والصحفيين يقبلوا عليه واحدا تلو الآخر من حوار لحوار أسلوب المحادثات والحوار كان تلاعبي بحت كرهت العجوز في البداية وشعرت نوعا ما بماضي سيء عاشه ولكن بقدرة الكاتبة دحضت فكرتي المقصود أو ما فهمته واستفدته من الكتاب ان لكل شخص وقح ومنعدم الأسلوب ماضي يفصح عن حاضره وأن على كل إنسان أن يتبنى آراءه ولايتخلى عنها إلا إذا رأى ذلك مناسبا الكاتبة آميلي مبدعة بحق وقصتها تختلف عما قرأته من لولا ذكر العرب والعراقيين خصوصا بشكل سيء في الرواية وان كان ذلك من قبل شخصية العجوز لايزال ذلك من كتابة آميلي ذكر الخليج كله لم يكن له أي داعي,positive
أنور من الجزائر ﷲ يبارك,positive
أن يسقط انسان عادي من عينك ملمه فما بالك عندما يسقط كاتب من عينك قمة الألم تمنيت أن أحرق جميع النسخ أعاتب الكاتب أصرخ به لماذا لو تعلم كم كنت أحترم قلمك عباراتك المتناثره في المواقع الإجتماعيه هنا هناك لو تعلم كم تمنيت أن أبدأ بقراءة احدى كتبك أستمتع بالزخم اللغوي الرائع لديك لكن بعد قرائتي لروايتك التي لم استطع اكمال الربع الأخير بها تلقيت خيبه كبيره بحجم السماء أوجعت قلبي بحق روايه مبتذله ليست إلا أفقدت رغبتي بقراءة أي روايه عاطفيه أخرى بل أعتزم على اعتزالهم لما صدمتني من كمية الإبتذال الأخلاقي الوصفي المخالف لديننا لعاداتنا لأفكارنا حتى نجمه واحده فقط للأسلوب اللغوي أما الروايه التي لا تحمل أي عبره لا هدف لا جمال فأقيمها بصفر,negative
أني عندي الحل شوت في البيسين,negative
أنيقة برشا محلاها,positive
أنيقة جدا آمنة,positive
أنيقة و لاهية بروحها وحسب الريبورتااج ماتفلت شيء كل شيء حاسبتو بالمليي و بالنسبة لفنانة هذي تعرف خدمتها بالباهي خخ تشجيع,positive
أهرب ري جتك,negative
أه لأر لا ساوم لا بيح ام اد كنت أحس انه كتب الشعر مملة وما خطر في بالي أنني ممكن أقرأ كتاب شعر كامل بس بسبب تحدي القراءة قررت أنه لازم أجرب كتاب شعر فاروق جويدة رائع بكل ما تعنيه الكلمة رغم أنه يتكلم عن مصر حسيت بأبياته انه يمثلني,positive
أهلا بلقلاب انتخبناكم وقلبتونا صحة ليكم في المرة الجاي توى تلقو اشكون ينتخبكم,positive
أهل تطاوين كرماء ويرحبو بالضيف محناش ناقصين شتات يزو من الفتنة,positive
أه يا عمدة يزيك ما نكت الحالة,negative
أوباش,negative
أوبن خلق الله,negative
أوجعني انتظاري لشخص لا يبالي,negative
أوحد عجب المسلس يحت ليك,negative
أوس,positive
أوكي عمي الحاج,positive
أول أنا متفاجئة جد من كمية المواضيع المحشورة في صفحة فقط هذا كتاب لا يكتبه إلا امرأة وأظن أن أي رجل لن يستطيع أن يكتب كتاب بهذا الكم من التفاصيل والتشعب ات الموضوع الرئيس مرض ابنتها ثم قفزت لطفولتها وحتى طفولة أبويها ودراستها وعشاقها وحبها الأول ذا الأذنين والصراع السياسي في تشيلي والحياة الدبلوماسية في لبنان والإنقلاب العسكري ثم الحياة في سويسرا وإسبانيا وكاراكاس وحياة الفقر المدقع والصحافة والمسرح والتلفزيون وتجربة الحمل والولادة وحب ابنتها الأول وزواج ابنها ومغامراتها مع عشاقها وعم ها وجد ها وولادة حفيدها وهروبها من تشيلي والشاعر بابلو نيرودا وجنازته وعقد ابنيها النفسية وآمالهم وطموحاتهم بالمناسبة هذه ولا حت نصف مواضيع الكتاب تفاصيل مهولة في كتاب دافئ جد وقريب من القلب أحببته,positive
أولا انت أيتها الشابة المظلومة أحسن ماعملت وكلت عليه ربي هذا المحامي الجاهل المنحط كان يدافع على الديكتاتوريين لكن كيف وكلت عليه ربي ماخليتلو شيء ونعم بالله,negative
أولا تحياتي لكل الاعلاميين بقناة الحوار التونسي و على ماتقدمه من برامج رائعة إلا أنني أتمنى أن يتم معالجة بعض المواضيع الاجتماعية المطروحة والتي تعاني منها مجتمعاتنا العربية الإسلامية بطريقة تليق باخلاقنا وقيمنا الاجتماعية وما امرنا به ديننا الاسلامي ولكم كل التقدير و الاحترام و الله أسأل التوفيق ليبي,positive
أولاد التونسية سيادكم,positive
أولاد الشعب ارجل من الشمايت السراقة الكبار قاموا بثورة و جابوا لهم دينصور في الحكم من النظام الفاسد شايب مقرقب عوض يكون في التقاعد,negative
أولاد المفسدة إلى الأمام,negative
أولا عنوان مسلسل ولاد لقحاب ثانيا مسلسل مكسيكي و ماش هكدا ثالثا نحب جزء سادس,positive
أول الغيث قطر ثم ينهمر,negative
أول تجربة لي مع الدكتور مصطفى محمود مع إني كنت أتوقع تعجبني أكثر لكن في الحقيقة العنوان شي وباقي الكتاب شي تاني العنوان جذبني جدا وأنا من محبي علم النفس لكن اتضح لي ياسادة انو الكتاب كلوو مقالات في السياسةماعادا كم فصل وأنا أصلا مابحب السياسة وحتى أخبار مابتابع أيقنت انو فعلا الواحد لازم يقرأ الكتاب قراءة تفحصية حتى ماينخدع بالعنوان متل مالاحظت انو هالشي صار مع كذا شخص عشان يفهم المواضيع اللي يتناولها الكتاب بالرغم من اني مااحب السياسة لكن وجدت نفسي حابة أكمل الكتاب للآخر لأن بصراحة أسلوب الدكتور مصطفى محمود جداا عجبني وحسيت نفسي مندمجة علآخر أكثر ماعجبني في الكتاب المقال الأول اللي بعنوان علم نفس قرآني جديد واللي استخدم كعنوان عام للكتاب ولو يرجع بي الزمن للوراء برجع أشتري هالكتاب,negative
أول تعليق أكتبه للمسلسل وللأسف لم أجد كلمات تستوفي هذا الأخير حقه رائع بما تحمله الكلمة من معنى و نعم للجزء السادس تحياتي من الصحراء الغربية,positive
أول حاجة هيا قضية مش زوجة الرئيس و كيف تبدأ زوجة الرئيس ما عندهش الحق تعترض يزيو راكم بهمتو العباد,negative
أول حلقة برشا ضرب و برشا بكا و برشا اثارة زادا برفووا سامي,positive
أول خبر يفرح,positive
أول خدمة عملها مع المخك عجى,negative
أول راجل في حركة النهضة كرم لحيتو بيدو العاقبة للغنوشي يفهم روحه و يسيب عليه السياسة و يشد داره ويخلي تونس راكحة,negative
أول راجل من رجال تونس في بلاتو يطرشقهالهم احتراماتي بوحميد,positive
أول عمل أقرأه لا ستاذ غازي بداية أنا من النوع الذي لا أستصيغ السطحيات أبدا ولا أحبذ أن أقرأ جملا سلسله ولا أعيد قرائتها قرائتها وقرائتها أحب النثر الأدبي الذي يجعل عقلي يتخبط إلى أن افهمه سواء كانت جملا حذقة او آيات جماليه خياليه او حتى لا منطقية في هذه الأقصوصة لا أجد شيئا يصر عليه الكاتب إصراره عن التحدث عن الجنس بدأها بمرحلة البلوغ ثم أجوبة صديقته أسئلته لصديقة الممثل علاقاته الزوجية والكثير مما تجاهلته أنهى أقصوصته بذكر اغتصابات المتخلفات عقليا بديهيا لا أعلم سر ارتباطه واعادة لموضوع الجنس كان يربط المرض يقول يصرح المريض عن رغباته الجنسية الخ للاسف كان يصل لا افكار خلابه كانه يمسك طرف الخيط ولا يشده بل يعيد الكره تملمت أنا لا أحب الكاتب ولكن رحمه الله وغفر له وللمسلمين,negative
أول قراءة لي لمأساة الحلاج لن تكون الأخيرة أول مرة من هذا النوع من الأدب أسلوب كلمات طريقة رائعة قد خبت إذن لكن كلماتي ما خابت فستأتي آذان تتأمل اذ تسمع تنحدر منها كلماتي في القلب قلوب تصنع من ألفاظي قدره تشد بها عصب الأذرع مواكب تمشي نحو النور ولا ترجع الا أن تسقى بلعاب الشمس روح الإنسان المقهور الموجع الشر دفين مطمور تحت الثوب لا يعرفه الا من يبصر ما في القلب نحن هنا بضعه مخلوقات في ركن من أركان الدنيا من فينا الشرير من فينا الخير عاينت الفقر يعربد في الطرقات يهدم روح الإنسان فسألت النفس ماذا أصنع هل أدعو جمع الفقراء أن يضعوا سيف النقمة في أفئدة الظلمة ما أتعس أن نلقى بعض الشر ببعض الشر نداوي إثما بجرمة ماذا أصنع أدعو الظلمة أن يضعوا الظلم عن الناس لكن هل تفتح الكلمة قلبا مقفولا برتاج ذهبي ماذا أصنع لا أملك الا أن أتحدث ما الفقر ليس الفقر هو الجوع إلى المأكل العري إلى الكسوة الفقر هو القهر الفقر هو استخدام الفقر لاذلال الروح الفقر هو استخدام الفقر لقتل الحب زرع البغضاء صفونا صفا صفا الأجهر صوتا والأطول وضعوه في الصف الأول ذو الصوت الخافت والمتواني وضعوه في الصف الثاني أعطوا كلا منا دينارا من ذهب قاني براقا لم تلمسه كف من قبل قالوا صيحوا زنديق كافر صحنا زنديق كافر قالوا صيحوا فليقتل إنا نحمل دمه في رقبتنا فليقتل إنا نحمل دمه في رقبتنا قالوا امضوا فمضينا الأجهر صوتا والأطول يمضي في الصف الأول ذو الصوت الخافت والمتواني يمضي في الصف الثاني,positive
أول كتآب اقرأه للكاتبه أحلام مستغانمي رواية جذبتني بالبدايه من عنوآنها رائعه بأقتباستها بالرومانسيه الموجوده بين كلماتها وسطورها الأمتزاج االرآئع بين الحب والأنتقام والأخلاص والكبرياء والأجمل منها نهايتها المرضيه بالنسبه لي رائعه بكل المعاني,positive
أول مرة حلقة من ها البرنامج تعجبني هه ملا كعبات,positive
أول مرة نشوف جاهل يحكي مش غالط حمودة كي قالك يا غلطت عمري تقعد وهف طرح كبير عليك,negative
أول مره ما يعجبني كتاب لأحلام,negative
أول مرى ماشي في بالي فنان لكن ظهر في الاخر فنان كم انت كبير يا ابن الخضراء,positive
أول وأطهر حب الحب الذي يكون بين الاب وبنته,positive
أوليس الأقربون أولى بالمعروف مليون علامة استفاهام وتعجب صبحي بترجي يتبرع بثلث ثروته لبناء مستشفيات بمصر,negative
أو مل روعة مش نرمال,positive
 أى ثقافه منحتم لأطفالنا سعيدو الحظ منهم لديهم اغطيه يختبئون تحتها من شده البرد موسيقاهم اصوات المدافع مفرداتهم البنادق والقصف يرتعبون من صوت الطائره يدلا من القفز فرحا لريتها أسلوب الكاتبه جيد وسرد رائع ووصف جيد ولغه جيده ومنمقة ثوره سوريا اللذى تحولت إلى حرب بعد دخول كل من لديه مصلحه وطمع فى السلطه ما رأى فى قضيه سوريا فى قضيه سوريا أرى أن الضحية هو الشعب بكل ما يعانيه من مأسى وانقسامات ما رأى فى الجيش النظامى والجيش الحر الاثنان اوساخ لا يهمهم إلا السلطة ولا أحد منهما يفكر فى مصلحه الشعب فى الصفحه قبل الأخيرة صدمت بأن أمل ماتت كيف تموت الطفله أمل كيف يموت الامل لكن لحظه تعال معى على الصفحة الاخيرة ما هذا إنها أمل نعم كانت سهام فى غفله وهى فى طريقها للبيت لتطمئن على أبنتها من القصف نعم أمل لم تمت فالامل لايموت فى سوريا من يظن أن الامل مات فهو حالم وواهم فالامل لم يمت فى سوريا,positive
أياما حنانه,positive
أي بلد عربي هذا,negative
 أي رفاقي وأحبابي لسوف تلتقون في طريقكم بأناس ذوي حوافر فـلتعطوهم من اجنحتكم وأناس ذوي قرون فلتتوجهم باكاليل الغار وأناس ذوي مخالب فلتعوضوهم عن اصابعهم بتلات الزهر وأناس ذوي ألسنه لاذعه كالشوك فلتهبوهم نظير كلماتهم شهدا يقطر الكتاب الذي يحوي كلمات كـ هذه هو كتاب جدير بالقراءه,positive
أي شيء مستور لاتحاول أن تكشفه حتى لو انت متاكد أن الشخص سيء طبع لازم نغيره,positive
أيعقل أن أسمع ما لا ينطق فترى عيناي الراحة فيستمد قلبي بطاقة سبحان الله,positive
أيمن أستاذي,positive
أين ألأهل والخوت من هاذم القحاب,negative
أين أنت ياخليفة المسلمين لكي تبسط عدلك من جديد,negative
أين الثرى من الثريا يا قروى,negative
أين غنائم كورونا المقدرة بآلاف المليارات يا حكومة الصفقات أين تبرعات ألف و ثمانمياة و ثمنطاش,negative
أينما تذهب تجد التونسي مخرب مجرم إرهابي متطرف ومرتزق جيل مفسد,negative
أي هاالزعيم بيجوفيتش رحمة الله على روحك الطاهرة شعوري نحو بيوجفيتش كان شعورا خاص جد إرتبط بذكرياتي عن حرب البوسنة الهرسك بحلقة شاهدته لطارق سويدان عن سيرته بكثير من الدموع هذا الرجل جمع كل شيء دين علم فكرة قيادة لقد كان زعيما كما يحق للزعامة ان تكون لقد أنهيت هذاالكتاب كما يقول غود ريدز هنا لكن حقيقة مازلت لم أتممه بمعنى لم أستوعبه لم ألم بكل فصوله هذا الكتاب يتطلب قارئا ناضجا عميق المعرفة كثير الإطلاع لقد دونت العديد من الكتب للإطلاع عليها قبل أن أعيد قراءة الكتاب من جديد أضع جزءا منها لمن يقرأ التعليق عله تفيده   الإخواة كرامزوف مسرحية هاملت لشكسبير اعمال كل من تويلستي ديستفسكي إضافة إلى ذالك على القارئ أن يستوعب مفهوم الإشتراكية الشيوعية لان مقارنة الكاتب قامت عليهما في جميع فضول الكتاب تفريبا هذه الكتب ستساعد القارئ على إستيعاب أكثر للكتاب مفاهميه,positive
أيها الشعب المسكين ليس لنا دولة لذلك حاول حماية نفسك لانه لا وجود للمسؤولين و كل همهم خدمة اسيادهم من رجال الاعمال,negative
أيها الفرح اوصيك خيرا ب مدريد ريال مدريد بايرن ميونخ,positive
أيها القلب دع الشرود وهلم إلى روض الأوابين لارتشاف الندى من كؤوس الجمال,positive
أيها النائمون في ناس بتذاكر هنا,negative
أيها الناس هل سمعتم يوما في وسائل إعلامنا الخاص و العام أو مواقع التواصل الإجتماعي عن إصابة أحد من رجال المال و الأعمال والإقطاع في تونس بوباء كورونا يبقى ذاك الشعب المستضعف هو من يدفع الفاتورة ويذهب إلى جحيم كورونا المدمر والقاتل,negative
أيه واحد باش تجيبوه في برامجكم رو سارح و هامل,negative
أيه و الله بكاتني خديجة,positive
أيوااه هاو الخمج بدى يظهر,negative
أي و بعد,negative
أي و من بعد,negative
أي وهو شيهمو في العباد المهم شهريتو تمشي,negative
إءتلاف المبلية تنتون وتنتن واحد نتن ولاخر أنتن,negative
إإن شاء الله العقبة للسراق متاع توا إلي ينهبوا في الدولة كيدود ومنهم دييوانة و حزب النهضة,negative
إإن شاء الله فلسة على آخر مليم حتى الكراء ميلقوش باش خلصوه,negative
إإن شاء الله,positive
إإن شاء الله يكون التحالف فيه مصلحة لتونس وتدخلو السجون وتتشردو في المنافي يا كبول الإرهاب,negative
إئتلاف البهامة,negative
إئتلاف الطحانة و رحمة خليل لاكم رجال,negative
إئتلاف تبيض أموال داعش,negative
إبتسم ورخي روحك لان نهايتك طاسة شاهي حمراء وثلاث أيام قرمة,positive
إبدآآاع تونسي,positive
إبداع keep up,positive
إبداع الأغنية الكلمات يا بايعتني بسوم ماو في بالك ولا نسيتي بعد ماشريتيني ياناسية إلي صار و إلي جرالك مابين دمع ومال باش حوزتيني عصيتني وكبر بيك هبالك ضعتي و من ايديك ضيعتيني ضعتي ورايك ضاع لو تتفكر ايام دمعك ع الخدود ايقطر وقتلي لا ع الجفاء ماتقدر ردتني برنوس ولبستيني كي اخترت هجري اليوم برا اهجر نوصيك إذا هجرت غير انسيني نوصيك إذا هجرت تتفكرشي كي شريتيني وبيعت فيا عرشي كنتي خيالي وجرتي وين نمشي رديتني برنوس ولبستيني ماك كنتي عني يوم ماتصبرشي من غير ماناديك كنتي اتجيني من غير ماناديك ديما حذايا حفرت حتى سكنت وسط حشايا تمسكنت وتمكنت يا مشكايا حتى بقيت انظنك اتحبيني كيف صار بين يديك طبي ودايا وليت كي اناديك ما تلبيني وليت كي اناديك ما نلقاكشي كنتي غطايا مخدتي وفراشي مهما غليتي معايا ما تغلاشي مهما دق الموج ماتكريني قداش من بابور جاب الغاشي قداش في الاوساط شافت عيني قداش في الاوساط عشت معلم والحي قد مايعيش ره يتعلم تلميذتي عييت فيك انعلم تلميذتي عن ذكرااك ماترديني قداش ماني عييت فيك انفهم قداش ماني عييت فيك انفهم مايحق فيا جلب مافهمتيني مايحق فيا سحر مافهمتييني,positive
إبداع جديد لأحمد الشقيري حسيت حالي معو بكل كلمة حكاها ببكي كتير على حالنا هلأ أديش نحنا بحاجة لهيك كتابة تقوينا وتحسسنا بالمسولية اللي علينا أحمد الشقيري,positive
إبداع,positive
إبراهيم كون صبت نجيفو يالزح كيفاش يحرم أم من ولدها وحتى ماقالهاش يديه معاه عمبالو ولده غير هو أناني قلقني سالوبار,negative
إتخيلها تخرى في الميحاض,negative
إتضحك,positive
إتلاف الترامة,negative
إتلاف الكرامة قلب تونس النهضة مع بعض المستقلين كتلة العمل في مجلس النواب,positive
إجعلني يا الله ذات حظ جميل وذات قدر أجملوإجعل أمنياتي قريبة,positive
إحتراماتي سي سيف و الملح يراه في عينك,negative
إحتراماتي,positive
إحتراماتي ليك و ياريتك فسرتلهم شنوا الفرق بين انشاد الديني والانشاد الصوفي و السلامية إلي تمدح في الرسول ولاولياء الصالحين و ناس تمل عليها ربي يهدي,positive
إحترموا البروتوكول الصحي و إلا بول عليكم فمة بروتوكول صحي واضح لازمك تتقيد بيه و كان عجبك,negative
إختراع متاع واحد فاضي شغول,negative
إختصار للدين من ناحية السنة النبوية,positive
إخدم على روحك و ربي معاك جعفور,positive
إخراج مديح بلعيد إبداع,positive
إخواننا الأسرى من بورما في كرب عظيم هل من مجيب,negative
إدمان,negative
إذا أحبك مليون فأنا منهم وإذا أحبك واحد فهو أنا وإذا لم يحبك أحد فأعلمي أني مت,positive
إذا أردت شيئا بقوة فأترك سراحه و أقعد في ركن عيط على جنب كدة عشان أقسم بالله ما هيعود إليك,positive
إذا إنعدمت الأخلاق و القيم فمرحبا بك في تونس أين يمكث المثقفون بن حسين و أشباه الممثلين رأفة عيادي والإعلام المنحاز قناة الحوار التونسي دورهم تبييض وإحداث ضجة وزرع الفوضى و الدفاع عن مسائل تتعارض مع القيم الإسلامية ما يسمى ب المثلية الجنسية التي بدورها هيا قيم كونية فإلى أين بهكذا توجهات و مقاربات و برامج من يتصدى لهذه المسرحيات سيئة الإخراج والإنتاج أختم بقول الله سبحانه إن الذين يحبون أن تشيع الفاحشة في الذين آمنوا لهم عذاب أليم في الدنيا و الآخرة و الله يعلم وأنتم لا تعلمون سورة النور الآية تسعطاش,negative
إذا الشعب منتخبش الصافي سعيد ثنين و عشرين فإن الشعب التونسي يستاهل ماهو فيه من ذل و هوان و فقر و ظلم,negative
إذا الشعب يوما أراد الحياة فلابد أن يستجيب القدر ولابد لليل أن ينجلي ولابد للقيد أن ينكسر هنيئا لكم على اختياراتكم يا أحفاد أبي القاسم الشابي تونس فعلا قدوة بثورتها السلمية الياسمينية وستكون منارة لكل شعوب العالم الواعي,positive
إذا المرء لا يرعاك إلا تكلفا فدعه ولا تكثر عليه التأسفا ففي الناس أبدال وفي الترك راحة وفي القلب صبر للحبيب وإن جفا مساء الخير,positive
إذا جئت فامنح طرف عينيك غيرنا لكي يحسبوا أن الهوى حيث تنظر,negative
إذاخاطبك الجاهلون فقل سلام,negative
إذا دعتكم قدرتكم الى ظلم الناس و سرقتهم فتذكروا قدرة الله عليكم,positive
إذا سمعت الأذان فأوقف كل شيء لا اجتماع لا مؤتمر لا اتصال لا بحث لا كتابة ولا قراءة صلاة فقط الصلاة,positive
إذا سمعت من الخطيب على المنبر كلمة تفكيك المستوطنات فاضحك واضحك كما تشتهي إنها ليست قلاعا من الليجو والميكانو التي يلهو بها الاطفال انها اسرائيل ذاتها انها اسرائيل الفكرة الايدولوجيا والجغرافيا والحيلة والذريعة انها المكان الذي لنا وقد جعلوه لهم المستوطنات هي كتابهم شكلهم الاول هي الميعاد اليهودي على هذه الارض هي غيابنا المستوطنات هي التيه الفلسطيني ذاته كلام يخاطب عجزنا,positive
إذاضاق يوماعليك الوجود وضج بك الحزن في منتهاه تفاءل فلا زلت في ملكه وهل يمنح الخير رب سواه,positive
إذا كان لطفي كيما تحكي أنتي نناحة و هوا عمرو مكان نناحة و نسيت روحك انت ضاهرلي النناحة متسمية عليك أنتي عاد أكبر نناحة في البلاد و قوللنا شنيا لون سترينق متاعك بالله,negative
إذا كان هو امسخ فأنت جيفة و متعفنه,negative
إذا لم تعرف عنوان رزقك فلا تخف لأن رزقك يعرف عنوانك فإذا لم تصل إليه فهو حتما سيصل إليك صباح الخير,positive
إذا هوا غالط يتحاسب ياخي فوق راسو ريشة,negative
إذن لا كلمات بليغة يمكن كتابتها بعد قراءة رواية القوقعة ينتهي الكلام قبل أن يبدأ حتى ساعات متواصلة في قراءة رواية ملفة من صفحة تقريبا كل صفحة كانت مشب عة بالألم أكثر من التي سبقتها كل صفحة كان مليئة بحقائق ملمة حد اللامعقول الفجع الخيال حيث يذكر فيها صاحب الرواية هو مصطفى خليفة هو مسيحي لحد كان قد اع تقل من قبل قوات الأمن السورية في مطار العودة من فرنسا بعد دراسته للإخراج السينمائي رفضه كل عروض العمل المغرية ليكون مشهورا غنيا في الوقت ذاته يرفض لأنه وجد بأن سوريا بلده بحاجة إليه أكثر من أي بلد آخر مع هذا تم اعتقاله لسبب بقي يجهله عام بتهمة ربما تكون انتماه للإخوان المسلمين كما قال بعض قوات الأمن ذوي الر تب الصغيرة يتحدث مصطفى في هذه الرواية عن حقائق هي أشبه بالمستحيل هي أشبه بفيلم رعب ليس إلا يتحدث فيها عن كل ألون العذاب الذي ذاقه خلال فترة سجنه الـ عاما أشهر يوما عن كل ألوان العذاب الذي رآءه من خلال ثقب اكتشفه بالسجن الصحراوي ذكره للحقائق الملمة عن تفاصيل حياة السجين يتكشف لك من خلالها مدى استبداد النظام السوري جبروته ظلمه يتكشف لك مدى وضاعة كل الذين طالبوا بإخماد هذه الثورة مصطفى الذي خروجه كان أشبه بمعجزة من تلك السجون فتلك السجون لا يخرج منها المعاقين إما جسديا أو عقليا أما مصطفى فلم يسلم كذلك من آثار السجن لم يستطع أن يعيش كما يعيش البقي فلم يخرج هو بكامل عقله أما ما سلم من عقله فقد وث فيه كل ما رآءه في ذاكرته حيث لا أقلام لا دفاتر في السجن اعتمد على طريقة معينة كان يعتمدها الإسلاميون في الحفظ حينما خرج أر كل ما رآءه لنقرأه نحن يتكشف لنا الكثير عن انعدام الحرية العدالة الكرامة انعدام قيمة الإنسان مصطفى الذي لم أراه إلا بطلا أسأل الله أن تكون روايته هذه شفيعة له فهو كان مدرك جيدا بأنه لن يخرج أحد من السجن إلا بإعاقة أو بمرض مزمن بالتالي لن يستطيع توثيق شيء مما يراه أو يبقى في السجن حتى يتم إعدامه أو يموت موتا طبيعي هو بطلا لأنه رفض التوقيع على برقية شكر للرئيس بعد أن عفا عنه فقام أخوه خلسة بالتوقيع بدلا منه هنا يجدر الذكر بأن لولا خاله الذي كان قد عي وزيرا الذي بعد عام كامل من الواسطات التي ذاق خلالها أشد أنواع العذاب كهدية له قبل خروجه حر كان هذا العام كفيلا بأن يعرف تهمته أخيرا التي كانت عبارة عن قوله نكتة عن الرئيس المبج أثناء وجوده في فرنسا عن أسخف تهمة قد تسمعها عن الحرية التي عد مت في سوريا عن أقسى آداب السجون المتمثل في القوقعة,positive
إرحل قبل أن تجعلني حبك تعلق احدهم بك ثم ببساطه ترحل دون سبب تعلق أحدهم بك ثم تتركه كخرقه باليه من أجل شهوة أو إشباع رغبة هل بعد الهجر ذنب رواية تحمل الكثير من الكآبه كانت ممله في بعض الاحيان ملهمه في أحيان أخري تتحدث عن فقدان الحبيب سواء أكان إبنا أو أخا أو زوجا,negative
إرحمو من في الأرض يرحمكم من في السماء و الله مايستاهل مسكين ساكن في قبر الحياة صعب مشهد يبكي الحجر ياارب رحمو ياارب قلبي تقطع من جيهتو الغين بصيرة وليد قصيرة,negative
إرهابي,negative
إرهابي مع مافيوزي كوكتال يعمل الكيف,negative
إرهابي وقلاب كيفش يتفهمو,negative
إزبالة,negative
إستقال الحبيب خضر و جاكم الأستاذ زياد الهاشمي العجلة دور,negative
 إستمتاع إنبساط طول ما أنا بقرأ,positive
إسم الطاهر حرام فيه هذا النجس كلب من كلاب اليسار الراديكالي,negative
إسم الكاتبه كافي لأن يجعلك تقرأ جميع كتبها فتجعلك في أحلامها وأحلام الروايه وصفها وتشبيهاتها التي تفوق الخيال الإستعاره في التشبيه وبلاغه اللغه من أجمل ما تخيلت القوه والإصرار للنجاح وعزه النفس أهم مقومات الوصول رغم نهايتها الحزينه سمر,positive
إسمه النجم و هو أقسم بالله لا ينجمها,negative
إشاله ربي يهلكهم,negative
إشتقت لحروفك و جمال خيالك رباب الكلم,negative
إشراقه الصباح عندما تكون في أفضل حالاتك حاول ان تساعد أولئك الذين في أسوأ حالاتهم صباح الخير,positive
إعتلاف مقرونة بالحمام إلى مزبلة التاريخ,negative
إعدام وشوية فيهم,negative
إعلاام زباالة,negative
إعلام الزبالة مثل العادة لا تقطع لكم عادة,negative
إعلام الزيقو والمجاري,negative
إعلام العار,negative
إعلام العار هذا هذااعلام يرحم فمك يا بن بريك و الفاهم يفهم,negative
إعلام العار يا كلاب,negative
إعلام العار يمشييو فيكم بالفلس الرخص و الذل,negative
إعلام سخيف كانكم رجال أحكيو على كوش التبسي,negative
إعلام مرتزقة يدافع على اللواط,negative
إعلام مصنف بعد إعلام الصومال,negative
إفضحوا هؤلاء المحامون بالإسم فقد دنس بعضهم مهنة المحاماة بشتى الطرق,negative
إقلب منظرك وهف لييك يكب سعدك على ماهو مكبوب توا امو و بوه في بالهم بيه عادي إستغفر الله العظيم,negative
إلإنسان هذا إنزبكول قرن فلفل في صرم أما إلقحبا و ندفلولا في غقا بالبلغم,negative
إلبارح إتصورت مع البلوم,negative
إلحجرة متذوب و القحبة متوب,negative
إلقاء رائع,positive
إللي خلص يخلص وحلو,positive
إله الطحين,negative
إلهي أعني بالبكاء على نفسي,negative
إلهي أنت تعلم كيف حالي فاجبرني,negative
إلى أصحاب الأسماء المستعارة أكتبوا عن أي شيء الا الشجاعة,positive
إلى أن يتم اعدام كل مخنث طالت يده الخبيثة أرزاق المستضعفين,negative
إلى الآن أقرأ الخبر وكأنه حلم,negative
إلى الأمام جزاك الله خير الله يستر عليكي دنيا وأخره,positive
إلى المجد ياتونس كل الشعوب العربيه الحره تحبكم واليمن تعشق احرف اسمكم الله يوفقكم يا ملهمين الشعوب العربيه,positive
إلى ان وصلنا لنقطه احتمال اصابه البطل بالفصام كنت اعتبرها روايه جيده خاب ظني بعدما تحولت بعدها إلى فيلم امريكاني الكاتب دارس لفن السينما مما اثر فيه بشده يبعده من وجهه نظري عن مصاف الادباء يقربه من مصاف كتاب السيناريو,negative
إلى جميع الكادحين فوق الأرض أعتصموا بحبل الله جميعا ولا تفرقوا فتفشلوا و تذهب ريحكم و أخلصوا لله العمل وأعيدوا للأمة الأمل طابت صباحاتكم,positive
إلى حاشتو يشد صغارو الدولة لاعلاقة كيما قالوا في أمريكا يجب التعايش معها رستلهم في اليوم يمرذو عشرين ألف شيء يحشم تونس,negative
إلى مزبلة التاريخ يا تافه بن سعيد,negative
إلى هذا الحد وصلت الشركة كم يبلغ سعر محول السكة وكم من المليارات سرقت,negative
إلي إحب يعرف روحو مسحور ولا لا يقرأ آية الكرسي سبعة مرات بصوت مرتفع كان مقلقش و راسو ماوجعوش ما بيه شيء,positive
إلي إحل في فومو ويحكي هو أول واحد في تونس مهوش فاهم شيء ياخي مام قالوا تونس بلاد ثلاثة آلاف سنة تاريخ ياخي لعباد إلي عاشت فيها إلكلهم ميحبوش يخيدمو,negative
إلي الجحيم يا متثقف يا متاع اليونان,negative
إلي خلاني أقرأ الكتاب هو أنه الكاتب مسيحي وكنت حابه اقرأ عن الاسلام من وجهة نظر شخص مسيحي لكن مع الأسف الكاتب خيب ظني بشوف انه كتب عن الأسلام من وجهة نظرنا احنا المسلمين الكلام مكرر بكثير من كتب الشيوخ وبالمساجد وبكتب الاسلامية بالمدارس وبكل مكان والنجمة للفصل الأول الي كان بعنوان صبي في المسجد,negative
إلي عجبني فيهم رغم طلاق بوهم من امهم و بوهم غايب عليهم اربعطاش سنة يلوجو على بباهم حاجة باهية برشا في المجتمع ريتو الفرحة كفاش ريتو اللمة بلا بو و ام مهيش معيشة و اغلا حاجة عندي أنا ربي سبحانو و الوالدين نقولهم ربي يدوم محبتكم و ربحتو حاجة في الدنيا هيا رضاية الوالدين اخوكم مراد من الجزائر,positive
إلي كريم الغربي كوميديا ماذا ايها الابله شوف نصبة و اخدم على روحك خير,negative
إلي لابسة مريول أصفر و عندها زوز سنون راكبين على بعضهم تلوج في راجل عندو دار و كرهبة و هيا ساقيها تهرات بالدوران في الكياسات إذهب وهف يهزك يا وجه لوح بالله متموتي كان تشالكي فشورع كي القطوسة يا وجه ليغراب حشا خليقت الرحمن هه,negative
إلي ما عجبوش يبدل القناة ملا متخلفين متاع وذني,negative
إلي مزبلة التاريخ,negative
إلي مع الثورة إئتلاف الكرامة يتحالف معاه عادي,positive
إلي ميتشراش بالفلوس يتشرى برشا فلوس,negative
إلي نجس آلغنوشي إدعاء أن سنان باشا صاحب فضل على تونس هو تزوير وقح للتاريخ و ليس غريب على نجس آلغنوشي آلمخادع و آلمنافق تزيف آلحقايق,negative
إلي يحب الرسول صلى الله عليه و سلم يدز جام,positive
إلي يحب ربي و الرسول يحط لايك ورمضان مبارك,positive
إلي يحب فري فاير يزورنا,negative
إلي يعجبني فيه ضمارو التلقائي معلم,positive
إلي يعجبني فيه نور شيبة ياسر يذكرنا بتراثنا التونسي,positive
إلي يعملوا في البراكاجات توانسة ولا ماهمش توانسة أولادنا ولا أولاد دولة أخرى لذا يلزم نراجعوا اخلاقنا قيمنا ومبادئنا الاسرة مرآة المجتمع,negative
إلي يكره مريم دباغ يعمل لايك,negative
إمرأة بألف رجل كم أنتي كبيرة يا بنت الخضراء,positive
إمرأة تشرف تونس,positive
إمرأة ذات طابع رجولي و نشوف فيها فادة برشا من ااسيدة شمس اادين,positive
إمرأة رهدن,negative
إمرأة قوية,positive
إمرأة مثقفة و تعجبني مهما كان إنتماءها السياسي,positive
إمرأة مثقفة و فاضلة,positive
إمرأة وعليها الكلام تعرف اش تقول و ما يوقفها حتى سؤال,positive
إمرأة وعليها الكلام تعرف اش تقول و ما يوقفها حتى سؤال يعطيك الصحة,positive
إمرأه بميليون راجل خليجي,positive
إن ألطيور على أمثالها تقع يا سافل تدافع على مثلي كيفك,negative
إنا أمازيغي مسلم و أفتخر,positive
إن الأب مثل الروح عندما تخرج يتهاوى الجسد واسيني الأعرج,negative
إن الأمر كله بيد الله و إن الله على كل شيء قدير,positive
إن الإعلام في تونس في ظاهره لا يزيد عن العار و في باطنه كذب و تزوير,negative
إن الله لا يرد عبدا رفع أيديه إليه فهو الكريم المجيب للداعي أمنية قلبي ي الله الوتر,positive
إن المرأة داخل البيت ليست خادمة أو عاملةبل هي ريحانة هي وردة البيت عيد الام,positive
إن النفس لأمارة بالسوء إلا ما رحم ربي,negative
إنت تونسي و تونس تتشرف بيك خويا,positive
إنت قاعدة كان تصور مسكينة مظلومة يا خنزيرة بربي قوللنا ماهي انجازتك من أول نهار في المجلس لم تقدم أيه شيء كان الصياح و العياط و العرك اغلبية الشعب التونسي يكرهك يا خنزيرة مكانك في السجن يا حيوانة,negative
إنتم أولاد حرام و ربي ينتقم منكم عاجلا غير آجل,negative
إنت محامي و مثقف اللطف يا ربي تشجع في قذف المحصنات و الإستهزاء بالشرف هذا موش مسرح و موش حرية تعبير هذي فتنة و اعتداء على شرف الناس لطفي العبدلي ضحكنا الكل على بجبوجة و المرزوقي و النهضة و الغنوشي أما ما هبطش لمستوى منحط لا يضحك و لا ضامر اللطف يقشعر البدن و يقزز,negative
إنجازات عظيمة وجبارة,positive
إنجي نعمل بيك دورا منوله كان تحبي,positive
إن حق المظلوم يأخذه في الدنيا قبل الأخرة الله ينصرك على الظالمين رد بالك تسامح,negative
إنسان تافه جدا,negative
إنسان تافه,negative
إنسان تافه ومنافق وكذاب,negative
إنسان حقود مسخ منحط سافل ساقط ماسط تافه,negative
إنسان حقود مسخ منحط سافل ساقط ماسط تافه نعن زك أمو القحبة,negative
إنسان رخيص,negative
إنسان فاشل و جابوه في تلفزة إفهم إشنية باش يصير هه,negative
إنسان كارثة على البلاد ومريض ومتخلف ومنحط أخلاقيا ومهوش متربي,negative
إنسان لا يعرف معنى الحوار تافه,negative
إنسان لا يعرف معنى الحوار و بربي سيب النهضة راك عملت العاار,negative
إنسان ماسط برشا و ما يعجبنيش,negative
إنسان مثقف و واعي و يعرف آش إقول براقوا و ربي معاه,positive
إنسان معقد وما عندوش اخلاق,negative
إنسان منافق ولا يصلح ان يكون في هذا البرنامج مناافق نهضاوي,negative
إنسان منحط و مسخ و تاريخو سابقو مع قحاب المسرح إلي بعد ما تعطي و يطلعلها الدور المسرحي معفط تولي تبكي و تشكي الحاصل كي سيد كي جوادو كيف البرنامج كيف ضيوفو تاريخ الدهماني عند حبوبة و صلاح مصباح وأش كليتي لوح يا براكة و صحافي المجاري لطفي سواد رغم أنه في بعض الأحيان يقول كلمة في بلاصتها إلا أنه قواد و صحافي البلاط و شكون يدفع أكثر و معروف عنه أنه متحيل و لحبيب جغام مدفون في الإذاعة على نفس النسق من عهد بورقيبة و يزيد يفرض على الإذاعات الخاصة نفس البرمجة لوغة ناس بكري في ناس اليوم نصيحة مني حاول قدم و هات شيء جديد ومفيد خير من الوحلة إلي واحلها و سمير ديلو أحد لصوص النهضة كرشو و صلعتو كبرت و تقلبت الفيستة يا عفاط و التاريخ لن يرحمك و الترويكا و شيخكم شيخ الوبنة الخريجي و هاك المقدم الباسل و الأسئلة الوبنية الفكرية شنيا المغزى من إنك تجيب تصويرة كاترين زيتا جونز لواحد ليبيدو و تسألو تقلو شنيا تقول أنا نقلك جاب ربي ما جاوبكش إنها تفكرو في أمك لستم أهل للحرية و إعلامكم عاهر و داعر و لستم أهل للحرية يليق بكم جائزة أعطي صرمك و هز ساقيك نعملك برنامج ليك كادوريم قزمت روحك بحضورك في برامج جايبينك باش ت,negative
إنسانيتنا الهشة التي لم يعد يفاجئها شيء في نزعها الأخير واستسلامها الهادئ واختيار الموت في حياة لم تعد تصلح سوى للعرائض بعيدا عن الفن والجمال حين ينأى بك الكاتب عن تفاصيل المعتقلات والتعذيب والمحارق وفراق الحبيبة والعائلة ليستعيض عن ذلك بنف هادئ يفسر الأحداث فهذا ليس عملا عاديا تريح نفسك قليلا من قرف استبحة الدم ولذة التعذيب واللحم المنهوش لكن عقلك لا يهدأ لحظة أمام فاجعة الإنسان في الحرب في الساعة الأخيرة ساعة ما بعد انتهاء البشرية دينك وقوميتك مهما اختلفا حجة كافية لشطبك لرفع معنى الإنسانية عنك كنت أفكر في كل الدعوات لإلغاء الفروق العرقية والدينية والاكتفاء بالإنسانية المشتركة لكني بعد هذه الرواية أسأل بذعر هل تكفي الإنسانية حقا في هذا الزمن أم هي من آمالنا الأخيرة على باب السور الذي يفضي إلى النار ونحن نعلم أنا داخلوه ولكن نتمسك بالأمل قلبي متعب متلف,positive
إن شاء الله التوانسة الكل نخدمو كيفو وهو ربي يعاونو ويشدلو في صحة بدنو أما الركاب الكل يتفرجون عمل بطولي,positive
إن شاء الله الشباب الكل كيفك و ربي يبارك فيه و يعطيه ما يتمنى,positive
إن شاء الله المرة القادة المقص مايلعبلوش هو ويخليه بلاش علوشة هه,negative
إن شاء الله المومثلين الكل يوالو كيفها,positive
إن شاء الله بالفشل,negative
إن شاء الله تحكمهم الكورونا,negative
إن شاء الله تكمل حياتها في السجن هيا وكلاب البرلمان على بعضهم من الاحزاب الكل و الله لا قعد فيهم,negative
إن شاء الله تنقسوا شوي من قلة الحياء,negative
إن شاء الله تنقسوا شوي من قلة الحياء و زيد مسلسل في شهر فضيل,negative
إن شاء الله توصل للبعيد,positive
إن شاء الله ديما في العلالي نجاح وتميز من نجاح لنجاح ربي إبقي عليكم الستر جنود الثورة ائتلاف الكرامة الوطني,positive
إن شاء الله رب معاك أختي وربي إرجعلك حقك,positive
إن شاء الله ربى يشفيك يا احلى رحمة في دنيا لكل خالي امانك بربى قوي فان الله على كل شيء قدير و انت يا رحمة راك عسلة و وردة مفتحا إن شاء الله ربى يفرجها عليك و على امة محمد اجمعين,positive
إن شاء الله ربي ايطول في عمرك سي الوزير و إن شاء الله ربي ايبركلك,positive
إن شاء الله رب يكثر من امثالك,positive
إن شاء الله ربي معاك,positive
إن شاء الله ربي معاك يا si lemhaf وبالتوفيق ليك,positive
إن شاء الله ربي يثبتك على فعل الخير انسان نظيف بأتم معني الكلمة وتونس مستحقة لامثالك,positive
إن شاء الله ربي يحلها في وجهك يا لطفي رانا نحبوك برشاا,positive
إن شاء الله ربي يحلها في وجهو,positive
إن شاء الله ربي يحلوا البيبان في وجهو,positive
إن شاء الله ربي يعوض عليهم,positive
إنشاءالله ربي يهنيهم و يحلها في وجوهم,positive
إن شاء الله ربي يوفقك تستاهل كل خير,positive
إن شاء الله ربي يوفق,positive
إن شاء الله في رأسك و أنت نهار لكل تغرد ملا غراب,negative
إن شاء الله,positive
إن شاء الله كل شيء باللطف,positive
إن شاء الله كل عام وانت طحان يا طاحون,negative
إن شاء الله لاباس,positive
إن شاء الله لباس,positive
إن شاء الله لطفي العبدلي يبطل مايمثلش فيه الجزء الثاني جحش عمروا خمسين و فرخ في مخو خليه في شورب متاعو خيير,negative
إن شاء الله ما يعينش عماد دغيج في بلاصتو عندو ذوق و يعملها,negative
إن شاء الله مبروك عليك بنت بلادي,positive
إن شاءالله من حسن إلى ثلاثة أحسن,positive
إنشاءالله نهايتكم قريبه,negative
إن شاء اللهه مربوحه للجميع,positive
إن شاء الله وألف ألف مبروك,negative
إن شاء الله يارب الناس في تونس ماتت بالشر والكرونا ربي ارحم عبادك,negative
إن شاء الله يا رب,positive
إنشاءالله يارب ما يطيحش السنة في الباك السؤال هذا,positive
إن شاء الله يستيقضوا إلي انتخبوكم والمره الجايه تحصلوا صفر فاصل,negative
إن شاء الله يهزها لرمادة مالنا نحنوا بها الموضوع,negative
إن شاء ربي ينضرلك خويا الباهي ونسمع بيك في السويد ما دامك ذكرتها على لسانك,positive
إن شاء يسمعك المشيشي ويضرب بقوة منبع الفساد ومحاكمة الفاسدين بكل صرامة وحزم,negative
إن شفتني مع غيرك لا تتضايق تذكر إني كنت أبيك واهملتني,negative
إنصاف اليحياوي تذكرنى ببرنامج التذكرة الاخيرة يا حسرة من الأحلى البرامج إلى عملتها الوطنية ولا تونس سبعة في وقتها,positive
إن عمر ينام و رب عمر لا ينام,negative
إن غاب عني فإن الروح مسكنه من يسكن الروح كيف القلب ينساه,positive
إن غبت لم ألق إنسانا يؤانسني و إن حضرت فكل الناس قد حضرو,positive
إنفتاح المدينة على الريف أصحاب الأحمرة هم الرحل المقيمون بسبخة السيجومي قرب سوق السيارات و السيدة شيخة مدينة تونس نائمة في العسل,negative
إن قآله الله يعتدل كل مآيل ولابد آلليآلي آلسود يظهر قمرها,positive
إن كان خيرا فقربه يا رب مني وإن كان شرا فأصلحه ثم قربه مني كان القرب دوما هو دعوتي,positive
إن كان للطيبة عنوان فهم أجمل عناوينه الصادقين في كل شيء,positive
إن كان لي وطن فوجهك موطني او كان لي دار فحبك داري,positive
إن كان هدفك إحصاء أخطائي فستجد الكثير منها وإن أردت الجانب الجيد مني ستجده أيضااختر ما يناسب مقاس نيتك فرأيك لن يزيد أو ينقص مني شيئا,positive
إن كان هذا الخبر صحيحا فله ألف شكر,positive
إن لله عليك نعمتين السراء للتذكير والضراء للتطهير فكن في السراء عبدا شكورا وفي الضراء حرا صبورا,positive
إن لم تستحي ففعل ما شأة,negative
إن لم تستطع أن تصبح واقعا جميلا لمن حولك فلا تكن ذكرى سيئة لهم مساء الخير,positive
إن لم يكن في دراسة عمر إلا أن نرى رجلا عادلا بالغا في عدله قويا بالغا في قوته معجبا بالبطولة بالغا في إعجابه مستقلا بالرأي بالغا في إستقلاله لكفى بذلك ظفرا لعلم الأخلاق وكفى بسيرة واحدة أن تقرر لنا هذه الحقائق التي تستكثر على عشرات السير وهي أن القوة لا تناقض العدل وأن البطولة لا تناقض الإعجاب وأن الإعجاب لا يناقض الإستقلال وتلك الحقائق أثبت في عمر من معارف بدنه وملامح سيماهـ,positive
إنما أشكو بثي وحزني إلى الله,negative
إن من يتابع حملات بعض وسائل الإعلام التونسي المشبوه بدأت تحرض الرأي العام هذي الأيام ضد جميع المترشحين لأرغام كل مترشح على أن يعلن مسبقا التزامه التام بتطبيق أحكام الدستور في ما يخص الحقوق الشخصية التي تختبي وراءها كل عناصر تدمير المجتمع التونسي وقد لعبت في إقرار هذا الفصل الشرير وتمريره على الشعب المغفل جماعات الإسلام السياسي وحللوه لهم ودلسوا معانيه واخفوا أبعاده الشريرة على الشعب التونسي الساذج الطيب من هنا فلابد ومنذ اليوم فضح كل وسائل الأعلام المشبوه المتلبس بشعار الحرية الشخصية لأأنه بسلوكه المشبوه المتآمر هذا يدفع الرافضين لكل أنواع الإنحرافات الأخلاقية والقيمية الأستفزازية الممكنة داخل مجتمع تونسي محافظ سيدفع إلى التمرد على سلطة الدولة هذي التي لاتراعي أعراف المجتمع وتقاليده وقيمه وأعرافه ويعرض السلم الأهلي إلى الخطر لأبد من رفض الغموض الوارد في نص الدستور فيما يخص الحقوق المدنية الخاصة لذا لا بدا من تعديل الدستور في هذي المادة بالدحديد بحيث لاتتصادم نصوص الدستور مستقبلا مع هوية المجتمغ التونسي وقيمه,negative
إنني أؤمن عن يقين أن سعادتنا تبدأ داخلنا وأن السعادة في العطاء ربما تفوق السعادة فيما يعطيه لنا الآخرون صباح الخير,positive
إنها تنام قبلي صارت وحدة من أمنياتي,negative
إنها حق أرض البرتقال الحزين لا أدري ماذا أقول لن أجد الكلمات لكي أعبر حتى عندما يصف الفلسطينيون أوجاعهم علين جميع أن نظل صاميتن ونتسمع إليهم آي شئ يقال سيكون سخيف ولا جدوى منه وهم لايريدون آي شئ أو كلام منك صدقني غس ان كنفاني هذة ثاني تجربة لي قراءة له وكانت أفضل كثير من سابقتها وأن كان حجم الوجع هنا أضعاف ضاعفة هو يصف لنا من خلال عشر قصص قصيرة الواقع الفلسطيني وما يحمله من وجع لما قرات لغسان كلما زاد حبي لفلسطين أكثر مماهو عليه لغة غسان العزبة هو يعرف كيف يجذبك للحكاية وكأنه معك يقصها عليك إلى غس ان وصديقه سلام علىأوراحكم الطيبة ورودة ياشهداء فلسطين وبالتأكيد لي لقاء قريب مع غس ان,positive
إنهم في حصانه لا يجوز قتلهم,positive
إنه منتهى النذالة والانتهاية ولكن اقول الشيء من ماتاه لا يستغرب حسبي الله ونعم الوكيل,negative
إني أحب عبدي هذا فأحبوه يا رب هذه المنزلة آمين,positive
إني لأتوق إلى رؤية خصومة ملهمة أكثر من ذلك السلام الباعث على الملل,positive
إيسكو عبر تويتر ياله من ابداع يا ملقا تهانينا,positive
إيكسطا,negative
إيه,negative
اءش من كي السون انت,negative
اءنت حمار ولطفي حمار وعبير بغالا ولجاب فكم,negative
اآوجاعك التي لم يلتفت لها اآحد هي تحت عناية الله,positive
اؤمن بأن أفضل ماقد يعاش يكون سرا,negative
ائتلاف القمامة ما يجيش منو ما يربح تفييه عليك و على انصارك الكل,negative
اابحر اعز من الحكام العرب,positive
اابلاد ما دمروها كان هالمسخيين تفووه عليكم و على من جابك لتلفزة,negative
ااتلاف المرشش و الهشك بشك,negative
اا تهمه خطيره برشا هذي تي بجاه ربي جاين هازينو بلا حتي سبب شنيا تحبوه يعمل كل يوم تزيدو تشلكو رواحكم اكثر واكثر,negative
ااتوانسى شعب راقي متحضر تلقائي بمستوى عالمي,positive
ا احلاهم لخوات كيف يتروجلوا في بعضهم,positive
اارجل إلي يظرب ويخون ويخادع يغش لا يكون رجلا مستحيل للابد,negative
ااشيخ قال الشهريات مثماش,negative
االآدمين هاز الثلج,negative
االب,negative
االطف,positive
االله لا تربحه ا ولا تربح اابرامج إلي تجيبلنا في مواضيع كيف ه اذي و أنا أدعوا ااجميع إلي مقاطعة ه ذه ااقناة اافاجرة ويزيونا من لغة حرية االإعلام ه اذي اسمه ا قلة حياء,negative
االي يعرفو الطفل هذا يبعثلي ميساج,positive
اانسان كيف يخدم بحقيقة يبارك ربي في ااصحا في ذرية,positive
اانهضة نكبة بعد نكبة وشيوخ ااتخاريف وااتخويف وبلا بلا بلا عشر سنوات ولا من جديد ولا من تغيير ارحلوا استرجلوا يا جماعة اانهب كفاكم ااشعب ااتونسي لا يحبكم باي باي,negative
ااه منك ىا ذنىا دوار ربي ىكثر من امثالك خونا جعفر,positive
ااه والي ما عندوش اش يعمل,negative
ابااي نبيل ماعاش سارق توا ماعاش امسخ و مافيوزي و حزب المقرونه ايا باهي ربي يحنن القلوب على بعضها هه,positive
ابا لهب لا مشا ولا جى اللطف ياربي الشيب و العيب,negative
ابتذال بس الغلاف حلو,negative
ابتذال وسفالة بدون حدود,negative
ابتسامة الصباح منعشة تحمل في طياتها الكثير من الامل والتفاؤول,positive
ابتسم دائما فهناك من يريدك بخير مساء السعادة,positive
ابتسم لحياتك وابتسم لكل ماهو حولك وفكر في كل مايسعدك فالحياة أمل,negative
ابتسم مع قصة سوداني والأمير خالد بن الوليد بن طلال واقعية,positive
ابتعاد الكاتبة عن ايراد الألفاظ السوقية اللي كانت تنحكالها بالسجن وأثناء التحقيق ومحاولتها انها تكون الرواية مدبة لفظيا أعتقد إنو أفقد الرواية جزء كبير من مصداقيتها نجمتان للمعاناة الإنسانية التي قرأتها ولم أحس بعمقها,negative
ابتكار,positive
ابحث عن تاريخكم يا ايها عربان الواهمون,positive
ابحث عن قلب لا يحتوي الحزن ولا ينشغل به,negative
ابدأ أنت ونحن توا نبدوا بعدك,positive
ابدااع,positive
ابدااع والله,positive
ابداع,positive
ابداع,positive
ابدا ماعجبني فكره الخيال قريت النص في جلسه وحده وماقدرت اكمل وانا مو من عادتي كذا حسيت وانا اقرا اني اقرا شي مبتذل واعرف نهايته من اول شي,negative
ابدعت استاذنا العزيز محمد بوغلاب,positive
ابدعت في الدور عزة سليمان برافوو,positive
ابدعتم في اداء هده الاغنية كان اداءكم جد جد موفق قمة الاحساس و الرقي في الاداء شكراا جزيلا لكم من المملكة المغربية,positive
ابدعت يا سي غلاب ألف ألف تحية لك,positive
ابدعتي بااخلاق العالية وثقافتك و رقي فكرك,positive
ابدعتي حقا و أنا واحد من ناس نتشرف بيك,positive
ابدعتي,positive
ابدع,positive
ابدي انت من صفر واصبر في تونس توا تعمل فلوس و الله و نصيحتك خليها في تىمتك يا وجه اللوح تي تريكوك ب دينار ويحكيلي تونس فيها مستقبل تي القاه انت المستقبل غادي و توا نىوحو بعتالي وجوه الترم,positive
ابرب حط ال best of كامله,positive
ابربي أحنا في شهر افضيل وقتو توا اقرأي من كتاب الله واستغفر ي حتى يبعد علينا وعليك النفوس المريضة,negative
ابربي اقتلونا الكل و ريحونا,negative
اب روعه روعه مثالي ربي افضلو و البنوته محلاها ربي يشفيها,positive
ابشرك بالخير,positive
ابشع ممثل اكبر ممثل عاار على قنواات تونسية مشي متربي سبحاان الله أنا حاير كيفااش يقدم في قناة تونسية اخووك جزاائري,negative
ابصراحه روعه,positive
ابطال غسان مرتبطين ارتباط وثيق مع بنادقهم يسعون لإقتنائها يخبرك غسان ان عليك ان تحصل على بندقيتك اشتريها اسرقها احصل عليها بالقوه المهم ان تكون معك والاهم ان تستخدمها لا تخبئها وتدفنها واجعل دويها خرس كل صوت عداها وقاتل لا تبحث هن سبب للقتال أنت لا تستطيع ان تسأل مقاتلا لماذا تقاتل كأنك تسأل رجلا لماذا أنت ذكر تشبث بالبندقية لتفخر بك وتفخر بها رجال غسان هم رجال البنادق,positive
ابعثهم ايرهزو عيلة واطية تغشش عليها خاطر عرست و ماتغشش من روحو يخدم فيها من عمر الستة سنين في الديار لايعرف تحرشو بيها لا اغتصبوها لا تأكل لا تلبس لا مريضة لا صحيحة واختها المسمامة ياويلك آش باش يصير فيك من شرك كارما إلما تشوف الويل وارجع موش باش اسامحها أما خاطر قالولوا باش يعاونوك الناس بالفلوس أما كان تبدى قاسي ماتنجمش تستعطف الناس يعني رجع على وسخ الدنيا إلي يبيع صغيراتو و خاصة بنات باش يصرفو عليه عمرو لا يتصلح و عمرو لا يولي انسان عندو ضمير و انسانية توى يعاونوك الناس إلي عندها ضمير و آقف على ساءق و طيش عليك الكوازي انتهازيين خايفين من كلام الناس أما ماخافوش من ربهم استغل صغيرات في خدمة الديار لا يرجى منهم خير,negative
ابعثولنا فلوسنا شيحتولنا رياقنا آلله لا تربحكم عاملين علينا مزية,negative
ابعثولهم البضاعة عن طريق الباخرة و خلوهم معتصمين لوين يقلقو,negative
ابعدها انت برك,negative
ابغض الحلال عند الله ليس الطلاق لكن ان تتزوج انسان ماتحبه,negative
ابق قويا شامخا عزيزا ومذهلا امام الاخرين ثم اذهب وعش ضعفك كاملا امام الله,positive
ابك ابك,positive
ابلغ عزيزا في ثنايا القلب منزله أني وإن كنت لا ألقاه ألقاه,positive
ابله وموش بلستو هذيكة,negative
ابليس ينهي على المنكر,negative
اب مثالي الله يوفقه,positive
ابناء البارشا حالفين ينتقمو قبل منير واليوم ساندرو,positive
ابهم من موزاييك ما فماش لانهم نهضاويين يقبظو في الفلوس و هذا واضح جدا لا جدال فيه,negative
ابهم واجهل واحد شفتو,negative
ابهيم حيحون,negative
ابو أبو الوعد العربي لا يزال الأمل قائم,positive
ابو الركاكه و البلاده,negative
ابو جهل هذا العصر ومع ذلك هو تحت التراب ويبقي وجه ربك ذو الجلال والاكرام لمن الملك اليوم للواحد الاحد,negative
ابو غضب,negative
ابي اعرف على اساس تقارنون هذا بهذا,negative
ابي اقرا هالكتاب,positive
ابي كلام حلو قبل لا انام,negative
ابي وجدتي رمضانكم في الجنه اجمل ان شاء الله,negative
اتأملك كأنك لوحة فريدة من نوعها لوحة تستوقف المارة رغم الزحام,positive
اتباع النبي احسن احتفال بمولده فالنتبع خطاه ان كنا نحبه,positive
اتتففووه على الراجل فيكم ياحاوين يا خونة,negative
اتجار بالطفلة السمرا باش تسوق غناية مقل حياك فكرة رخيصة و مهيش من قلبك و بينك و بين روحك نحسك متقزز من الحكاية و لعبها مكش عنصري,negative
اتحاد الشغل حكومه موازيه,negative
اتحدا إذا ما شفشو بعض في اكثر من لقطه توحي ان كلامي صح ركز في المقطع,positive
اتخممو كان في همهامه هذا الكل وليت اتسخفو يزيكم من الكذب توي كان يقلكم الواحد ها ثمة حرقه مضمونه راكم اخلقتو الفلوس تتوجد معادش تلو متين بشر الضمير ميت المهم النهب و الفلوس و نعبو كروشنا ديما ما يعجبكم شيء,negative
اتذهبين معي الي عالم لا يوجد به سوانا لا انا عاوزه شقه جنب امي,positive
اتربى ينعل بوك الكلب الماكلة والسبان,negative
اترت,negative
اتساءل لماذا ما يرفعوش قضايا ضد الفاسدين والسراق والكناترية والمتهربين من الضراءب هذا إلي افيد الشعب وبخصوص عبير او بشرى او التبيني او بالله اش باش افيدونا أحنا إلي نهبونا وقتلونا قاعدين يرتعوا ومحميين من طرف الدولة والدول الاستعمارية خاطر امرشولها في امورها انقولوا ربي افرج علينا وحتى ام البوعزيزي هربت لموريال ولا اتزيد تنجب لينا بوعزيزي جديد ونعملوا ثورة جديدة خخ,negative
اتسلفو من عند السراق إلي سرقو البلاد,negative
اتشرف فيك ابراهيم انت زميل وصديق صاحب قلب أبيض إلا أنك شقي صحفيا كما لقبتك في أول سطر من الإهداء,positive
اتصور والجزم و ان قلصون عبير انظف بكثير من وجوهكم الزوز يا لقلال الحياء و تتكلمون و تتكلمون تتشدقون بالحرية و الديمقراطيه اين نحن الان من هااذن فاليوم,negative
اتعب شوي و اعمل ترجمة بالأقليزية تولي حاجة باهية,positive
اتعجب من أناس تطغى انانيتهم وحبهم لذاتهم على صفاتهم فلا يأبهون بمشاعر غيرهم اتعجب لاناس يأخذون اللقمة من فم غيرهم ليشبعو أنفسهم,negative
اتعيش حياتك كامله طحان ولحاس لسيادك تفوه عليك يا خامج,negative
اتعيف مبلدك,negative
اتغار نعم اغار ممن من الذين رأوا الكعبة وطافوا حولها ولمسوا احجارها وانا لها مشتاق,positive
اتفرجنا,positive
اتف من التفاهه,negative
اتفه انسانة ريتهاا و تقول ممثلة منين جك الموهبة تفهاا و ساخيفة ت حمقاء و زيد عفشة و متصلحش فنانة تمشي تحل كيما قلت هيا حانوت كسكروتات موش تعلمت كلمتن بسوري ولات تعطي في حقوق لانسان تف تف تف تف عليها و على ملا حالة في تونس,negative
اتفه انسانة ريتها في حياتي ملا مستوا منحط,negative
اتفه برنامج,negative
اتفه بشر شفتو باش يقاصي في حياتو برشا نطلبلو من ربي يتوب عليه و يبدللو تفكيرو,negative
اتفه كتاب قرأته كل المراجع الاثباتات الى مستخدمها ملهاش اي اساس,negative
اتفه ما انجبت تونس,negative
اتفه ما شافت عيني,negative
اتفه ممثل عندو ثلاثة مسرحيات ردتوه ملك هه نتخاطر مع أيه شخص يتفرج في اعمالو التلفزيونية و يضحك من قلبو,negative
اتفه من هيك تفاهة لا يوجد ويقولو لباس هذا يتسمى وجيعة راس مع التافه نوفل,negative
اتفوه اعليك يكلببا,negative
اتفوه على ها الاشكال,negative
اتفوه عليك تسعة a سبعة ba,negative
اتفوه,negative
اتفوه يا اقزام الحجامة,negative
اتفووه حاشاكم جميعا,negative
اتفووه عايك و عاى إلي يفرج فيكم,negative
اتفووه على اولاد الرقاصة والي يتفرج فيهم,negative
اتفووه عليك و على أمثالك و على إلي خلفوك يا أنجس من النجاسة,negative
اتفووه عليهم,negative
اتقدم لك بكل عبارات الشتم والسب التي تحملها القواميس والمعاجم وبكل اللغات واللهجات عبر كل العصور قبل الميلاد و بعد الميلاد,negative
اتقو الله في غضبه اضأل مخلوقات الله قهرتنا وانتم تتحدثون على الرقص,negative
اتقو الله في هدا الشهر الكريم,positive
اتقو الله يا اصحاب القناة,positive
اتقول الحاللات الخطيرة إلي تستدعي المستشفى مهواش كبير موش صحيح الحقيقة انو الناس قاعدين اموتو في ديارهم والمستشفى ميقبلهمش,negative
اتقى الله ياعم رجع رزق اولاد خوك وخليك من القلب القاسح تاعك وخليك من قوالب تاعك ان الله يمهل ولا يهمل من فضلكم هدى قناتي في اليوتوب نحبك كل توانسة ولاد بلادى و المغاربة تحياتي,positive
اتكب سعدها,negative
اتلاف البص و مقرونة كوكتال مصارش هاو تكتيك ابو جلغة وين يوصل يا هملة,negative
اتلاف الكرامه,positive
اتلاف,negative
اتلاهاو بالمواطن توا الفلوس تدور في البلاد وتززينا,negative
اتلم المتعوس على خايب الرجا,negative
اتلم تنتون على تنتن واحد نتن و الثاني انتن,negative
اتلها بينا أحنا رانا تخذنا,negative
اتلهى في بلادك لفقر والهم برا حررها وحدك فلسطين,negative
اتلهي بالموتى الكوفيد في بلادك,negative
اتمن ان اسمع اخبارا ساره عن هاته العاءله و كل الاحترام و التقدير واتمنا السعاده و الهناء للاخت المطلقه وربي معاك ولا تحزني ربي في الوجود,positive
اتمناه رئيسا لكل العرب ابايعك اخي متشوق الى شعب عربي يتصف بالكرامة من المغرب,positive
اتمنى صافي سعيد رئيس تونس وسيف مخلوف رئيس وزراء,positive
اتمنى للريال الليغا لاجل زيدان وموراتا لكن ادعوا واتمنى خسارتهم في كارديف وفك العقده لليوفي وبوفون,negative
اتمنيت وليد التونسي اصرفق الخامج متاع شمس ابردلي فيه قلبي مخمجوا و ما صح عينوا الشيخ الفاضل ايقلو ربي قال ايتاء هذا الفعل و التجاهر به حراام و هو يناقش و نطالب بحريتي,negative
اتمني دعمكم لقناتي بالاشتراك لتكون مصدر رزق لي واولادي بعد الله أختكم مغترب من اليمن السعيد,positive
اتنين نص مثلا,negative
اتهناو موش راجعين,positive
اتو تعرضولها في الدورة,negative
اتوجه بتحيه خاصه لهذه الفنانه القديرة واتمنى لها التوفيق,positive
اتوقع لم اجد احدآ يهتم فيني من البشر بالفعل كن لله رب البشر يغنيك عنهم سبحانه,positive
اتوه الاتحاد يتكفل بذلك,positive
اتو ينيكو بعضهم بالحجر من بعيد عادي في بلاد العجائب,negative
اثرت فيا بزاف القصة الاخت شريرة رب يغفر و يسامح ران في وقت رب بعتلنا وباء و المساجد قفلت وناس مزالت حاملة الحقد في قلوبهم و على اشكون على اختها والاب بانلي خضرة فوق عشاء رب يهدي ويفرج عليها,negative
اثقل من نهار الاثنين,negative
اثنين منافقين على هذاكة اتفق,negative
اثير اروي عطشنا بنهايه في جزء ثالث لم القى مبرر لما فعله عزيز ولم يقنعني بل روايه فلتغفري بل خابت ضنوني,negative
اجا اشري وحده للميسيو باش كان فمى تقارب مع ياسمين ولا حاجه nouha boukali,positive
اجتمع المنافقين و قلابي الفيسة خاصة الكذب هه هه هه هه هه,negative
اجتمعنا اغراب وافترقنا احباب كنترول اعلن تخرجنا,positive
اجدع ناس,positive
اجد في عيناك ففي عينيك أرى الحياة واقرأ كل الكلام الذي بات في قلبك فأنا لا يزعجني قلة تعبيرك فعيناك تحدثني بصدق,positive
اجلدد يابو غلاب,negative
اجماع تحب اللعب,positive
اجمل اعنية,positive
اجمل حلقة اتفرجت فيها الله يوفقكم,positive
اجمل شعور عندما ترى النعم الكثيره من حولك ربي لك الحمد والشكر على نعم لاتعد ولاتحصى,positive
اجمل صوت و اجمل فنانة تونسية و اجمل امرأة تونسية,positive
اجمل لقطة يظهر فيها الواثقين بانفسهم من رفع يده للمنافسة دون تردد,positive
اجمل مافي الشوط الاول بعد الهدف منظر يشرح الصدر,positive
اجمل ماقيل في الحب وأشرف م قيل بالحب قوله لآ تؤذوني في عائشة,positive
اجمل مسلسل شفتو في حياتي,positive
اجمل مسلسل واجمل ممثلين,positive
اجمل واحلى حلقة شفتها وتحية لهده المرأة إلي كلامها من دهب كلو دروس وعبر وتحية الاكبر لامها ونعمة الامة,positive
اجهل من صباطي و لاعبة فيها سيد العريف,negative
اجواء عالمية فساد و فسق و فجور لا حول ولا قوة إلا بالله يا رب تهدي الناس اللهم ردنا اليك ردا جميلا,negative
احبابنا الي فارقونا في رحمتك يا رب العباد,negative
احباط معندها حتى تفسير اخر,negative
احب اقولكم سمعت اغنيه ديمي الجديده قبلكم,negative
احب ان اوجه مناشدة للرئيس العظيم قيس سعيد بان يمنح هذي السيدة مركزا اداريا تستفيد منه تونس لانها و الله لومسكت حقيبة وزارة الشباب و الرياضة ففي غضون عشر سنوات سيخرج جيل تونسي يضرب به المثل في التفوق العلمي الذي يرفع من شان تونس في ركب التقدم الحضاري عاشت تونس سيادة وشعبا وهنيئا لكم بابناءكم الرائعين,positive
احببت الكتاب لبساطته ولانه خلاصة لتجارب وتفكير عميق كان ذكاء منه حفظها في كتاب من خلال وصاياه لمست فيه حب وخوف الاب وحرصه على ابنه احببته بكل بساطة,positive
احببت عزيز من الجزء الاول ولكني كنت لا اريد منها المغفره ولكن الان اريد منها المغفره وان تتزوجه اثير جعلتني اشفق على عزبز اعشقه على الرغم من كل اخطائه وسخافاته,positive
احببتها,positive
احببتها,negative
احببت هذه الروايه وهي تجربتي الثانيه مع الرائعه رضوي عشور النضال الحروب المظاهرات الاعتراض الاعتقال المعتقلات تناولت رضوي عشور كل هذا بمنتهي السلاسه والعبقريه في روايه سيره ذاتيه لندي التي عاشت حياه المعتقلات لثلاث اجيال ابيها هي نفسها اخيها الاصغر تحتوي هذه الروايه علي كثير من المعلومات من كواليس المظاهرات الحروب من الي مزالت رضوي عشور تتربع علي عرش المفضلين لدي من الك تاب اظن ستظل مدي الحياه,positive
احب صوتك هذاك الي دوا الجروح واحب اسمك واضيع ان مرني طاريه,positive
احبطت من هذا الكتاب كان يتكلم عن الثوره الجراحات اللي صارت لرضوى كنت اتمنى لو اقرا شي عن طفولتها ووايام شبابها,negative
احبك عشرا ثمان لك و واحدة ل ضحكتك و الأخرى منهما ل صوتك اما يديك فعجز الكلام عن الكلام,positive
احبك,positive
احبك يا منال,positive
احبك يا وطني جى بالصحيفة في تعليق لرئيسة الحزب الحرعلى اعلان عدد من المحامين ايداع شكايات ضدها قائلة الرد سيكون في المحاكم وبالطرق القانونية في حين انها تعلن في تسعطاش من هد الشهر بقيامها مسيرة ضد الارهاب وتبيض الاموال و هيا محامية تعلم ان هده القضايا من انضار القطب القضائي وليس من انضار القصبة السؤال هل ان المسيرة تقوم مقام القضاء اوالغاية منها التشويش لتعطيل سير الحكومة كما وقع في مجلس النواب من تشويش من بعض الاحزاب ادى الى تعطيل عمل في احدى الجلسات ومع تعليق لها انها ستقدم اقتراحات للحكومة مع المسيرة كان من الافضل ان تقدمها بدون مسيرة ان كانت النية حسنة مع الحكومة و الله اعلم اخيرا ربي يحمي تونس من الارهاب و من الوباء والبلا و الفساد والمفسدين,positive
احب لندن لانه انولد فيها اجمل واحسن شخص بالدنيا,positive
احب هو اكون راقد وتجي خدمة ادق عليه الباب ويلقا لفلوس,positive
احتاج دعوة صادقة اليوم من كل روح تحمل لي قدرا يسيرا من الود دعوه من القلب إلى السماء,positive
احتجت أكثر من ساعة لأكتب في حديث الجنود ولأكون أدق لأكتب في ورد ولست متجاوزا إبداع الدكتور أيمن وحبي له واعترافي كل مرة بقلمه الروائي الجميل اختيار هذه المرة كان رائعا فرغم أني عشت في الأردن قرابة عاما من حياتي لم تكن أحداث اليرموك بالنسبة لنا إلا نكتة تقال عن ذاك الشرطي من حرس البادية الذي جاء ليضرب أحدهم فقال له الطالب أنا ماني يقصد أنا من مان ليرد عليه الشرطي ما يهم التخصص ظانا أنه ليس من الهندسة مثلا أحداث اليرموك لا تروى لا أحد يعرفها كل الذي يعرف أن الأمن دخل ذات مرة إلى اليرموك ثم حصلت اليرموك بعدها على إنذار حيث تحصل الجامعة حسب القانون على إنذار في كل مرة يدخل إليها الأمن والمفروض أن تغلق الجامعة بعد الإنذار الثالث ولكن هذا المفروض أصل إلى المهم أو الأهم وهو ورد أو أستاذ ورد ربما تقرأ كلامي ولكن سامحني لا زلت أعيش حالة من الغضب تجاهك محترما فرق العمر الذي استطعت تخمينه بـ عاما كونك تخرجت من الهندسة في وانا تخرجت انا من الهندسة كذلك في سامحني ليس بالغضب منك ولكن من منظومة التفكير التي تحكم عمل الإخوان والتي لم يتخلص منها الإخوان وغيرهم حتى الآن خاصة في حالات الغضب والانفعال والمواجهة والشعور بالانتصار والثورة أعجبتني حواراتك مع نفسك عن القيادة التي ولي اليك ولا أعلم ان كانت حقيقية أم أضافها الدكتور أيمن لكني كنت أتوقع على الأقل أن تنتج هذه الحوارات سلسلة أخرى من النتائج وليس الاستمرار لا أريد أن أحملك دماء سهى سالم والفتاة الأخرى التي نسيت اسمها ولا أعلم كم تحديدا استشهد في ذلك اليوم وددت لو أن هنالك رقما محددا للضحايا لكن القائد هو الذي يقدر الموقف ثم يحسب كل الأمور ويتحمل النتائج لن أطيل ولن أزايد أتمنى أن تتحول تجربتك إلى دليل معرفي إضافة إلى هذا الروائي آخر تكتبه بنفسك تكتبه أن كيف يتحمل القائد مسوليته الجماهير كلها في الثورات رهن كلمة القائد وليس رهن عقولها وخير مثال تلك الفتاة المسيحية والطلقة التي تأتي في صدر أحدهم من مظاهرة سيحاسب الله قطعا من أطلقها لكنه سيسأل كذلك قائد الثورة عن اختيار المكان السليم والوقت السليم رسالة مني لكل من يقرأ ويتبع الثورات الهب ات وانا ابن الثورة السورية وأفخر بذلك حتى اليوم كونك في الثورة لا يعني أن تسلم عقلك وجسدك وروحك لكلمة القائد فك وقرر واعترض وشارك حتى لا تجد نفسك بعد فترة من الزمن او الثورة مكانك وقائد الثورة في أمريكا شكرا لك لست متحاملا منك وأظنك تغيرت كثيرا أمريكا كفيلة بالتغيير عن تجربة الرحمة على أرواح الشهداء وغفر الله لكم,positive
احتجت لما يقارب الشهر للتخلص من تاثيرها بعد قرائتي لها خصوصا انها كانت الروايه الاولى لي من أدب السجون لا اعتقد أني سانساها روايه عملاقة كبطلها العملاق بصبره وجلده,positive
احتراماتي استاذي العزيز تلميذتك بترشيح المرسى,positive
احتراماتي سيدتي ما قاعداش تعطينا في الصحيح,negative
احتراماتي لجعفر و نور,positive
احتراماتي ليه انسان محترم و مبدع,positive
احترام زي قبل كل شي,positive
احترامي جعفور,positive
احترامي سي رؤوف يزداد تقديري لك بعد كل اطلالة الفنان الذي لا يناقش قضايا شعبه لا يستحق ان يكون فنانا,positive
احترماتي سيد الشيخ,positive
احترم الاستاذ احمد الشقيري جدا واكتب هنا عند تجربتي مع كتاب لا عن شخصيه الشقيري رائي الشخصي الكتاب سيي جدا ولغته ركيكه والصور ابيض واسود افضل ما عجبني في الكتاب في الغلاف كتب كن انت التغيير الذي تريد ان تراه في العالم اطلاقآ لا انصح بقرائه هذا الكتاب وتضييع الوقت فيه,negative
احترم تحترم لا تحشر نفسك بشي ما يخصك,negative
احترم روحك يا ليلا الشابي وانت عاملة في روحك سبة العري و قلة الحياء وتجي تتكلم على سيدك بورقيبة فلولاه لما كنت و لما درست في المدارس التي شيدها قتلك كانت مناضلة في عهد بورقيبة هه,negative
احترمها,positive
احترمها واحترم كل ممثل ينقل لنا شخصيات الواقع التونسي بكل مافيه من ايجاببات وسلبيات,positive
احترم هذا الرجل من اليوم لغدوة,positive
احترم هذا الشخص,positive
احترم هذي السيده,positive
احترمه كثيرا,positive
احتفال بقدوم الوزير الجديد وهو من فاقدي البصر,positive
احتفظ ب أولئك الذين لا يكترثون ب ترتيب أحاديثهم معك الذين يفرضون عليك نقاءهم دون تكلف و يخبئون لك حب يتشكل على هيئة دعاء,positive
احتفلنا اليوم في درنة ولأول مرة باليوم الوطني للزي الشعبي الليبي,positive
احتفلوا بيوم الأم بهدؤ ف هناك أمهات تتألم لفقد أبنائهم وهناك أيتام تتألم لفقد أمهاتهم يوم الام,negative
احداث الرواية افكارها متشابهة الى حد كبير مع تراب الماس اطاله وصف دقيق لشخصيات لم يكن لها بالغ الاثر على الاحداث تفاصيل اسهاب لا داعي له,negative
احداث المسلسل في تسعينات وهو يقله هرمنا من اجل هذي الحظة التارخية هه,negative
احداث بنات بدون موضوع صحيح انها ممتعه الاحداث وخصوصا انها حقيقيه لاكن لالها بدايه ولا نهايه,negative
احدهم كتب أبي ماعاد بيتنا حلوا كسائر البيوت أبي ألقاك في المنام وكلما أصحو تموت,negative
احد يجيب لي كتاب غفران يا جماعه,negative
احذروا من الفتنة فنحن مسلمون ربي يهدينا اجماعين تحيا تونس و ربي يحمي كل الدول الاسلامية,negative
احزاب بيوعه وعميله,negative
احزاب تسرق و تنهب و السياسيين عايشين فيها فساد و خراب للبلاد و كملو عليها البوليسية ظلم و سبان و تمرميد للزواولة و بعد يجيك واحد يقلك تونس بلاد الخير و يلزمك تحب الوطن و تضحي على جالها اقسم بالله أكثر دولة في العالم فيها ظلم هيا هاك البلاد الحرفة,negative
احساس الام يا رب ما يخيب الميما تكرم حنان الخضر,negative
احساسي يقول مباراة تحبس الانفاس تنتهي بفوز الملكي,positive
احس ان كلامه كله صحيح,positive
احسان مبدع مفكر عظيم جدا,positive
احسست اني سابق الصفحآت واحداث الروآيه لأبحث عن امهم المفقوده معهم وياللخيبه انتهت الروايه دون حتى التلميح لمكآن إختفاء الأم شي يقهر الروايه وكانها تقول لك باختصار انتبه فحولك ناس يضحون لاجلك يعطونك دون مقآبل ولكنك غافل عن هذآ لست جبرا على رد العطاء ولكن قد ره قبل ان تفقده,negative
احسن إلي يحب الرسول يصلي عليه أما الاحتفالات هيا بدعة عملوها التجار باش يبيع الزقوقو باسوام خيالية,negative
احسن إلي يحب النبي يصلي عليه ويسمع كلامو واكاهو كل عام وهوما مخوضينها في القيروان و الصغار ضايعة وتصبح الدنيا مقلوبة ارتحنا,positive
احسن اغنية,positive
احسن الفنانين إلي في تونس صلاح مصباح و مقداد السهيلي و محمد الجبالي,positive
احسن انسان ما شاء الله,positive
احسن باش الشعب كل شهر يجبد وزير وياكلو,positive
احسن برنامج رائع,positive
احسن بنقص خمج و وسخ و همجية,negative
احسنت استاذ,positive
احسنت النشر,positive
احسنت بلاد او بيك,positive
احسنت حمزة واصل اكشف الخراب و الفساد والعبث,positive
احسنت سي جلول,positive
احسنت سيد بوغلاب,positive
احسن توا الكيلو بصل يولي حق كيلو بانان,positive
احسن تونسي في العالم,positive
احسنت يا بو غلاب كلام من الصميم و في الصميم,positive
احسنت يا بو غلاب وربي يكثر من امثالك الذين هم قلة يعدن على رؤوس الاصابع,positive
احسنت ياسي محمد بوغلاب فسرت فابدعت واضيف لما ذكرت ان الله يخاطب نبيه صلا الله عليه وسلم ويقول عزه من قاءل وما انت بوكيل وان امم الاخلاق ما بقيت فان ما ذهبت اخلاقهم ذهبوا و الله سبحانه و تعالى اثنى على الاخلاق و اليوم نعيش في زمن العرب المتعفن والرديء لقد قرات في الفيسبوك بعض الجبناء من غير اسم والدبابير يهاجمونك لا تهتم واصل وربي معك,positive
احسنتي عملا يا محرزية تحياتي لكي,positive
احسن حاجة تصيرلك خاصة كي تكون نيتك صافية الله اعلم مناش منعت اخيب حالة لحم بنادم اخيب من لحم سيكو سيكو و حتى شحيبر لا يا ولدي اخطاك منها الله ما يعمل شيء بالفارغ كل شيء ليه سبب ايا السلام عليكم الدنيا قصيرة و كاذبة,negative
احسن حلقة شفتها على قناة عندي منقولك اغزالة اغزالة الهيبة و الجمال و الروح و الطاعة و الاحترام وااكلام الطيب و الرقي والتحضر ياليت الناس والاباء يكونو متل هاد النمودج جميلة و الله والوها اجمل,positive
احسن حلقة,positive
احسن سيتكوم عجبتني بالدموع,positive
احسن فريق يعجبنى أما ناقص ابراهيم هبليه,positive
احسن فلم تونسي واين ابان اولاد مفيدة تحية من عند خوتكم الدزيرية,positive
احسن قناة تونسية,positive
احسن,positive
احسن ما عملت,positive
احسن ما عملو,positive
احسن مثال للمرا التونسية الشهلولة و الضحاكة و قلبها صافي,positive
احسن مخرج في تونس حاليا سامي الفهري قوة في الافكار والسيناريوهات شكون موافقني,positive
احسن مسلسل التوا في الحلقات الأولى بين مسلسلات الأخرى صراحة براافو خدمة متعوب عليها بالرسمي,positive
احسن مسلسل برافو,positive
احسن مسلسل تونسي بدون منازع في التلفزة التونسسية,positive
احسن مسلسل شفتو bravo لتونس وبرافو للممثلين التوانسا bravo للمخرج ولطاقم العمل و الله راني بكييت على بدر كي سلم روحو قمة فالابدااع تحياتي من المغرب لتونس الخضراء,positive
احسن مسلسل في العالم ابداع bravo,positive
احسن مسلسل,positive
احسن مسلسل نوبة روعة صح,positive
احسن مسلسل هو و قضية أربعمياة و ستين زوز مسلسلات طيارة,positive
احسن ممثل البرنس,positive
احسن ممثلة في تونس,positive
احسن ممثلة,positive
احسن ممثل في ادوار الكول,positive
احسن من افلام الاجانب من اروع ما شاهدت,positive
احسن منشط سي علاء تحيه من العراق لاخواننا في تونس,positive
احسن هلاحتفلات إلى بكلها موبقات ماانزل الله بها من سلطان,negative
احسن واحد بلطي,positive
احسن واحد في البرنامج ربي ينورلك حياتك هشام الخلصي,positive
احسن واحد يضحكني,positive
احسن يعطيكم الصحه,positive
احشم على روحك توا انت متثقف لا الله الا الله وين قريت القانون متاع الكل,negative
احشم يا جوهر فالح كان في الكلام عيب عيب عيب عيب عيب,negative
احقر انسان ريت في حياتي تفوه عليه,negative
احقر من هكاا,negative
احقر من هكة هذا ما يسمي حرفيا ب إتلاف الكرامة ولو أنو معندكمش كرامة أصلا,negative
اح,positive
احكي عاي الموطن الموسخ حاش إلا ما يستهل كان على أعون النظافة ديما ما يخدموش,negative
احكيلنا شوية على الثعلب وخنارها,negative
احكيلنا على الأبراج  love you so much,positive
احلا امين احلا كاف احلا مكي و زكية يعمي راني نقدرك هه رياض النهدي,positive
احلا برنامج واحلا اكيب,positive
احلا برنامج والي احلا منه المذيع,positive
احلا بنات شفتهم و الله,positive
احلا تونس و الله تحية ليكم أبن ليبيا,positive
احلا جعفور ولد بلادي ولد مدنين ام التمر بلابيه الضحكة ما تحلا,positive
احلا جو تونسي,positive
احلا جو,positive
احلا صوت حوماني,positive
احلا ضيوف,positive
احلا عبد الحميد ربي معك,positive
احلا كادوريم,positive
احلام استثنائيه,positive
احلام فقيه وش معجبها فيه سبحان الله,positive
احلة ليلة خصتن كي مسكتتش المقداد شكيب رجل متربي برشا او يعرف كيفاش اوصل المعلومة,positive
احلف,positive
احلم احلم,negative
احلى النساء,positive
احلى برنامج اجتماعي تحية طيبة لفريق عندي ما نقلك و للاستاذ علاء الشابي من مغربية مقيمة باسبانيا,positive
احلى بنات شفتهم في حياتي ربي يخليهم لبعظاهم,positive
احلى بية في تونس,positive
احلى تحيه من المغرب الى سي جعفر,positive
احلى تستور في دنياا,positive
احلى تستور,positive
احلى تنائي,positive
احلى جربية,positive
احلى جعفور إن شاء الله تكون قدوة لبرشا ممثلين و إن شاء الله من حسن الى احسن,positive
احلى جعفور إن شاء الله تكون قدوة لبرشا ممثلين و إن شاء الله من حسن الى احسن و احلى تحية مني و من اهالي معتمدية بني خلاد الى جعفور ربي يكثر منك الناس,positive
احلى جعفور,positive
احلى جعفوور,positive
احلى حاجة في حي الخضراء,positive
احلى حسين ربي يحفظك و نشاله من حسن الى احسن بحبك مووت,positive
احلى حلقة تحية لبدر وبيرم وبرهيم أنا من الجزائر,positive
احلى حلقة كيم قال هشام الخلصي رجعتنا لزمان نجيب الخظاب,positive
احلى خبر سمعتو اليوم,positive
احلى دنيا يا دنيا اخرى منورين منورين منورين,positive
احلى رئيس حكومة,positive
احلى رمضان مع احلى قناة التاسعة,positive
احلى زوز,positive
احلى زياد برجي نجاحات مع اليسا,positive
احلى ساحل هه احيت هه,positive
احلى سيتكوم,positive
احلى شيخ تحيفة معلم و الله ثلاثة,positive
احلى شي يوم تحضن شخص تحبه وتسكر عيونك وقتها تحس انك بدنيا ثانييه,positive
احلى صباح لاحلى بنوتة عسولة,positive
احلى صباح مع احلى ابتسامة تشع من وجه طفولي بريء عيشوشة البشوشة يا احلى بنوتة يخليكي يارب ومايحرمناش من ضحكتك العسل,positive
احلى صوت تهبل ميمو و الله,positive
احلى غزالة من الغزالة الله لا يقطعلك ضحكة,positive
احلى فلة,positive
احلى فنان و يعجبني,positive
احلى فوزيات فوزي بن قمرة وفوزي الرويسي وفوزي البنزرتب,positive
احلى كوبل تحية من المغرب احب التفتح لي فتونس,positive
احلى كوميدى فى تونس,positive
احلى لقطة,positive
احلى لمين معلم ربى يحفظك,positive
احلى ما تنجم تسمع صوت أداء روعة,positive
احلى مسلسل هو اولاد مفيده,positive
احلى مسلسل وأحلى قناة الحوار التونسي,positive
احلى مسلسل و الله,positive
احلى نور خويا,positive
احلى نور شيبة,positive
احلي برنامج تحياتي الى تونس الخظراء ولا سي علاء,positive
احلي بلوك في الكوكب رمضان,negative
احلي حلقة في عندي منقلك رضاية الوالدين,positive
احلي حلقة في عندي منقلك,positive
احلي حوار تونسي,positive
احلي سامي,positive
احلي قناة تونسيلة,positive
احلي كلام وليد,positive
احلي لحظه ف حياتك مصري ياجدعان لو حسيت بحاجة ذي دي اتحرق,positive
احلي مسلسل التونسي,positive
احلي مسلسل,positive
احلي وقت برمضان رمضان كل وقته حلو الا لما تبدأ مشاوير السوق,negative
احمد الاندلسي اشرف ارجل من هاك الميبون إلي مد وجهو في كلام الناس وانت شكونك باش تعطي رايك فيه يا ثعلب يا شلاكة تفووه عليك,negative
احمد الاندلسي راجل وابن راجل وموقفك كله رجوله,positive
احمد الاندلسي مخيب طبيعتو اول مرة نشوفو يحكي خير,negative
احمد الاندلسي يقريك يا بهيمة و الملهط تدافع على الميبون و لو كان موش كرني الكريدي ما تدخلش التلفزة,negative
احمد الرحموني خوانجي متخفي مهمته تبييض الارهاب الاسلامي,negative
احمد الرحموني يكشف و يفضح في مسرحية باردولارهابية و محمد امين هوا الشماعة إلي علقو فها قضية باردو,negative
احمد ربي كنت في تونس كانك في ليبيا راهم قتلوك خليني ساكت احسن و الناس إلي حبستهم انت والحجامه سنين طويلة نسيت كل يرجع,negative
احمد,positive
احمد مراد مكتبش فعلا غير تراب الماس,negative
احمد منصور ناجي جلول لياس الفخفاخ عبيد البريكي لا نشك في ولاءهم للوطن لكن لا جديد لديهم عبد الفتاح مورو تمنيت كان يسعى لاعادة فتح الجامعة الزيتونية ولو فعل لنال اجري الدنيا والاخرة النوري الصغير لا اراه رءيسا لكن اراه وزيرا للاقتصاد الرحوي والحامدي نراهم كل واحد بكلاشنكوف يكرثش في لاخر أما تصورو كان يشد السيد سيد مروان على العايدي اسمه بركة ياكللنا شطر وقت الاخبار كل يوم,negative
احمد منصور يسيء للشعب السعودي كلام جارح فيه الكثير من الواقع المؤلم لحال هذه الامه,negative
احمدوا الله مثلين لي تونس عاطيتهم جنسية هه أوروبا راه دومندي علماء ومخترعين لي يهاجروا أليها مش,negative
احمدو ربي خدمتو في الصيف,positive
احمد يامعذبهم,positive
احمق,negative
احملة نتواصلة و في رمضان اكثر يا قناة العهر,negative
احن إلى خبز أمي وقهوة أمي أنتم السلاطين و الأمراء ونحن المساكين و الفقراء مرسيل خليفة مر من هنا,negative
احنا إلي يطلع نقصولو جناحو بلادي كلبه,negative
احنا الاساتذة خايفين على ارواحناوصغارنا,negative
احنا التوانسة المفسدين في الأرض حسبنا الله ونعم الوكيل فيهم مظلومة تونس الحبيبة الله يهلكم طرابلسي ونهضة وبن على والباجي,negative
احنا التوانسه متسمي علينا الفساد علاش هك و الله تفضحنا في العالم حرام عليكم أنا نشكر أعوان الشرطه الله يحفضهم يارب إلي تونس,negative
احنا الشعب التونس مرضا بالاظترابت النفسي ميعجبناش حتي شيء ولا هذا خلي الدولة تخدم و الشعب يشد فى الله والمطالب الى تهمو مثل التشغيل والبوني التحتي و الضوء و الماء والبركاجت والمصاحت و الغلاء المعيشاء و بعد كل شيء يجى,negative
احنا امعاك سحر اليوم وغدوة وديما,positive
احنا ساعات في الفرش تلقانا نتعاركوا ما تفهمش حب ولا عداوة هه,negative
احنا فخورين بيك,positive
احنا فلجزاير عدنا عيب لمرا تنف يعني تشم هه,negative
احنا في الجزاير فرار يعني خويا,negative
احنا في مدرستنا سنة اولى ابتدائي ثلاثة اقسام كيفا مش يعملوا البروتوكول الصحي اعطيني عقلك الفكر بيه,negative
احنا قلنا تونس بارجالها لا خوف على البلد,positive
احنا كدة ميتين ميتين,positive
احنا لهين في الهلكرونا المحنونة هيا فش لاهية دوحي يا مباركة,negative
احنا معاك يا جعفور,positive
احنا وش استفدنا من هذا الخبر,negative
احنا وصلنا لدرجة لامبالاة تخوف جدا والله,negative
احيانا اضطر بالتظاهر بالغباء كي لا افسد عليك متعتك بظنك انك تخدعني,positive
احيانا بعض الصدف ترجع لك ذكريات نسيتهاا,negative
احيانا نشوف الحقيقه قدامنا بس نحاول نكذبها عشان يبقى كل شي حلو,negative
احيه احيه احيه وكيف يحبو يعملوا أحيه شنوا يعملوا,positive
اخبار تافهة لا فايدة منها,negative
اخباري اليوم مثل اخباري البارح أحبك من اول الدنيا ل اخرها,positive
اختبارات في أقل من ساعة,negative
اخت بسمة تضحكي على اختك بري كان تتفرجي هنا و تشوفي كومنتارات بري يكب سعدك براجل اخيب ماللي تزوجت بيه بسمة و يصيرلك كيفها و تحسي إلي حاسته اختك تضحكي على اختك دمك ياراك ضحكة بين المجتمع قداش من مرا تونسية دعات عليك يعطيك وهف يهزك,negative
اخترت الروايه لاستئناف رحلة القراءه بعد توقف ثلاثة شهور على الرغم من اطلاعي على بعض المنشوره للكاتبه الشابه والتي لم تعجبني بمجملها ولكن قلت لاكد الفكره او انفيها فوجدت انها قصه سطحيه لاحداث مكرره متشابهه لمعظم قصص الحب الحديثه السريعه والتي غالبا ما تكون ضحيتها الانثى صغيرة السن اما قصة يافا نفسها فلا حاجه للتعليق عليها لانها كانت على عكس المتوقع حكايه اسرع متوقعه البدايه والنهايه لا الوم القراء على التقييمات العاليه ان كان جلهم من المراهقات او الشابات صاحبات القصص المتشابهه او مبتدئات القراءه فهي بالتاكيد قد لمست مشاعر وعوطف الكثيرات وهذا بالتاكيد كان عامل مهم لانتشارها وشهرتها اسلوب الكاتبه الشابه بسيط ومكرر واستخدمت كلمات مستهلكه جدا مطر قهوه مشي حب شوق انتظار وعبارات فاضت بها صفحات التواصل الا انها ابدعت في عبارات عميقه لم تتجاوز اصابع اليد الواحده اخطاء تقنيه بسيطه في سرد الاحداث جعلت منها غير واقعيه تماما او جعلت الاحداث معروفه قبل سردها وبدائية الافكار في بعض الاحيان جعلتني استحضر افلام الكرتون كسالي وساندي بل واضح جدا انها كاتبه صغيره السن ولكنها بلا شك تمتلك موهبه تحتاج الكثير من الجهد والتدريب لتستمر وتصبح كاتبه ناجحه ومثره فعلا في فئات اشمل,negative
اخت صار عشق هذا الر جل لا زال حيا ريش ته,positive
اخ تفووه عليه واحد طحان خماج فاسق فاجر الله لا تربحو,negative
اختكم الجزئري حب تعرف بركا و آش سر العكز لي يترف يقلي من فضلكم,positive
اختكم من مغرب و الله بكييت على هدي لقصة لشفت,positive
اختلفنا من يحب الثاني اكثر واتفقنا انك اكثر وانا اكثر,positive
اختنا الغالية شد روحك و قوي روحك و ما تنهارش قدام النذالة و الوقاحة متاع واحد فاسد كيف بن صالحة الفاسد الخامج و ما تستغربش من البهامة هو براعتو و الدكتورا إلي وخوها تتمثل إلا في الطحين و التلحيس و دعاء الوالدين وما الباقي اسمو يغلط فيه ربي معاك و ربي يسترك و ينصرك على الفاسدين كل تونسي و تونسية أحرار يدعولك بالشفاء العاجل و العودة إلى عايلتك,negative
اختها الصغيرةة تسير في بوها و اللهي راجل وسيد الرجاال,positive
اختها عقرب لفعة ربي يتوالاها كان اختك من القيتش فاها الخير على الدنيا السلام حسبي الله ونعم الوكيل في اختك وبوك,negative
اختها عقرب و الله الدنيا دور و الله ماتعرفي كيفاه حياتك تتقلب حسبي ألله ونعم الوكيل فيك أنا قطعتلي قلبي دموعي على خدي وانت شحال قلبك قاسي دمعة مذرفتها على أختها ربي يهديكم ويحنن قلوبكم على بعضاكم,negative
اختها غيرة صغيرة تحب تعيش في مدينة ضهرة غيرة نوعية هذم مدفونين بلحية غيرة من أختها,positive
اختها كان نشدها ما نسيبها كان ما انحي منها لحمة فمة شكون مزغردلك في وذنك و قلك انك مرا لمرا هيا القوة وقت اللازم هيا الصبر و هيا التربية أما زادا الحنانة يا ويلك من ربي على القهرة إلي قهرتها لاختك إن شاء الله تعاني في حياتك و ما تلقى شكون يلمك مخيبك مخيبك مخيبك خساارة ماكش باش تقرى إلي كتبتو عليك,negative
اختيار الصحبة ليس من الصعب أن تضحي من أجل صديق لكن من الصعب أن تجد ذلك الصديق الذي يستحق التضحية صباح الخير,positive
اختي امعرسا سحروله رجلها حسبنا الله,negative
اختي ربي ان شاء الله يضهر حقك و هو حسبي الله ونعم الوكيل فيه و الله حرام يا رسول الله,negative
اختي ربي معاك برشا تضربو في وجوهم كيفك وملقاوش حتى حق على خاطر عنى محامين كيف بن صالحة حسبنا الله ونعم الوكيل,negative
اخخ تفف حاشاكم,negative
اخخ تفوو عليه مسخ و الله ميحشم وعار ملافضائح,negative
اخخ تفووه عالمناضر,negative
اخخ تفووه على ها الرهط,negative
اخخ,negative
اخدم بظمير اثواب عند ربي,negative
اخدم ربي امعاك وين مصلحة تونس قبل كل شيء التيار و الشعب لايريدون تغيير القانون الانتخابي للاستفادة من نظام البقاية ولايريدون المحكمة الدستورية للتقرب من الرئيس,positive
اخدم على روحك سوف ىئتى ىوم تفتح ابواب المستقبل امامك كنت مثلك و الحمد لله الان,positive
اخدم على روحك ولدي و ربي يجيبلك القسم و يفضلك الوالدة لا ياس مع الحياة شد صحيح و ربي معاك,positive
اخدم في الداخلية الطفلة,negative
اخدمو ربي يعينكم والله,positive
اخر اختبار في مسيرتي الدراسية ويارب توفيقك,positive
اخرتها جايبين متشرد طحان لحاس لأكبر كلب بن على هز المليارات وهرب وخلالنا طحانة مربيهم عالرخص والذل بصراحة بن على عرف يربي كلابو,negative
اخر تويته عشان اقفله لاجل غير مسمى,negative
اخر حاجة الواحد ياخذ دروس من عند بو غلاب و البلومي بوس خوك و روح قالك و العفو و طرطق فلق انتم و شرذمة السياسيين دمرتم ما باقي من البلاد,negative
اخر صفحتين في الكتاب فيهم الخلاصه,positive
اخر كلمه للاجازه احبها الاجازة راحت,negative
اخرولها فيه,negative
اخزي عليك مراء شن دخلك بيهم القلب وما يريد وخزي ع رجل تسيطر عليا مراء,negative
اخساره وصلنا لمستويات منحطه وكلام شوارع أحنا توانسا لينا حرمتنا يزونا قالك فن وابداع ملا,negative
اخس جينات الاسلام بعيده عنك واهل تونس اشراف اشك انك تونسي عربي اصيل اخس وجه,negative
اخسر كل شيء الا الوزن ولاء,negative
اخلاقه عالية ومؤدب ويحترم ضيوفه وهذا ما يجب ان يكون اخلاقيات المهنةواحترام الضيوف واحترام المتفرجين حتى نفهم محتوى البرنامج,positive
اخلاق و جمال و تربية عيشوشة,positive
اخمج واحد في تونس مقداد الميبون,negative
اخواني أحتاج إلى الدعم في صفحتي,positive
اخواني مش قادره ابلع الطعام ومعرفوشعندي حياتي مهدده فاي لحضه حبيت اعمل تحليل لكن كل شيء بالفلوس لان حالتي متاخره طلبت ذلك ممكن حد عنده فكره لحالتي ياست و الله المستعان,negative
اخوكم من الجزائر,positive
اخوكم من الحزائر تونس بلادي ثانية نحبكم برشا و الله دمعة سالت من غنية,positive
اخوكم من اليمن وربي مت ضحك,positive
اخوكم من تونس,positive
اخوك من المغرب و الله ابكيتني بزوج السحر حق و العين حق و الله اشفيها,positive
اخي أختي ممكن دقيقة من وقتكم إذا كنتم من عشاق القصص الهادفة والخواطر الراقية ومعلومات نادره ورائعة فأنا أدعوكم لدخول صفحة هذا الشخص وانتقاء ما يعجبكم اضغط هنا عباس ياسر,positive
اخيب صفحة,negative
اخيب مافي البرنامج لطفي وخاصة مايا بالمناسبة نحب نعرف وين قرات باش نعاودالتوجيه للجامعةاللي قرات فيها,negative
اخيب ممثله شفتها في حياتي,negative
اخيت إذا كان يكثروا الفلوس كيما هكة كل شيء يمساط كل شيء يبدى متاح معادش يتبننها العبد وزيد على ذلك اكيد الفلوس مش كل شيء وايضا في الاخر مش تموت و تخليهم الحاصيلوا بعد ما علقت اندمت اش يهمني فيهم أنا نكسر في راسي هوما يكسبوا ونحن نحسبوا هه,negative
اخي تحب تشري تونس ب سبعة آلاف مليار تفيهه عليك و على و الديك يا كلب يا ساقط يلي ما تحشمش,negative
اخيرا انهيت هذا الكتاب الذي اعتبره من افضل ما قرأت ليس باعتباره محتوى معرفي بقدر ما هو اداه معياريه لاستقبال المعرفه الوصول اليها عن تحر تدقيق كعادة اي كتاب يجيب على اسئله لكنه يخلق اسئله اخري اخرج من هذا الكتاب بسال ما محدودية اتباع المنطق غير الصوري في التعامل مع النصوص الخطابات الدينيه,positive
اخيرا بادر مربي جزيل ااشكر,positive
اخيرا خلصت,positive
اخيرا رواية جبارة,positive
اخيرا واحد تجرأ في ه البلاد bravo bravo,positive
اخيرا واحد قال الصحيح الحمدالله,positive
اخييت ممسطها تمثيلها مشا مع السبوعي الله يرحم,negative
اخييه مخيبك ومخيب رهتك وهف لها المدلات,negative
اداء رائع ابدااع قول حقيقة,positive
ادا جاءك حديث الثورة و رايت شيخا في التسعين يحكم شبابا قامو بالثورة و رايت سارقا للتلفزة التونسية اصبحت له تلفزة خاصة كسامي الفهري و رايت ممجدا لبن على اصبح مليونيرا معز بن غربية كمثال لا للحصر فاعلم ان الشعب حقق كل مطالبه واستحقاقاته و لا يبالي بما حققه الفاسدون الثورة مستمرة يا ازلام شيبوب,negative
ادارة على الحيط,negative
ادا ما يكون كان سفيان ماقدرش يتحمل فكرة انو المحامية تتزوج,negative
ادحلو عندي نعتلكم غير جديد تاعها,negative
ادخل تي ادخل ايجا دزو معاية ادخل,negative
ادعم الزمالك وايناسيو اينما كنت ستجد الزمالك حولك دائما لك سند,positive
ادعوا ل فواز وجميع المؤمنين يزقهم واياكم الذرية الصالحة يارب,positive
ادعولي ربي يرزقني و يرزقكم,positive
ادعولي ربي يستركم ربي ينوب عليا بطفل راني في حالة ربي يستركم ادعولي,positive
ادم دوز صاحبي يحب راب تونسي,positive
ادمنت هذي الأغنية مع هاته الأصوات الجميلة,negative
ادهشني الكتاب بوصفه وتفاصيله هذه المره الأولى لي لقراءة كتاب لغازي القصيبي وكانت من الكتب التي شدتني جدا بكل تفاصيلها خصوصا وظيفه السفير العربي ادهشني حقا الله يرحمه ويغفرله كانت اجمل صدفه لي لاني اشتريت الكتاب بالخطأ,positive
ادهنوه بكعبة حلوة فماش مايولي حلو قداشو ماسط,negative
اديكا ماهيش من جماعة التاسعة هه,negative
اذا أردت أن تفعل خيرا ولا تملك المال ابتسم في وجه أخيك فإنها صدقة,positive
اذا إتبعت نظام غذائي صحي فستموت بصحة جيدة,positive
اذا الخيل لم ترمش من طلق الرصاص فاعلم ان اللذي على ظهرها لا يرحم,negative
اذا امتحان الكيميا خايس مثل ما يقولون كيف الاحيا,negative
اذا انتم مستعرفين باروحكم انكم من صف الامارات يا الاعلام القذارة,negative
اذا انتي الكوين تفكرين كذا غيرك كيف,negative
اذا انحطت القيم في أمه فلنصلي عليها صلاه الجنازة قداش كثرة قله الحياء والتربيه و قللوا الحشمه والسوقيه و الكلام البذيء وكله باسم الفن و النقد لا حول ولا قوة الا بالله اللهم لاتأخذنا بما فعل و قال السفهاء منا,negative
اذا تفرقت الغنم قادتها العنز طزز,negative
اذا رفعت شعارات ظد الغنوشي فلابد من حل هذا الحزب الفاشي وادخال كلابه الى السجن,negative
اذا صليت فالصلاة الوحيدة التي تحرك شفاهي ذر القلب الذي احمل بين الضلوع هبني الحريه الخوف افظع السجون على الاطلاق,positive
اذا غبت الجميع يغيب وترد الروح بقدومك ساعتين احلام,positive
اذاك التونسى الحديث,negative
اذا كان العثمانيون استعماريون كما تسعون للترويج لماذا الشعب التونسي لا يتكلم و لا يفقه شيئا من اللغة التركية بالرغم من حكمهم الذي تواصل لقرون بخلاف الاستعمار الفرنسي الذي كرس لغته ولازال يكرسها لحد الان وبالتالي كفاكم تزييفا للتاريخ بل هيا حقيقة حيث ان التدخل العثماني جى لنصرة اخوانهم المسلمين وتخليصهم من المستعمر الاسباني الذي نكل بالتونسيين انذاك وقتل الالاف واستباحوا المساجد حتى ان جامع الزيتونة المعمور اصبح يستعمل كاسطبل لخيول الاسبان وهو ما لم تتعرضوا له وبالتالي اتساءل لماذا هذا التحامل في هذا الظرف بالذات للعثمانيين بالرغم من ان مزاياهم كانت اكبر بكثير من غيرهم ممن حكموا بلادنا على مر العصور هذا دون ان ننكر ان لكل حاكم ايجابيات و سلبيات حتى ولو كان ابن بلد وعليه رجاءا كفوا عن هذا اللغو وتزييف الحقائق تريدون اقناعنا بشتى الطرق ان فرنسا و اوروبا احتلالهم لنا افضل من العثمانيين,negative
اذا كانت عنده وتائق كمايقول لماذا لم يقدمها الى المحكمة لحكمت ضدو,negative
اذا كان عجل كيفك يوزن مياة و خمسين ناك طراحة من عند طفلة في قهوة السؤال زعما مرتك شتعملك فاليل وقت الصغار يرقدو مع العلم انو لي باش تاخذك متنجم تكون كان عبير كلاسن,negative
اذا كانك ماتكونش محايد ماعادش نسمعك,negative
اذا كان هذا مستوى استاذ ما عادش نلومو على التلامذة,negative
اذاكة موش مقياس راجل اكبير ويخدم في لمرمة يعلم بيه ربي راهو ملقاش مايفطر أما انت هو المقياس اتبيع في لكلام المزيف,negative
اذاك مش يدبر منصب اخر,negative
اذا كنت من هلاء الذين يرتعبون لمجرد ذكر كلمه الماسونيه ولديك الرغبه فى الفزع اكثر فزع مرضى هنئيا فالكتاب لك,negative
اذا لم يكن صفو الوداد طبيعة فلا خير ف ود يجيء متكلفا,positive
اذا ماضاقت بالعيش الكئيب فبادر بالصلاة على الحبيب فريق العفة,positive
اذا مر يوم ولم اتذكرفتذكري اني قلت لك صباح السكر,positive
اذا هدى ماستر بيولوجيا تخصص بيو تكنولوجي جامعة ورقلة يا ترى كم يوجد من هدى بهذه الصفات,positive
اذاى اتواصل مع البرنامج,positive
اذكرو آبوي بدعوه تسعده في قبره لعل احدكم اقرب الى الله مني منزله,negative
اذكريني باول انفاس الفجر مع نسيم الصبح لاهب العطر ولا اكتمل وجه القمر واصبح بدر اذكريني واكتبي لي لو سطر,positive
اذن فيما تدخل يا إلي ما تحشمش يعني دخل في حيط,negative
اذهب الى الجحيم ايها الابله,negative
اذهب الى الزبلة صحبة لطفي كي السون المنحط اخلاقيا,negative
اذهب ريح السد يدي ما يرد الله يقطعكم من البلاد,negative
اذهب وتوكل على الله واطلب عملا يرضى الله يبارك لك فيه بدل عمل الحرام,negative
اذهب وهب,negative
اذهب وهف يهزك العيب مش فيك فلي عاملك قيمة و قدر و جايبك تحكي قالوا حقوق لا يحقلك حق انت ليك واحد يحكلك الفلفل فماشي ما تولي امك تقول جبت راجل و خسرت عليه طهارة اللهم لا تاخذنا بما فعل السفهاء منا,negative
اذهب وهف يهزك يا وليد منا صباحيه,negative
اربح ايفون مع مخضرم وجهك صباح الخير الله يا وجهك,positive
اربح مع الامتياز يارب ارزقني الفوز وانت خير الرازقين,negative
اربع امتحانات فيومين خافوا الله حسبي الله عليكم,negative
اربعة صغار جايبينهم و فرد بيت و من بعد يقلو الفساد منين جاء,negative
اربعطاش سنة تقرى اولى ثناوي هاو الخرط هه,negative
ارتاح اجرب من ااحكاك,negative
ارتاح مالاولى,positive
ارتاحو إلي عملين حملة موش عرب ملا راحة أنازيغ و نفتخر زازا زايد رائعة في كل,positive
ارتاحو من شخص كان منكد حياتهم و مصيبة و غمة هالقلب سي normale يحتفلو,negative
ارتحنا من ها للزرصه المسوسه تتقلع,negative
ارتحنا وريحنا,negative
ارتعي على كيفك ماداموا اعطوك ثقتهم في تونس يتبعوا فيك وعامليلك قدر وقيمة وانت عميلة وكلوشارة و إلي من الازلام والمتمعشين المندسين في صفوف الشعب,negative
ارتقوا إن القاع قد اكتض,negative
ارجعو احكيو على الكورونا خير,negative
ارجوكم خاوتي اشتركو بقناتي ومردوده,positive
ارجوكم ساعدوني حتى اتحصل على حقي ظلم الفقر وظلم الناس ولله ياسر عليه,positive
ارجو من جميع الشباب المثقف و الواعي في تونس أن يفسر لوالديه او لاقاربه الذين سيشاركون في الانتخبات جميع توجهات المترشحين بكل حياد و لا يجعلهم عرضة لتحيل من قبل احزاب القمامة التي تبتاع الاصوات بكل الطرق,positive
ارجو من كل من راء تعليق واكيد رح يكون محامي هناء ارجوكم سعدوه تبعولو قضيتو بين مسكين طفل عمو نهبو سعدوه لوجه الله,negative
ارحم ما في الارض يرحمكم مافي السماء,positive
ارحموا من في الارض يرحمكم من في السماء لا حول ولا قوه الا بالله العلي العظيم قال الله تعالى وما الحياه الدنيا الا متاع الغرور وقال الله تعالى ولا تحسبن الله غافلا عما يعمل الظالمون صدق الله العظيم,negative
ارحمو من في الارض يرحمكم من في السماء,negative
ارخس واحد هو سمير وظهرت نرمين اشرف منهم,negative
ارخص انسان في تونس,negative
ارخص ما فيك يا تونس,negative
ارخص مخلوق,negative
ارخ لا,positive
ارزن من ملايكتوا ما فماش,negative
ارفس يا دولة مدام الشعب مسكين بلاد كلبة شعارها انزل مازال يتنفس,negative
ارفس يا دولة مدام الشعب مسكين حسيبكم ربي في كل خطوة,negative
ارفعلك القبعة بدون تعليق,positive
ارفق علي بالله لا تنوي الهجر,negative
ارك منك مفماش يا سي البهيم سيدك وسيد عرفك قيس سعيد,negative
ارمستا راك فوور ربي يوفقك تحيا من الجزائر,positive
ارمستا فنان كبير و هو مستقبل الراب في تونس ربي يوفقو و نتمنئ ليه النجاح,positive
ارهاب دولة حلو الحدود واستوردولنا الوباء وتوة قطعو لرزاق ولي ما ماتش بالكورونا يقتلو الجوع ظاهرلي وقيت عصيان مدني خاطرهم ماهمش اهل لحكم ها البلاد,negative
ارهاب مع فساد,negative
ارهابي متنكر,negative
ارهابيون,negative
ارهابي يدع للخراب,negative
ارواح الشهداء ترق الفلسطينين اسلوب الكاتب به تشابه من عالم اميل حبيبي,negative
اروع صحافي تونسي احسن من علاء جزائرية مرت من هنا,positive
ازبالة الحوار,negative
ازح وفا,positive
ازدواجية المواقف ربي يشفيك,negative
ازرب روحك واول حماص خوذ بريكيا,negative
ازربي روحك عملة فليم,negative
ازول فلاون حملخكم اطاس اطاس اطاس خالتي عأيشة الله يحفظك,negative
ازين بنية في تونس,positive
اسءلة تافهة جددا,negative
اسأل الله العظيم ان ان يرينا ايام سوداء في كل مسؤل تواطئ في الزيادة الأسعار او الغلاء المعيشة,negative
اسألوه يحبش يعاود,positive
اسئلة المقدم تافهة يحب يبين روحوا ومايخليش الضيف يهدر غير هو برك,negative
اسئلة صحفية غبية ودون مستوى تسأل باش تسأل وفقط,negative
اساءلو عليه المدير توا تلقوه من الجيل القديم,negative
اساذتذة هاذم وقتاش ينقرضو هه,negative
اسال بوك الطحان على كلسون امك القحبه تفوه عليك وعليها يا خامج,negative
اسال سيدتك فرنسا عندها الجواب,negative
اسالوه هذا قولوا له اولادك وين يقراو اولاده في كندا يقروا وجاي سي وخينا هذا هنا في تونس باعتصامات واضرابات و الله تونس لاتنجحها مدام فيها الانسان هذا,negative
اسامة جديد على التشكيلة في مهمة خاصة خاصة جدا,positive
استاذة بكل مقاييس قراتنى فى دروا صفاقس وكانت شخصية قوية و فارضة روحها,positive
استاذة من خيرة الاساتذة الموجودين في كلية الحقوق بصفاقس استاذة عظيمة برافوو,positive
استاذ قانون السيد هذا ميجي شيئ انجم اجي استاذ تلحيس,negative
استاذ مقداد نحن معك لتطهير الوسط الفنى من ها الاشكال,positive
استاذنا في ترشيح المرسى ربي اطول في عمره,positive
استاذي العزيز الغالي,positive
استاذي العزيز دمت فخرا لتونس وللترشيحيات خاصة,positive
استاذي الفاضل بمدرسة ترشيح المعلمات بالمرسى,positive
استاذي المبجل تحية من تلميذتك الترشيحية,positive
استانسو بلقما الباردة و التلحيس هات شكون يفهمك فرانسا اعطاتهم استقلال وهربت منهم لحقو اعلها شعب مريظ بالطحين يحب شكون يهينو ويمثل ياسر,negative
استرجل راك كبير,negative
استر ما ستر الله قلة حياء,negative
استري روحك قبحك الله,negative
استعراض مل لخلفية البطل الكاتب الثقافية,negative
استعملوا الكشكول إلي خايف لعنة الله على تجار الازمات,negative
استعيد تونس من الخوانجية وسيب عليك من ضربان اللغة,negative
استغربت من عدم احتفالية مورينهو بالهدف,negative
استغفر الله العضيم حسبي الله ونعم الوكيل,negative
استغفر الله العظيم جايبين شراب و ملهى في سيد رمضان تفووه عليكم خماج,negative
استغفر الله العظيم وايوب اليه,negative
استغفر الله الكريم ربي يهديك,positive
استغفر الله الله الغني الكريم,positive
استغفر الله في شهر رمضان شياطين الجن مسلسلة قعدولنا شياطين الانس عفانا و عفاكم الله,negative
استغفر الله,positive
استغفر الله لم يسلم منهم الضعيف,negative
استغفر الله و اتوب اليه,positive
استغفر الله و برة الشي إلي صاير يحشم نشاله ربي يسمحنا ولله علامات الساعة هاذم و لاخر جاي يمد في وجهو و يدافع خييت عيفتوني في حياتي و احمد الاندلسي سيدك يا لي تحكي عليه ياعاهرة ياعار على لمرا التونسية تقعدي وهف يهزك,negative
استغفروا ربكم في هذي الأيام المباركة,negative
استفزتني جدا نهايتها بروده اصلا فكره ان واحده تفضل تحب واحد حوالي عشر سنين بدون مايحصل بينهم اي حوار مجرد انه تشوفه مرات معدوده بس يمكن بيشفعلها عمرها وكونه الحب اول بالنسبالها مع كل الروايه ممتعة عشت معها بمكان جديد وأجواء مختلفة,positive
استفزني الكتاب ماعجبني اسلوب الكاتب لكن الرواية فيها تشويق خلاتني مش قادرة نتوقف قرائتو,negative
استقال هل قبلت الاستقالة و هل تؤثرفي شيء منصب فيكتيف بطبيعته,negative
استقيم او استقيل يخلف عليك ربي ترجع الخدمة المحمات و نقص من تطاول على سيادة,positive
استمع إلى الجميع ولكن اصنع في قلبك سمعا لا يدرك إلا كلامه لأنك الله,positive
اسد البلاطوات,positive
اسرع حاجه قريتها في حياتي بدأت فيها عمو ابراهيم بيفتح باب الشقه رايح يصلي الفجر خلصتها هو بيدخل من باب العماره اصلي بقرا جمب باب الشقه العنوان معجبنيش مع اني بنت بس معجبنيش او قصص عجبوني,negative
اسطه لاسطه,negative
اسعدنا كثيرا حضورك دكتور حمدان كنت ومازلت داعما لنا الله يجزاك عنا كل خير,positive
اسقاط الخوانجية واتلاف الدواعش من تونس واجب وطني,negative
اسقاط متعسف على المرأة,negative
‏اسقطت تونسي على وجه الأرض,negative
اسقط منهم مثماش صف الخونة,negative
اسقط و انذل تونسي يدعي التمثيل ولانسانية و بداخله كره و حقد ايديلوجي اعمى,negative
اسقطي قوات الكافيه خلق قواعد بالعربي الصالحي,negative
اسكت احسن,positive
اسكوت يا واحد الكلب كبير او جاياح,negative
اسلوب السرد الحوار املل ما يكون النجمه التانيه فقط عشان مشهد النهايه,negative
اسلوب الطاهر بن جلون رائع يضع الأحداث فى قالب درامى يجعلك تتعايش معه صنع من كل ثوره حاله انسانيه ووصفها بدقه لدرجه يمكن ان تلمس تفاصيلها وتعيش معناتها اضافه الى التحليل الاسقاطات المناسبه تماما لسياقها أحببت الكتاب,negative
اسلوب الكاتب رائع في سرد الجريمه ربطها بالفساد لكن هناك فقرات من الاباحيه اعتقد انه كان من الممكن الاستغناء عنها نهايه الروايه رائعه,positive
اسلوب سردي جميل ومتقن صور الالم تحبس الانفاس وتستفز الدموع والغضب انها رواية جميلة جدا تعبر بشكل مباشر عن هاجس الكاتب في لعبة الاسود والابيض وذاك التحول التاريخي في العالم العربي والعالم كله بين اليسار والافكار التقدمية والثورة القادمة من باب اليسار الى التحول والانتقال الى اليمين وخلع البيريه ذات النجمة الحمراء وارتاء الجلباب القصير وحف الشارب انها رواية لاتستحق القراءة فقط وانما يجب قراءتها والتفكير في اسباب التطرف الحقيقية السلبية الوحيدة بنظري هي المباشرة الشديدة في طرح الموضوع تحية الى السوري فواز حداد الذي لم يحصل على مايستحق من الثناء والتكريم,positive
اسلوب عبقري كعادته,positive
اسلوب مكرر,negative
اسلوبه والروايه بمجملها كقصص المنتديات قرأتها لان صديقتي طلبت مني ذلك بعد ما طلبتها مني من معرض الكتاب وسعدت انها قرأتها لانها غير قارئه ولكنها ستكون بدايه عليها,negative
اسلووب بيشد بتريققة غبية,positive
اسمع االمستوي لهذا الشخص في قلب البرلمان هذا الشخص يريدونه الفوارس رئيس و هذا البؤس بعينه تونس ستلفظ هؤلاء,negative
اسمع الكلام تفووه على امثالكم,negative
اسمعت إذا ناديت حيا يا بوغالب لكن لا حياة لمن تنادي الموروث الثقافي الإسلامي العفن الذي آثر على هذا العقل الجمعي التعيس لن يتغير لأنه إرتقى إلى درجة القداسة,negative
اسمع وابوني,positive
اسمعوا يا جاهلين اسمعوا يا أعداء السعادة والمتعة,negative
اسم فنانة دقيقة صفر ثنين عشرين,positive
اسمها النجم و طلعت ما تنجمش زياد الفار زعم لباس,negative
اسمها جيلي كولا مش جيلا كولا,negative
اسمها فلة و هيا فلة صوت رائع فنانة بأتم معني الكلة الله يحفضك,positive
اسمو سي المنصف الفرجاوي,positive
اسمو طاهر وهو مسخ هه شيخ المثليين,negative
اسمو على جسموا دنيا اخرى دنيا متاع ضحك ملا مبروكه و لميس و صبري و ملا خف عند البرنس ضحكه عالميه,positive
اسهل تهمة,positive
اسوء حلقة شفنها في طريقة التقديم,negative
اسوء روايه قريتها انا مقدرتش اكملها في الواقع هي روايه دمويه مقحم فيها الجنس بصوره مبالغ فيها مبتذله ايقاعها بطئ في الجزء الاول احداثها غير منطقيه,negative
اسوء ما قرأت,negative
اسوء ما كتب احمد مراد لو كان ينفع احط نص نجمه كنت حطيت,negative
اسوء مسافة بين شخصين هي سوء الفهم,negative
اسوأ من غيابك حضورك الباهت,negative
اسواء شعور في الدنيا هو شعور الخذلان,negative
اسوابع اديكم موش كيف كيف انتوم اتحبو على البنات إلي كل يوم في القهاوي و في رصترنات مت حبوش بنت الدار ؤطب ببشتها ختر بنت الدار آت قلو اعليها هايش و متأخرة لكنكم غالتين هيا متثقف ؤ واعية أما بنت دار أما بنت الشوارع تجر لها هيا لولا,negative
اسوا مهمة تجهيز لزواج كثير علي زواج اخوي واختي بنفس السنة مهمة صعبة جدا,negative
اشاعة,negative
اش امدخلك تاخذ في شهريتك اش يهمك فيها فلوس ولا مفيهاش,negative
اش باش تردوه علاش ملائكة ماو طحان مثل بقية برشا طحانة,negative
اشبع بثقافة العبدلي,negative
اشبيه اك الميبون يتفرج عليهم حسبي الله ونعم الوكيل,negative
اشبيها كي القطوسة تتلوسق باش ما تقولش حاجة آخرى,negative
اشبيه بدء يحط فلعص فلعجله من توا مدامو ورناء اسيد هذا راهي صغرناء متنجحش,negative
اشبيه شديتوه بعضمتو خليه يعمل إضراب موت مشو جوع,negative
اش بيه لطفي زيتون على راسو ريشه و آش مدخلو في الموضوع وانت علاه تحكي فيه الموضوع اصلا,negative
اشبيه ميبون ها رحموني,negative
اشبيهم يحبو يعملو دوله وحدهم لواه ماهمش اولاد تونس,negative
اشتاق لك في غيابك و ابقى احبك لو ديارك بعيده ليتك تدري عن حالي في غيابك,negative
اشتركوا في قناتي,positive
اشتغل صحافي خوي التونسي تمشي معك ربي معك,positive
اشتقت لطلعات الفطور مع صديقاتي اجمل الصباحات كانت,negative
اشتقت لك و كل منا في بلد,negative
اشتقت لناس كثير بتويتر يالله افتكر رمضان اللي فات مسرع مرت سنه وانا معد ادري فين الله حاطهم,negative
اشتقت لي ايام كانت معاك,negative
اشتقنا لك يا علاء اين جوك المرح,positive
اشتقنا لمكه وبيت الله الحرام,positive
اش تقول يا جوهر القيم والمبادء وابناءنا الصغار ما فكرتش فيهم,negative
اش تكذب أنا عمري أربعين عام في المرمة التوا قاعد فيها,negative
اش تكذب في أوج المرض وحي التضامن الناس الكل عايشين حياتهم بصفه عاديه و الناس الكل لباس أما توه هنالك املاءات من منظمة الارهاب الدوليه الصحة لإعطاء أرقام كبيره لغرض بيع اللقاح مع العلم قبل الموجه ثنين هذي المنظمه صرحت بأن تونس ستصل إلى تسعة آلاف حاله كيف تنبأت,negative
اش تكذبو و العباد اش تصدق,negative
اش تموت على شو و نتوما يا إعلام الغلبة قداش تعملوا للخرا مغارف,negative
اشتهيت اسمع لطلال مداح بسبة اخر بيتين,negative
اش خليت,negative
اش خليتلهم حسبك الله ونعم الوكيل أما ردبالك تتنازل على حقك مالة وقتها شنوا الفرق بينك و بين المراء الضعيفة إلي مسكينة تقبل الظلم وتسكت أيا كان نوع الظلم وأي كان الظالم ربي ينصرك و هذا يخلينا نتساءلو لو ماكنتش اعلامية معروف اش كان يصير,negative
اش دخلك انت وشنوا قلقك,negative
اش ربحتو منه الباجي شعب مسكين,negative
اشرطوا يا كلوشارات على الدولة,negative
اشرولهم باخرة كبيرة خمسة فوايجات لايطالية توا الموضوع يتسكر,positive
اش طبا من عصا وكف ياساقط,negative
اشعب تونسي كل معاك و هذا المحامي مشولي شارلك هولمز و ويبرر للاجرام و استغرب اينا الذين ويدافعون على الحقوق المرأة ولاحقوقيين الم تكن امراة وابراكوها و اعتدو عليها بي سلاح ابيض تتعداء إلي محولة قتل او تكون بنة فولان اتريدون اسكات صوت الحق او هيا اشعرها اصفر لا يجوز محكمتها,negative
اش عملت لوجهك يا علاء عيونك كالقاطوس يزي من النفخان فضحتنا يا خرى نرمين ارجل منك اكبس روحك شبي وخاي,negative
اش فمة هذا كل هه,positive
اش قرب للواد يازيتونة تكذب تكذب تكذب إلي يتهكم على التراجي طبيبو ربي اش قربك للواد يازيتونة التراجي دولة و الدولة عندها هيبتها وتحمي ابنأها وابنأها يحميوها وانت عمرك مكنت من انباء الترجي و الترجي معندهاش انبأء مشاحنين التراجي عريقة ومدرسة في كل شيء وانت طلعت ولا شئ,negative
اشكال موبنة وقحاب درجة اولي,negative
اشكرك سيد مورو انت انسان تجسد الاخلاق انت شخص تبعث بداخلنا الاحساس انه ما زال في بلادنا رجال شرفاء شكرا شكرا شكرا,positive
اشكرك على تذكيري بهذا الكتاب لان كنت ارغب ب قراءة ولكن انشغلت بالعمل سوف اقراه قريب,positive
اشكركم على الاحتفاء بي اليوم العالمي للرجل,positive
اش كرهناهم ها السياسيين ما عندهم كان الكذب,negative
اشكر ياعلاء جزيل الشكر على الاعمال الخيرية اي تقوم بها وان شاء الله يوصل كل غريب لاهله,positive
اشك في رجولته,negative
اشكون الملقن الجديد للشيخ و علاش استقال يخرج يوضح حتى على صفحته الرسمية خلي الشعب يعرف ان النهضة ماعندها حتى صديق غير تحب الحكم و المناصب باش تخدم مصالحها الخاصة و مصالح الدول التي تدفع لها لتخريب تونس,negative
اشكون عندو حجرة,negative
اشكون قالك كان جايك قيس سعيد من اصلو,negative
اشكون قرا باش تعرف النقص,negative
اشكون هلك تونس كان هم إلي حطوا يديهم في يد الفاسدين والانتهازيين والمطبعين وهاي الثورة الله يرحمها بسبهم قتلوها,negative
اش كونهم المحامين البيوع واخوه البراوطية حاش الشرفاء,negative
اشكونو الطحان هذا زيتون,negative
اشكونو لطفى زيتون حتى يطلب العفو لعائلة الرئيس بن على بل شنوا جرمهم اصلا حتى يطلب لهم العفو وحتى إذا اجرمو ومطالبين للحضور امام القضاء والمحاكمة آخر واحد يطلب لهم العفو هو أحد الاخوان بإختصار ننصحو يوفر طلبو لنفسه ولزملائه فى تنظيم الاخوان الارهابى,negative
اشكيو بالكورونة بيدها أما أثناش مليون تونسي باش يشكيو بيكم لربي,negative
اشكييوا بالمرخوف كانكوم ذكورا,negative
اش لز العاقل باش يفسد خليقة ربي اللهم احمدك واشكرك خلقتنى فاحسنت خلقتى محلاها سنوات عمرنا الطبيعية,positive
اش لزك,negative
اش لزهم حتى البوتكس يهزهم,negative
اش مدخل جد بوك انت يا كلب تلك الجرثومة الشبيهة للمرأة عبير موسي قد عبثة بشعب التونسي ورقصة فوق الجثث,negative
اش مدخلك فى اومور ما تعنىكش عىىب اعملت العار,negative
اش مدخلك,negative
اش مدخلكم تهزو في الطحين يا كلاب هو عالقليله قال كلمتو و ماهوش نادم أما انتم لحاسة عبير,negative
اش مدخله في حاجه ما تخضكش في كل شيء مدخل نسنوسته,negative
اش ملازك يا سمارا هه جاي تلعب مع كلاي كول ع راسك هه,negative
اشمن قانون تتكلمي عليه الحكومة هيا بذاتها لاتحترم القانون,negative
اشنوا النضال الذي قمت بيه يا عياض اللومي بالله اخدموا مصلحة الناس احسن وخير,positive
اشنو البرتوكول الصحي إلي باش تعملوه ياخي الماء و الصابون مفماش في تونس ولا تعلمتو تأخذوا الشهاري وشادين الدينار والتلاميذ هما الضحية,negative
اشنوا هالمستويات المونحطة توا هذوما ممثلين يتفرجو فيهم العباد ويمشيو إلي عروضهم كما لطفي العبدي وولد لمين النهدي هاه شومي هاه,negative
اشنوه السبب,positive
اشنوى هذا الطف,negative
اشنيا جبت جديد يا شسمك كل عام لاخير من خوه على خاطركم سراق,negative
اش هادا,negative
اشيب وااعيب,negative
اش يرغي كالصابون,negative
اش يهمكم فيه يبيع فالبيرة شنوا المشكل يبيع في drog هو لا دبرتولهم خدمة و لخليتوهم يخدمو لين تخليوهم ينطرو و يسرقو,negative
اشييت وات ذا فاك,negative
اصبحت مدينة الظلام,positive
اصبح لدي قناعة بعد قراءة هذا الكتاب وهي ان بيغوفيتش اسطورة لن تتكرر المسلم الفيلسوف المفكر القائد العسكري الرئيس الانسان المثالي بيغوفيتش المسلم فهم الاسلام كما لم يفهمه احد سواه في عصرنا المشوه هذا فيارب ارزقنا فهم الاسلام كما فهمه هذا الرجل بيغوفيتش القائد حارب وحيدا بعد ان خذله اخوته في الدين واخوته في الانسانية بيغوفيتش الفيلسوف يفاجئنا بكل كتاب يكتبه بمخزونه الفكري الذي يصور لي انه لم ينضب ولو قدر له العيش لبعد ال لقرأنا له عناوين جديدة متميزة طيب نتحدث عن الكتاب الاعلان الاسلامي لو اتاح عشر نجوم اخرى لكنت منحتها له هذا كتاب موجه لكل مسلم لم يتوجه لغير المسلمين ويتعثبع اسلوب الدفاع عن الاسلام وكانه موضع اتهام كما فعل الكثير بل كان كتابه منهاج موجه للمسلمين لفهم اسلامهم بصورة افضل ذكر وصف دقيق ومفصل كما لم يذكر احد سواه لكيفية قيام دولة اسلامية تدوم وتستمر مثالي للقراءة في عصر تشوه المفاهيم الذي نحياه هذه الايام سأنصح الجميع بقراءته هذا كتاب تقرأه بقلبك هذا كتاب تحزن عند انهاءه,positive
اصبحنا واصبح الحب والملك لله صباح السبت السعيد والمبسم الجميل والوجه الطليق,positive
اصحاب elgrafat يخرجوا كان في الطقس المزيان يكذبوا على المواطنين هاو هاو هاو هاو هاو باش نعملوا او في اللخر ما تلقا كان الدمار,negative
اصحاب الشهائد المعطلين عن العمل في القصبه معتصمين لم تذكروهم و لو بكلمه و شادين في اخبار لا تفيد,negative
اصعب شعور في هذه الدنيا ان تكون متوفي وانت ع قيدها فرحتك بألم وضحكتك بوجع الله يرحمك يا أمي,negative
اصعب شعور ممكن يمر عليك انك تحاول تلهي نفسك بشي عشان تشيل تفكيرك عن شي ثاني,positive
اصعب ما في الشوق انه يكون لأحد ميت,negative
اصعب من الحرب البونقية,negative
اصعب من هكا مشا في بالي ألفين و عشرين آخر ستاج,positive
اصعيبة كان على الزوال و الباقي متمتعين حسبي الله ونعم الوكيل فيهم,negative
اصغارهم مشاو للبحر و هزوهم للمهرجنات و بلتو بيهم في الوتلا و حضرو بيهم الاعراس و توا القراية خافو عليهم هه,negative
اصلا الحتفال بالمولد وحرام الحمد لله,negative
اصلا برنامج تافه قاعدين ينبرو ما فيشو حتى فايدة,negative
اصلا جمال روحك و صدقك وحبك لبوك و رضاية الوالدين يكفيك ارفعي رأسك دائما مهم كانت طبيعة الناس وربي يشفيك إن الله مع صابيرين ان الله يمهل ولا يهمل يا أحباب الله إدعو لها بشفاء,positive
اصلا حتى بلاش كورونا الناس تسمع كلمة القيروان تفصع هذا من سياسة الإعلام المحترف إلي عندنا شوهتوها ولاية كاملة زيد كملو عليها شوي همل,negative
اصلا قمة العار باش يحكيوا فى هذا الموضوع,negative
اصل الأساتذة موش مستعرفين بيه في قائمة الادوات,negative
اصل الزين في العينين و العينين في السمره,positive
اصل انت شكون يسمع بيك كان لفرارات لي كيفك,negative
اصلا يشتغل في الاسود تعدي عالقانون من العرف كيفاه تسكت الدولة على واحد يخدم في السود ثانيا التونسا الطل يعرفوا إلي مستحيل واحد افريقي يستطيع يتجلطم على عرفوا وهو من غير اواق إذا واضحة العملية من العرف الحقير الحيوان,negative
اصلح شاشة التلفون او ايفون جديد,negative
اصلح فمك,negative
اصلع و عصو رزين لي على الليمين تفووه ملا شوينكومة,negative
اصلها تونسية من باب سويقة,positive
اضحك وضحك مدامهم اضحوكة لزو ارواحهم وزيد اشنوى قال احكة على الكلصون وكانو حكى على الكلاسط والى الجوارب وهاو صبونكم منشور على برى و الناس الكل تتفيج فيه وتشوف فيه,negative
اضحك يا عمودي هذا التغريدة للمستقبل صناعة اول سيارة سعودية ذاتية القيادة بتكون في سدير ال,positive
اضحوكة البشر ساقط وهامل يساوي نجم على مستوي تونس وايضا الساقطه إلي تتعري وتستعرض مفاتنها تساوي نجمه اذن العيب في من الوسخ خلي كل النساءخائنات ويضحكوله اتفووه على العقليات التافهة فعلا أمة ضحكت من جهلها الامم,negative
اضحوكة البشر صار نجم هه ما أتفه الشعوب العربيه,negative
اضرب راهو يتنفس يحب يعبي مع الجماعة إلي تغرف,negative
اضرب مازال ىتنفس,negative
اضرب مازال يتنفس,negative
اضرب ها الحمدي الاتحاد معاك مسكينة تونس اش تعاني,negative
اضرب يا بدرى,positive
اضرب يا سيد كبرت اميمة و تتمنى سعادة يا كيما كيما وانتي وقتاش العرس ولا تاريخ واحد انت وبوك,negative
اضف إلي معلوماتك كان تحب تكرهك الناس قول كلمة حق وحده وتشوف ردود الأفعال يالله faute وطفي الضوء,negative
اضنات,negative
اضهرو على حفيقتكم تحالف الإرهاب مع الفساد ضد رئيس الجمهورية النزيه النضيف,negative
اطالب بحذف التغريده ذي لني تمصخرت فيها كثير حسبي الله عليكم,negative
اطاليا باش تهزو الدوله الرومانيه واحنا قعدنا من استعمار لاستعمار عليسه روما العثمانيه الفاطميه الاغلبيه الفرنسيه البرقيبيه واخيرا النهبويه,negative
اطمئن فإني أحبك بقلب سيبقى معك حتى يشيب لن أخذلك أبدا فأنا من سيقف بجانبك أنا من سيفتح ذراعه لك دائما أنا من سيخفف عنك الامك,positive
اطول محاضرة في تاريخ البشرية له دقايق ما داوم برد انام,negative
اطيب خلق ربي اهل الريف العز و الكرامه و القدر و الشرف مسكين في عداتهم وتقليدهم على نياتهم ولاد باب الله الخير و البركه كان في ريف وكيف تزورهم يفرحو بيك فرحه كبيره عندهم الكرم في دمهم,positive
اظرب الشعب مازال يتنفس,negative
اظرب الشعب مزال يتنفس,negative
اظرب مازال يتنفس,negative
اظرب مزال يتنفس آه يا أولاد شحيبر,negative
اظل اتسائل متى ياترى سافقد حماستي وانا اقرا كتابا جديد لابراهيم الكوني لكن كتابا بعد الاخر يزيد تعلقي بهذا الحكيم الساحر ومثلما الصحراء كلما غطست اكثرا في اغوارها زاد السحر والعطش لبع جديد ابوبيس هذه الاسطورة الاخذةالمليئة بالحكمة والدرر لغتها سحرية واجوائها عالم من الفانتازيا من الغلاف للغلاف تشدك الاحداث في رحلة بحث الابن عن الاب رحلة يتجسد فيها كل طبع الانسان بخيره وشره لاكتشاف الحنين الاول الذي لا يشبعه شيء في هذه الدنيا الفانية اخاف ان اقتبس للكوني لاني لن اتورع مرة اخرى في اقتباس كل الكتاب ولكل هذه الاسباب ساظل اغفر للكوني ميله لابعاد الانثى في نطاق الشر وان كساه بالخير احيانا تستحق نجوم من غير مبالغة وساظل شاكرة للانسان الذي وهبني احلى كتب عمري,positive
 اظنني سأقرأه مر اخرى وأخرى طبعا فيه ما يروقني وما لا يروقني ما ينسجم مع ايماني وما لا ينسجم لكن الاختلاف هو ذا من يمد نا بجرعات من الشوق ويبعد الملل والفتور من حياتنا ويدفعنا لنفك ونتفك اسلوب ممي وفريد كتاب ليس ككل الكتب اقــتباسات الكلام مزيج من الصدق والكذب أما السكوت فصدق لا غش فيه ولي رأي ليس السكوت هو صدق دائما فـ الس اكت عن الحق شيطان أخرس فعلينا ان نتعلم ونعرف اوقات السكوت واوقات الكلام ونحن كبشر لسنا كاملين لذا فمن البديهي ان يكون احيانا في كلامنا مقدار من الخطأ ولا عيب في هذا لله ما أسرع الناس في خلق أسباب الشقاق وما أبطأهم في خلق أسباب الوفاق وزاد طي هي المعرفة المــعصور من الألم ومن جهل الانسان ان يسعى الى المعرف بحواس الخارجي لا غير قد ينسدل الس تار على القليل والكثير منها ولكنه لا يمحو نقطة مم وراء الس تار الاشواق والرى لا بد لهـا من ترجمانـ والت رجمان لا بد له من قلم او لسان قلت ألا تكون حرية بغير معرفة قالت بل تكون عبودية قلت ألا تكون حياة بغير حرية قالت بل يكون موت كثرة الكلام ملهاة للفكر البشر يهربون من السكوت التأمل الوطن ليس أكثر من عادة البشر عبيد عاداتهم التردد ضعف يتجم عن خوف التندم في المستقبل ليس العبد من يباع يشترى في سوق النحاسة إنما العبد من قلبه سوق للنخاسة كم منظر وقعت عليه فتمنيه لو كنت بغير عين آخر فقلت يا ليت لي ألف عين ذبحت حبي بيدي لأنه فوق مايتحمله جسدي ودون ماتشتاقه روحي أربعة هم الناس إنسان جل بهيمة وبعضه إنسان وإنسان نصفه بهيمة ونصفه إنسان وإنسان جل إنسان وبعضه بهيمة وإنسان كله إنسان أما الأول فما لفكرة الكمال أقل سلطان عليه وأما الثاني فيحلم بالكمال ولكنه لا يسعى إليه وأما الثالث فيحلم ويفك ويمن ويشتاق ويسعى بكل واسطة لديه وأما الرابع فقد وصل إلى ما وراء الحلم والفكر والإيمان والشوق والسعي فلا يغريه تصفيق ولا يذيه تصفير والثالث من هلاء الأربعة أحقهم بالتقدير وبالمحبة والغفران لأنه لا يصارع البهيمة في نفسه لا غير بل يصارع كذلك الناس الذين ما برحوا جلهم بهيمة والذين نصفهم بهيمة فهلاء لا ينفكون يزرعون في طريقه الفخاخ لينصروا البهيمة فيه على الإنسان كيما يبقى واحد منهم وضمن حظيرتهم أيها الكمال ما أدناك وأقصاك وما أمر وأحلاك أيها الكمال ليكن شوقي إليك شفيع بي لديك,negative
اظهر وبان عليك الامان,positive
اعاني من دقة الملاحظة,negative
اعتزال اندرتيكر خبر محزن للاسف وداعا اندرتيكر,negative
اعتزلت الكتابه منذ مده والسبب ببساطه لا أريد الكتابة عنك,negative
اعتقد من اهم اسباب اعجابي بكتاب ما هو الشعور بالمتعه اذ ذلك للاسف لم اجده في هذا الكتاب فهو شعرني بالملل الشديد بالرغم من المعلومات الجديده والثقافه الواسعه والواضحه التي يتحلى بها الكاتب حتى انني كدت تركه دون اكماله الا انني انهيته بذات الملل ولكي لا اجحف حقه كليا سأعترف باستمعتاعي بحكايه واحده او ربما اثنتين لذلك ساكتفي بنجمتين,negative
اعجبت جدا بحالة الحوار الراقي التي افردها الملف بين اصحاب مذهبنا السني اصحاب المذهي الشيعي الاماميه الاثنا عشريه حول موضوع زواج المتعه كل ما قام به الملف هو استعراض ما نسب لرسول الله من احاديث في كتب الحديث الفقه المختلفه ما نسب لبض الصحابه ايضا من مواقف اراء بهذا الشأن ثم استعرض الملف على ضء الكتاب السنه بعض الحلول للقضاء على ظاهره الاغتصاب كتيسير المهور تعدد الزو جات عوده الجواري وهو اجتهاد من الملف اخطأ ام اصاب لم يدعو مطلقا لجواز المتعه فانبرى ممن نصبو انفسهم مدافعين عن الشرائع الاسلاميه لسب تقريع الملف اتهامه بأنه يريد شق وحده الصف بلبله جموع المسلمين فما كان من الملف الا الرد عليهم بالحسنى افحمهم بآرائه قد كانت ردودهم لم تأت بما ابتغاه الملف وهو تثبيت ترسيخ حرمه المتعه الرد على الشيعه بالجواب المفحم فلم يجد غير السباب الله تعالى يقول في كتابه الكريم ادع الى سبيل ربك بالحكمه الموعظة الحسنه جادلهم بالتي هي احسن غيرها من الايات الداعيه للتلطف في الحديث مع غير المسلمين فما بالك بالمسلم اخيرا لم اجد افضل من كلمات الملف لأختم بها اذا قرأت فهمت فسوف تحاورني اذا قرأت ولم تفهم فسوف تشتمني اذا لم تقرأ لم تفهم فسوف تنتصر علي,positive
اعجبتني الروايه قريتها في ايام كرهت فيهن الرجال بسبب امراه الجوهره,positive
اعجبتني تلك النصوص لا نستطيع ان تحيط بهاله الا اذا خرجت خارجها الاجتهاد في وضع دساتير متغيره في الازمنه المتغيره يرحم الجاهل بالجحيم تاديبا وتعليما ويرحم العارف بالجنه فضلا واكراما تلتقي رميه العبد والرميه المقدره من الرب فتكون رميه واحده وهذا مفتاح لغز القضاء القدر اتفه المقدمات ممكن ان تدي الي خطر النتائج واخطر المقدمات ممكن ان تنتهي الي لا شيء كانت كلمه حوار هذه قد تم توظيفها جيدا داخل صفحات الكتاب مما يوحي اليك ايها القارئ وكانك جلس بين شخصان يتناولان العقيد الايمانيه الالحاد تنصت في صمت لتجني ثمار الحديث هذا لم يعجبني الجزء الذي تحث فيه الكاتب عن المراء كان بنظري بانه ربما استطاعهه ان يتعمق ولو قليلا بشان المراء بالمقابل اعجبني كثيرا ذاك الجزء الذي يتناول الضمير وايضا لماذا خلق الله الشر كتاب جيد نوعا ما ولاباس بان نتفهم عقول الملحدين لربما اقتدناهم الي الايمان بعقول نيره ممنه تصل الي درجه افكارهم تقنعهم بلا ان تقلل من قيمتهم كابشر تمنياتي بدوام توفيق,negative
اعجبتني جدا فكره الصناره والطعم,positive
اعجبني الخدام التونسي إلي يخدم ربع ساعة في النهار و يعجبني الموظف التونسي إلي كيف تدخل لبيروه و تسلم عليه برد السلام و من بعد بعطيك موعد آخر بعد عام و يعجبني البلومي و غلاب والعماري اصحاب الفتن الكبرى إلي يبيعوا للشعب في الكلام آمنة ربي يهز علينا اولاد الحرام,positive
اعجبني المسلسل,positive
اعجبني جمالك ولوأنك في عمر أمي,positive
اعجبني فيه هذده القصص كيف صرت مجنونا الطموح الملك الحكيم الذوات السبع النملات الثلاث القفصان اللغه الاخرى العداله,positive
اعجز عن وصف روعة الكتاب ونقاء الاحساس النابع من الكلمات هذا القلب الذي وزع الحنان للعال ويجعل صفاء هذا الكون من الأماكن التي يكون فيها ويغسل الكثير من درن الدموع الم بتذ لة هذا القلب الذي وقف أخيرا في وجه أحزاني ورفع قصيدت بصوته الثخين داخل مسرح الق لوب ونسيت فيه موعد موتي الذي ينبض بالحياة ويهديني نعمة السعاد ويجعل ني طفل يرك في الجنة هذا القلب أمي بعثرتك الأيام بعدما كنت رت با اليوم لا تستطيع أن تجلس قبل أن تفقد شيئا منك آه لو أن الأحلام تسير على قدميها لتصلني لوقفت على رأسي أستقبلها لم تعد الأمنيات سهلة أي ها البعيد عني البعيد كثير كشيء لا رى والقريب من القريب جد كملمس يدي لا أنت ترحل وأنسـاك ولا أنت تأتي وأجد ــ احتفظت بنجمة لبعض اللاشياء لم تعجبنى,positive
اعدام اعدام,negative
اعدام,negative
اعدم اعدم اعدم,positive
اعدمو توا تركح البلاد,negative
اعرف اصلك قبل تونس امازيغيه مش عربيه زيفولك اصلك,negative
اعز الناس ربي يشدلو في صحيحتو وربي يعينو,positive
اعز الناس مستائين مني برده ياولاد,negative
اعز حلقة و صافي سعيد,positive
اعز رابارات في تونس بلطي و كافون,positive
اعزف يا سيرجي فقد أبكى لحنك صديقك قبل عدوك,negative
اعزم على ترك ذنوب الخلوات فهي إغلاق وإطباق وهي أكنة وأغشية وهي البلاء الذي يضيع قلبك ويلوثه ويسقطه رياض السعادة,positive
اعز واحد بيروم يعتيه دودة محلاه,positive
اعطاوهم للولات,negative
اعطف علي يا ريم يا نافر الغزلان,negative
اعطو حق ربي توه ربي يلطف بيكم,positive
اعطونا ديبلوماسية تحسنو وضع البلاد وتقضيو عالفساد شوفو الناس يرحم و الديكم حسو بيناا,negative
اعطونا عام تعدى ساهل,negative
اعطونه العنون متاع ريستو تعه ناجح نروحو عندو في صيف كمل دزريه نجو عندك خويا ناجح,negative
اعطوهم من فلوس الاتحاد خير ماللي تصرفو فيها في النزل راهم قرابة سبعمياة ألف موظف دون الخواص قلونا مساهمانتا وين ماشين اقل واحد من ها السراح المجرمين عندوا ثلاثة كراهب,negative
اعطيت الكتاب نجمتان رغم انه أعجبني كثيرا ولكن للحق كان به مخالفات دينيه كثيره لا احب اطلاقا عند التحدث عن العواطف ذكر الله او الدين مطلقا لانه غالبا ما نتفوهه بأشياء قد لا تليق بالله او بالدين مثال قالت الكاتبه المحترمه إن الدين عندي الانسان والله سبحانه وتعالي قال ان الدين عند الله الاسلام اي انها تمن بدين اخر غير ديننا,negative
اعطينا تتنحى علينا ها الكورونا ولاقتصاد يتعوض,negative
اعطيني رااجل تيي اقسم بالله تعيش بلاش راجل خيرر مازلت رجال تهني اشعندك تعمل بيهه راجل توا تولي تخدم عليه انت ياا مدام,negative
اعطيها انت شهريتك ثلاثة ملاين في الحصة,negative
اعطيه قلصون مرتك خير ولايمس من نساء تونس ويحمي بالليبس الدخلاني وهوش راجل,negative
اعطيهولوا يا سي صافي ملا غشة هه,negative
اعطيوها شوية من مليارات الاتحاد توا حالها يتصلح وزارة التربية,negative
اعع,negative
اعلاش يقتلهوم يشوفولهم جمعية و يلقحولهم اعلاش الحيوان معندوش الحق يعيش شنوا ذنبو,positive
اعلام آخر زمن حسبي الله ونعم الوكيل,negative
اعلام الحجامة يل كلاب,negative
اعلام العاار انت خايب من عند ربي و زيد مناظر مقلبة,negative
اعلام العاار,negative
اعلام العار بامتياز,negative
اعلام العار,negative
اعلام العار مسيبين مشاكل لبلاد و عامللين قاوق على كمشة همال يا مسخين,negative
اعلام العار و النفاق لاغرابة لقد عهدنا عنكم بث البلبلة و الانحطاط الاخلاقي,negative
اعلام المجاري صنعتوا من الطحانة رجالا,negative
اعلام المجاري,negative
اعلام تافه,negative
اعلام تافه مركزين كان الهملاوة برا اطلع شوف بلادك تخذت وتناكت بالكورونا,negative
اعلام متاع تحت الحيط يقيدو في احوال الناس الكرثية ؤرؤؤ,negative
اعلام متاع عصفور السطح هه,negative
اعلام متاع مجاري يلعنكم و يلعن إلي جابكم يا لقطاء,negative
اعلام هم مسموم بسم,negative
اعلامي متخلف و دون المستوى لا اسلوب حوار لا تجاوب في النقاش لا مستوى في الكلام استغرب كيف يجيبوا مقدم بهذا المستوى الرديء اتمنى يغيروه افقد البرنامج مستواه,negative
اعلم ان اللواط رذيلة من اسوأ الرذائل خصلة من خصال الشر مميتا للحياء فسادا للاخلاق فسادا للقلب اعتداء شديد على الطبيعة التي ركبها الله عز وجل بل جريمة نكراء تعافها البهائم و الحيوانات الا تعلم فعل اللواط يغضب الذي يجري الدم في عروقك أما تعلم ان هذي الفاحشة يضيق بها الفضاء وتعج لها السماء ويحل بها اابلاء وطريقا الى دار الشقاء,negative
اعلمكم وأن الحكومة والرئاسة الموجودة اليوم لا تكن لها صلوحيات بعد مدة عام أو عامين ثم يتبدل هذا النظام الذي خرب كل القيم والمصطلحات نظام الخراب,negative
اعله متمشيش انتي,negative
اعليا تكذب اعليا,negative
اعمل الخير وانساه واعمل,positive
اعمل باسبور rouge وسبهم كان لزم أما معندك شيء وراك وتوحل معاهم,negative
اعمل برنامج الحقايق أربعة على الملاهي يا حمزة ربي يحفظك,positive
اعمل تلقى جريتوا على الفلوس بدون مراعات الشعب و تسببتوا في فتح الحدود بتسرع و بدون اخذ الوقاية اللازمة هلكتوا الشعب و فلستوا انتم لا سياح و لا هم يحزنون ما دخلوا كان البوزيتيف مصنفين فرنسا و ايطاليا و بلجيكا خضر و هم فوق الاحمر بل الفيروس بعينه,negative
اعمل جزء ثنين ياسر تحفة,positive
اعمل طلة عالمجلة الجزائية,positive
اعمل فيديو على الفيل الازرق و لا راني نعرفها قبل ما يخرج الفيلم المصري الماسط إلي لا علاقة بالفيل لازرق و تاثيرها على الانسان,negative
اعملوا مجهودكم باش,positive
اعملو جهدكم بالله ياارخص ناس,negative
اعملو طلة على بلدية حي الزهور سوسة وشوفو الخنار,negative
اعملولها ريتويت يجدعان و اهتموا,negative
اعنة,negative
اعننا يالله على طاعتك والابتعاد عن معاصيك,positive
اعنى نبيل الساقط الواطى الفارغ ثقافيا,negative
اعوانكم شبيهم موش متربين و خماج خماج وموش متربين فوق القيمة,negative
اعوذ بالله من الشيطان الرجيم حاشا خليقت ربي ثعلب ب أتم معنا الكلمت,negative
اعوذ بالله من الشيطان الرجيم لا خلق لا اخلاق ملا رهووط,negative
اعوذ بالله من زمان بلا امان,negative
اعوذ بالله من غضب الله مخيبهاوممصطها,negative
اعوذ بالله منك يا حقيرة أنا ما نعرفكش و ياريتني ما عرفتك تحكي على اساس انك مبدعة و تتكلم على لسان المرأة التونسية ماتشرفناش لا كامراة و لا كمبدعة انت عار على تونس الله يسترنا الاندلسي قال الحق و هذاكة المبدع بالفعل و مثقف أما انت مسكينة,negative
اعوذ بالله من ها الرهوط,negative
اعوذ بالله من ها المارك تفووه من هنا لغادي اش كرهت ريحة النونسيه تقولش زبورها يخرج في العسل ولا يطلعولو بالاصانصير تشوف نساء العالم الكل تبحث عالحب والتفاهم وتبني حياتها مع الراجل من الصفر كان الشايطه التونسية ضارباته في روحها وتتشرط و هيا مافيها ما يعجب لا دين لا زين لا اخلاق الا من رحم ربك اقسم بالله المراه قد ما تتشرط عالراجل وتهتم بالمادة تزيد ترخص ويذلها ربي,negative
اعوذ بالله هذي العاهرة لا تمثلني و لا تمثل نساء بلادي الشريفات ناكد الشرفات فقط و ربي يسترناا دنيا و اخرة,negative
اعوذو بالله منو و من امثالو,negative
اعوض بالله من الشيطان الرجيم,negative
اغاني سماح,positive
اغتصاب العجوز يثر الغضب و سكت تي بالحرام كان جى عندي سلطة القيروان يما نبيعها لصومال باش معدش يلقو ما يغتصبو ملا قوم لوط عجوزة عمرها ثمنية و تسعين عام و طمعو فيها اللطف ياربي ملا حيوانات,negative
اغتيال آخر لغسان كنفاني,negative
اغسل فمك رآه فايح تفو عليك,negative
اغلب مشاعرنا تؤكد لنا أن من عود نفسه العمل لهواه لم يكن أشق عليه من الإخلاص والعمل لله,negative
اغلبية اشباه الفنانين العرب هم مرتزقة و ليسوا بفنانين و بالدليل تسيسهم لكسب المال اكثر و اكثر و هذا النوع لا ينجح في تونس لانو الشعب التونسي واعي و الدليل لطيفة و بعض الفنانين التوانسة المشهورين عربيا موش محبوبين في تونس و منهم صابر الرباعي الفنان الحقيقي هو إلي يركز على فنو لان الفن اقوى و اكثر بقاء من السياسة و الفن رسالة و مشروع يفيد البلاد ثقافيا و بالتالي يساهم في تقدم البلاد و الصوت الجميل غير كافي بل الفكرة و الغاية منها اهم على كل أحنا في تونس عنا فنانين من هذا الطراز و شباب و مثقفين برزوا خاصة بعد الثورة و لكن شهرتهم تونسية بحتة لانو اعمالهم ليست بتجارية لكنا نشجعوهم لانو الفن ثقافة و الثقافة بامكانها دفع الشعوب الى الامام و المساهمة في تقدم الامم,negative
اغلى واعز واجمل وارقى هدية حصلت لي في حاتي والله أحبكم,negative
اغنية تنسيني آلام رمضان وسط اجواء الحجر الصحي تحية فنية من المغرب,positive
اغنية جوليا بطرس اغنية مقاومين لذلك لا تخرجوها عن اطارها,positive
اغنية روعة تحية من ليبيا لبلدنا الثاني تونس الخضراء,positive
اغنية شابة بزاف خوك من الجزاير,positive
اغنية عربية مئة بالمئة كلمة أمازيغية لا توجد أنا شاوي نقولك أختي قداش بعتي روحك الماسونية التي تريد تقسيم شمال أفريقيا الأكثرية في شمال أفريقيا هم العرب بربرية ات ذلهجت لشي ذالوغت لوشون يتوتشن اقارن يلي نتشني ذنتشني وليش لكذاقلي يا ثاخنا,negative
افادني واستمتعت بيه كتير بعيد تماما عن الملل والإسهاب وزي ما بيقولوا جزاك الله عنا خيرا يا شيماء,positive
افتحوا علينا السدود خلينا انمتوا,negative
افترشوا الارض سجودا سائلين الفرج من الله العلي القدير,negative
افشل حلقة هذي جبتو السيد و مرتو به ضحكو عليه الناس مع واحد ماش مربي حتى تقولو نقولو,negative
افشل لاعب في تاريخ النادي,negative
افشل محامي لأعدل قضيه,negative
افضل اغنىة عندك كفوا جىت نوعم,positive
افضل مسلسل برفوو,positive
افضل مسلسل تركي في التاريخ اتمنى النهاية تكون حزينة عشان يكتمل جمال المسلسل,positive
افضل ممثلة في تونس,positive
افظح الكوازي,negative
افف توقيت الفطور بالظبط خسارة,negative
افف شيء يفدد,negative
افف,negative
افف ملا ماسط,negative
افكارك جميله بتوفيق و النجاح,positive
افلام,negative
افهم كيما تحب وخلينا نفهموا كيف ما نحبوا,positive
افهموا الغنية فيها قصف لمريم الدباغ,negative
افهم ياسي في عاداتنا وتقاليدن و الحشمة و القدر نساءنا وبناتنا ما ينشروش القلصون فالشريطة المكشوفة افهم ياسي,negative
افيقوا يا تونسيين خطر كتلةالدستوري الحر تفوق خطر الارهابيين الفتنة اشد من القتل نحن ابتلينا بالارهاب ونعمل على دحضه فلا تستهينوا بالدعوة الى الاقصاء فهي لعمري كفيلة بزعزعة كيان هذي الدولة,negative
اقتباسات الرواية هي السبب الرئيس في انتقائها قراءتها رواية مملة لأبعد حد قد كادت أنت تكون القشة التي قصمت ظهر البعير كانت من أولى الروايات التي قرأتها تقريبا أخدت مني سنة عشان اوصل لجلدتها احدىث ممله صفحة من الملل صفحةعشان توضح فكرة او فكرتين حول السياسيين المناضليين بعد ما قرأت رواية الأسود يليق بك نسيان عرفت ساعتها ان أحلام سمكة بحرها الرومانسية فإن خرجت منه اصيبت بالإختناق ارتكبت بحق أرواحنا القتل مللا ما فر لها جريمتها السبب الوحيد في حصولها على نجمة من وجهه نظري هي روعة بعض الج مل التي تصلح لأن تكون اقتباسات رائعة اغلب روايتها للأسف لا تصلح للقراءة تكفي لنقتبس منهم ملحوظة الرواية ديه كانت سبب في ابتعادي عن محاولة قراءة فوضى الحواس,negative
اقتبس من القصة نهايتها وقد ظل صامتا طوال الطريق ولم يتلفظ بأيما شيء إلا حين وصل مشارف رام االله عندها فقط نظر الى زوجته وقال أرجو أن يكون خالد قد ذهب أثناء غيابنا وهما عائدون الى حيفا ما فتكا ان يصمتا سعيد عنده الف قصة تحليل تخيل ولكن بعدما أنهوا المشوار رجعوا أعقابهم ظلوا صامتين وكأنهم متقيقنين لما عليهم فعله لينهوا كل القصص والتحاليل والتخيلات وانتهوا الى حقيقة الامر الوطن هو الانسان الانسان هو القضية,positive
اقترب موعد لقانا وابتدا شوقي يزيد يا هلال عزك عزنا,positive
اقترح توقيت شبيه بتوقيت رمضان ينقص من احتكاك الناس ببعضها البعض ويجنب الاغلاق الشامل الذي ترفضه الدولة,positive
اقتسام الغنائم طلب رئيس الحكومة الجديد من الجميع عقد هدنة سياسية عله يحقق ما عجز عنه غيره أطراف من الاتحاد العام للشغل سيظل الجرح ينزف وبغزارة ما لم يرحل هذا النظام والرويبضات القائمون عليه,negative
اقتل,negative
اقتلونا و ارتاحو,negative
اقتلوهم مالا,negative
اقدر ممثلة عربية,positive
اقراو تصحاحا متاع الغنوشي فيها ثمنية اوت هه يعني غدوة موافق هه,negative
اقراو كلام ربي انفع,positive
اقرب الى الجريده القديمةولكن ممتع,negative
اقسم الله بالفجر لعظم شأنه واهميت هذا الوقت في حيات كل مسلم والله عز و جل لا يقسم إلا بشيء عظيم,positive
اقسم باالله الجهل مصيبة ما تخافش ما تموتش بالجوع اهل الخير و النخوة موجودين كيف ما عملوا المرة الأولى يعملوا المرة هذي بقدرة ربي ما ثماش شكون يموت بالجوع أما كي تمرض بالكورونة وقتها انت إلي تموت و تقتل صغارك و عائلتك و امك و بوك,negative
اقسم باللعب نفاق ماشافاتوش عيني بالرسمي مو شالحق فيهم في إلي انتخبهم تجار دين و كذابين,negative
اقسم بالله أندم على كل يوم يبتعد فيه قريزمان عن ريال مدريد,negative
اقسم بالله العظيم يا ها الناس ملاهم ربي لا تقبضها الا وانت راضي عنها بجاه سيدنا محمد صلى الله عليه وسلم,negative
اقسم بالله اني اكره الصوت الحاد,negative
اقسم بالله اني بكيت بحرقة على هذي المرأة وجوزها ربي يفتحها في وجوهم يارب,negative
اقسم بالله بالدموع,positive
اقسم بالله روعة محلا زواولة,positive
اقسم بالله قلبي وجعني هذي مراء بنت اصل و تستاهل كل لخير نعلبوا فقر ليقهر رجال الله لا تربح كان سبب في مشاكل هذا رجل فاضل و زوجتوا أمنية لو كان جى عندي فلوس نعونوا لوجه الله لكن الله غالب فقر كلاني فلبلاد كلبي بربي ليعندوا عونوه و الله لا تدري تلقاهم لومت غدواء انشاء االه ربي يفرجها على كل محتاج,negative
اقسم بالله لا نهار جابوا واحد وقال الحمد الله تي محسوب توا كي اجيبوك العام الجاي باش تقول لباس تي ماك باش تزيد تغوث زادا بلاد تحكم فيها العصابات والمافيات مفقرين شعبهم عيني عينك ويوهمو فينا إلي هوما في السين ومعندهمش و بالطبيعة ميديا تعاون فيهم كل شيء مبرمج ولعباد هذي تعرف اش تعمل أما صحة وفرحة مدام لعباد راضية وعندك شعب هكة زيدوا ارفسو وعكعكو,negative
اقسم بالله لنصدقهاة,negative
اقسم بالله ماقدرت نكمل الفيديو من المناظر البشعة,negative
اقسم بالله معلم,positive
اقسم بالله من يتابعني راح اتابعه ضع لايك وستنى الرد يلا ندعم بعض,positive
اقسم بالله نفس اللحضات راني عايشها في الوقت الحالي مي الفرق حاب نطلق مرتي و الله مالحقتش اربي يعلم بيا هذا الشيى كامل في جرت مرت خويا الله اسامحها,negative
اقسم باله انك وطني وتونسي اصيل شجاع مبدع مفكر عقلاني مكانك وقدرك النضال ضد الجهل والجهلاء يعطيك الصبر والصحة,positive
اقسم باله بنات عسل ربي يحفظهم ماشاء الله على تربية امهم,positive
اقسم برب الكون لا ريت نناحة كيفك ينعل صرم امك و صرم بوك متفهك يا زبي شعب تونس الكل يعرفك ماسط و لطفي عقدتك و كان رقد لمين ليلة إلي خمم باش ينيك امك و يجيبك للدنيا خير يعطيها الصحة الطفلة إلي ناكاتك بكرسي على راسك,negative
اقسم بلله تقول في زواية ناقص كان سنجاق وتعشيقة الله صلى على النبي وتولى زردة سيد البشير,positive
اقسم بلله تقول هزان فرش محبوبة بنت حومتنا,positive
اقشعر بدني لسماع كلماته الله يرحم والديك,negative
اقعدوا هكاكة فيبالكم رجال تونس يعيشو في المريخ تقول الراجل يحب يعرس و المرا لا و تتشرط يا و الله أحوال العيشة صعبناها على رواحنا,negative
اقعدو تحالفو ضد تونس,negative
اقفوا معااه,negative
اقفو للبلاد نعابوكم الكلب,negative
اقفوو معااه,negative
اقل بكتير من اني اكتب عنها ريفيو,negative
اقل شيء دافع على دينه وطلع راجل وقال كلمة الحق ومسكتش بررافو وليد تونسي وربي يسترنا من إلي جاي بجد الجيل هدا يخوف ولازم نتمسكو بدينا ونقو ايمانا,positive
اقل من نجمة كمان,negative
اقمار فى رمضان ربى يهديكم,negative
اقوئ فيلسوف راب ف تونس,positive
اقوئ كلاش في التاريخ سمارة ألعبي,positive
اقوا حاجة في بنات تحب الميكانيك علاه الله أعلم فيس ولا شنوا مافهمتش برسمي,negative
اقوة لقطة ايهبل,positive
اقود موقف تتمنى انك تموت وماتعيشوش انك نساء تتعارك على جالك ونتا مهبط راسك كي برارج طلع راسك يا شكب وكون مولا موقف باين لا شخصية لا شكوبي,negative
اقوى رد على لفعة الدباغ,negative
اقوى زك أم مسلسل تنجم تتفرج فيه برشا كلام للسيستام لقديم و برشا تكتيك وفوضى مطلقا برفواا و الله,negative
اقوى شخصية عندي فلمسلسل هو فتحي ممثل كبير,positive
اقوى صوت و من احلى الفنانات و المطربات في العالم العربي,positive
اقوى عفسة ثمانية شهور استثناءية بكل المقاييس ملا كان أشوف العشرة سنين إلي نعدو عالشعب الله لا تربحكم و لا تخلصلكم وجل,negative
اقوى عمل درامي ألفين و تسعطاش,positive
اقوى كلاش راب في تونس أقوى ربور كلاي ببجي واحدك يا خويا نموت عليك نسمع فيك ماللي كونت صغير,positive
اقوى لقطة بصراحة مااحلى لعم وابن الخوه,positive
اقوى لقطة يعطيه صحى,positive
اقوى لقطه,positive
اقوى ممثلة,positive
اقوى موقف محرج في قناة بداية وفي برامج الواقع حياتك,negative
اقوى نهاية شفتها فحياتي مسلسا عالمي خلاوني نعيش معهم لحظة بلحظة لدرجة اني ننسى بلى او تمثيل عندي قداه نثاترتش بمسلسل هكة bravo,positive
اقوى نهايه ارك غير متوقعه كانت ارك النمل في هنتر,negative
اقوي كلاش,positive
اقوي لقطه بالحق يعطيك الصحه سامي,positive
اقوي مسلسل,positive
اكان من الصعب ان تبقي عندما خذلنى الجميع ماذا لو أخبرتك انك كنت الجميع,negative
اكبر بسيكوباتا في تاريخ تونس,negative
اكبر تحية يعطيه الصحة,positive
اكبر جحش في القنات,negative
اكبر حقير,negative
اكبر حكم رخيس هو الحكم التونسي خلو الناس تعيش خلو الشباب تعيش بدون رخصة تديه للحبس وبرخصة تخلوهم ربي قال حرام برخصة ولا بلا رخصة يا حكم الرخيس امشيو بقانون ربي مش بقانون الديموقراطية العطاية,negative
اكبر خامجة شفتها في حياتي ط,negative
اكبر راجل,positive
اكبر رهت هوانت تميح مع الأرياح مرة مع ومراضد ثبت روحك,negative
اكبر رهط هو انت انسان تافه و فارغ كان كثرة الحديث و التبلعيط من غير فائدة قالك أستاذ قانون دستوري هانا نشوفوا في الدساتير العظيمة شنوا نتائحها على المجتمع التونسي,negative
اكبر روايه قريتها في حياتي وممكن اقراها في زمن قياسي ايام الروايه جميله وفيها تفاصيل لكن في بعض المواقف تقتقر للحبكه الدراميه وعادات وتقاليد المكان الي حصلت فيه الروايه تتنافى الى حد ما مع الروايه لكن كمجمل انا استمتعت جدا,positive
اكبر زلاط وجبري فنان منين بربي فهموني,negative
اكبر سراق هم اعوان البلديات خاصة إلي يخدمو في الفريار أما إلي في الادارة فهم أهل الرشوة بإمتياز ابتداء من الشاوش حتى رءيس البلدية,negative
اكبر سرقة تصير فالكنام سطاش شهرية و بريمات على عجلة و دوسيات الدوايات تتعدا بالرشوة,negative
اكبر شعب منافق هو الشعب التونسي في الشارع بعد الثورة تسمع كلام يقشعر البدن و في التلفزة نوليو شعب كامل محافظ بربي يزيو من الريق البارد العيب في مقدم البرنامج إلي وضع تلك الصورة لامرأة شبه عارية,negative
اكبر شعب يشتكي ومتذمر في العالم هو شعب التونسي جامي لقيت واحد حامد ربي وديما مساكن,negative
اكبر طحان بوجين في تونس,negative
اكبر طحانة,negative
اكبر طحان في تونس,negative
اكبر طحان و اكبر دجال ايجا لجربة و شوفوا شيعمل مع اليهود خسارت كان هاك الجبة,negative
اكبر طحان واكبر ساقط هو القاضي مهوش متربي وبايوع كيف جدو الرحموني امتاع تالة كان يمسح في صبااط المرزوقي اتفوه على مستوا السراح وينك يا بن على التلفزة ولت مرقصة بالطحانة,negative
اكبر طحان ومنافق وكلب و لحاس انت يا سويسي,negative
اكبر عصبة عرفة الاءمة,negative
اكبر عيب على ممثل قدير مثل عبد الحميد ان بتفوه بكلام غير لائق اخلاقيا دون احترام العائلة التونسية بقدر ما كنا مجتمعين حول البرنامج بقدر ما تفرقنا بمجرد تلفظه بكلام نابي هنا وجب منه ان يعتذر من العائلات التونسية,negative
اكبر عيب وقلة وعي لم نسمع بها من قبل,negative
اكبر غلطة عملها هانبيل هو طلب إخراجه من السجن ثم قبوله المناظرة ولو باقي في السجن يمكن نسبة انتخابه تكون أكثر شوي لكن هذاكة هو يفعل الجاهل بنفسه ما لا يفعل العدو بعدوه هه,negative
اكبر قحبة عرفها التاريخ مخيب منظرك يعيف زبالة بر صون شرفك واحفظ عرضك خير يا قحبة هه,negative
اكبر كارثة شهدتها اريانة غلى مدى سنين من الفساد هيا الفاضل موسى ما يحبش يخدم,negative
اكبر كارثة للتوانسة هوا هذا الصندوق تقول عليهم يعطوا فينا من جيوبهم ما هيا فلوسنا إلي قاعدين تتمتعوا بيها انتم,negative
اكبر لحاس وطحان اعوذ بالله من منظرو,negative
اكبر مبلغ قد صار بحسابك الف ريال سعودي قبل سنوات,negative
اكبر متحيل العباد قاعدة تخدم وتموت وهو قاعد يدبر في راسو على الليمين وعلي اليسار وراكب على الامن و النقابة,negative
اكبر مخرب للمنظومة التربوية,negative
اكبر مسرحية سخيفة,negative
اكبر منافق على وجه التاريخ,negative
اكبر منافق في تونس,negative
اكبر منافق,negative
اكبر منافق من انتاج اربعطاش جانفي,negative
اكبر منافق هو الصافي سعيد و غالبا ما يهرب من المناقش ۃ بخلق مشكل,negative
اكبر منافق و لحاس في تاريخ البشريه,negative
اكبر من مجرد روايه بها بعض الشخصيات قصص لما حدث لهم تطرح اسئله هي مغزي الروايه مفادها امكانيه ادانه ما هو زائل هل يمكن ان نحكم حياتنا انها ناجحه اننا نعيشها لمره واحده فقط بدايه من نظره توماس الي الجدار المبني امامه سارحا في الصدف التي جمعته بتريزا لان الصدف هي وحدها التي تبلور الحياه لان كل شئ ما عداها هو طبيعي مكرر الصدف تغير الحياه نظر تيريزا الي المراه محاوله الاحساس بروحها بعيدا عن الجسد حياتها امام عينيها تمر تفسر ربط حياتها بين ثنائيه الروح الجسد نظر فرانز سايبينا الي المراه التي تفوح منها رائحه الخيانه الفلسفه التي تفسر كل تصرفات سايبينا حيث انها تري نفسها من الخيانه من والديها الشيوعيه الي اخره الضعف الطيبه الذي يفسر تصرفات فرانز تجاه المجتمع زوجته هاهنا نلقي بشخصيات لا تتعامل بصفه مفرده انما تفسير لكل الناس شخصيات جامعه فعلا لبشر كتيير حتي لانفسنا ان نعرفهم نعرف انفسنا من خلالهم عقده اوديب التي بسببها فقد توماس حياته الاحساس بالذنب الذي فقا عين صاحبه اتري توماس كان يفقد وظيفته يتنازل من وظيفه طبيب الي واحد بيمسح زجاج لمجرد عقاب ليه للالم الذي لحق بتيريزا جراء خياناته لو كان يريد دورا بطوليا لاكمل المشوار في المعارضه للشيوعيه الخفه الثقل السعاده والشقاء الحب الكره الروح الجسد ليست اجابات في الروايه انما دعوه للتفكير في المفاهيم المجرده من خلال حالات تراها في الحياه تراها في الروايه مجرد الاسئله التي تحيط بنا تتسابق معنا التي ليس لها اجابه هي التي تقف عندها التفكير تحدد امكاناتنا الانسانيه ترسم الوجود مع بعض اجزاء الروايه التي نقف عندها يمكن قسم الرجال الذين يلاحقون النساء بكثرة إلى قسمين القسم الأول يبحث لدى كل النساء عن حلمه الخاص عن فكرته الذاتية عن المرأة هم دائما أبدا خائبون لأن المثال كما نعرف يستحيل إيجاده بما أن الخيبة هى التي تدفعهم للتنقل فإنها تعطي تقلبهم ذريعة ميلودرامية والقسم الآخر تحركه رغبة الاستحواذ على الاختلاف اللامتناهي للعالم النسائي الموضوعي وهوسهم إباحي والنساء لا يجدنه مثرا إطلاقا فبما أن الرجل في هذه الحالة لا يسقط على النساء مثالا ذاتيا فإن كل شيء عندئذ يثير إهتمامه لا شيء يمكن أن بالمقارنه مع الانسان لا يتمتع الكلب باي امتيازا يمكن تثمينه القتل رحمه به لا يحرمه القانون الحيوان يملك الحق في ميته روفه كيف تمكن معرفه متي يصير العذاب غير مجد كيف نحدد اللحظه التي لا تعود الحياه فيها جديره بان تعاش الاسئله التي تعذب العشاق هل يحبني هل احب احدا من قبل اكثر مني هل حبه لي اكبر من حبي له كل تلك الاسئله التي تساور الحب التي تعيشه تتفحصه تمتحنه تدمره ربما هو لما يزل جنينا اذ كنا غير قادرين الحب فهذا ربما لاننا نرغب في ان نكون محبوبين اي نريد شيئا من الاخر الحب بدل ان نجيئه دون شرط الا نرغب في شئ سوي حضوره افكر بان الانسان في الجنه لم يكن قد صار انسانا بعد بطريقه اصح لم يكن الانسان قد قذف بعد الي مدار الانسان اما نحن الذين قذفنا منذ زمن بعيد محلقين في نزاع الوقت الذي يزيل في خط مستقيم لا تزال في داخلنا بقيه من خيط رفيع يشدنا الي الجنه العبيده المغبشه يمكن تصنيفنا الي اربع فئات تبعا لنوع النظره التي نرغب ان العيش في ظلها الفئه الاولي تفتش عن نظرات لا تحصي من العيون المجهوله بكلمي اخري تفتش عن عيون الجماهير المغني الالماني النجمه الامريكيه الفئه التانيه تتضمن هلاء الذين ليس في امكانهم ان يعيشوا دون نظرات كثيره مالوفه هلاء الذين لا تعبون من اقامه حفلات مادب العشاء الفئه الثالثه فئه هلاء الذين هم بحاجه للعيش في ظل عيون احبائهم ظروفهم الحياتيه خطره قدر ما هي خطره الظروف الحياتيه لناس الفئه الاولي الفئه الرابعه هي الاقل ندره الذين يعيشون في كنف انظار موهومه لكائنات غائبه هم الحالمون ففكره ان عالم الكيتش الاحلام الشيوعيه السوفياتي يمكن ان يصير حقيقه امكانيه ان تجبر ان تعيش فيه امريجعل شعر بدنها مقشعرا كانت تفضل دون ادني تردد العيش في النظام الشيوعي الواقعي الرغم من كل الاضطهاد الصفوف المذابح العيش ممكن اما في عالم المثال الشيوعي المتحقق في هذا العالم الملف من البلهاء المبتسمين الذين لا يمكن للمرء ان يتوجه اليهم بايه كلمه فانها قد تموت ذعرا في فتره لا تتعدي ثمانيه ايام وصف القمر بانه لمبه قد نسيت مضاءه في غرفه الموتي,positive
اكبر منيك هوا العربي المازني فرخ ميبون,negative
اكبرنسأ مستعبدات في العالم العربي هيا المرأه التونسيه,negative
اكبر وكر للفساد هيا الكنام,negative
اكبري اكبري ملا فضايح كان جيت تعرف راك متحجبة,negative
اكبس روحك عصبة ملا شلايك خيتت تف عليكم واحد واحد,negative
اكب سعدك ممصتك اووه يا كذاب يا سفيه ملا كوارث و الله,negative
اكتئاب يوم الأحد و التوقيت الصيفي و الفشل في إعادة الرسم,negative
اكتب klaybbj clach samara راو اكلاشاك واحد,negative
اكتر جزء عجبني في الكتاب كله الي بلال اتكلم فيه عن ابو يحيي جاره الي مبيدخلش نفسه في اي حاجه ودايما مبتسم وبيحاول يعمل الخير في كل مكان بغض النظر هيفيده الي هيعمله او لا وام يحيي الي عمرها ما نست جيرانها في اي موسم من المواسم,positive
 اكتر روايه بحبها لاحمد مراد من اكتر الروايات اللي بحبها عمتا فيها كدا فكره جديده احداثها واقعيه جدا الاحداث اللي في الماضي الحاضر الترتيب دخول الاحداث الحقيقيه يا الله حاجه تحفه,positive
اكتر كتاب مثر قريته في حياتي,positive
اكتر من راائع لمحبين كت الرحلات عندي تحفظات عن بعض كلماته وبعض الاحداث التي يوجد بها ماحرمه الله متل الخمر لكنه بالمجمل رائع وهادف وحمسني للسفر حول العالم,positive
اكتر ناس بنقدر ننساهم بسهولة هم اكتر ناس بهدلونا نفسيا,negative
اكتر ناس لي يتبعو البرنامج هم المغاربا,positive
اكتشفت انني فاشله في اقناع ماما عن بعد مع انه مفروض يكون اسهل ولكن ال لا يبقى لا,negative
اكتشفوا قناتي الجديد يهبط قبل الباجات الأخرى,negative
اكتفيت به حبا وقلبا ونبضا ورأيت فيه الناس اجمعين,positive
اكثر ألله من امثاله وربي يشدلو في صحتو,positive
اكثر إنسان مضروب في روحوا,negative
اكثر اسباب الزعل في زمن هذا غلطه وحده كل جمايلك تنحط تحميله,negative
اكثر الأشياء وجعا هو اجبار ملامح الوجه ع رسم معالم اخرى تعاكس إحساسك تماما الحمدلله,negative
اكثر انسانه تضيع فالدنيا انا,negative
اكثر انسانه ضحكتني اليوم,negative
اكثر انسان يفهم افريقيا عن ظهر قلب,positive
اكثر دور نجح دور نجلاء دور القحبة المطبوعة,negative
اكثر سياسية تعجبني,positive
اكثر شخصية محبوبة و مثقفة هو صافي سعيد وعبد الفتاح مورو,positive
اكثر شخص يمثلني في الساحة الوطنية و تعجبني افكاره واراه الشخص الوحيد القادر على منصب رئيس الجمهورية,positive
اكثر شيء تكرهه بنفسيتك اذا طقطقت اجيب العيد واذا عقلت صرت نفسية حامت تسبدي خلاص تعبت,negative
اكثر شيء كارهين لقرليا موش خايفين على الصغار في المانيا من رغم عدد متزايد نسبيا لارقام التاست الايجابي من غير اعرلظ الكوفيد و من الممكن يكون تاست غالط رجعة المدارس تقري مع اخذ تدبيرات لازمة حتى الكمامة تستعمل فقط في النقل العمومي وموش في القسم المهم المدرسة واجبة وانشاءالله رجوع جيد من غير امراض,negative
اكثر شيء يضيع منك مفاتيح,negative
اكثر شي يقهر انك ترسل شي لشخص تحبه ويرد عليك ببرود,negative
اكثر فنانة نحبها تستحق التكريم,positive
اكثر ما اعجبني في الرواية القدرة على الغوص في النفس الانسانية باكثر تفاصيلها المعقدة بغض النظر عن كل الفلسفات الحكي اللي ممكن ينحكى شعرت بالسعادة انو ياه في ناس لسة بتقدر تفهم اسباب الحزن,positive
اكثر ما يقال علييه مااسط,negative
اكثر من جمعة و أنا واحل مع الغناية ليل و نهار خدمة و دار اون بوكل روعة روعة روعة يا دين الزرر ابدااع يا بيرم و فهمي,positive
اكثر من رائع اعطيه اكثر من خمس نجوم بين كل خمس سنوات اجد كتاب راائع يشجع عالبحث والتفكير وتشغيل المخ النايم,positive
اكثر من رائعة نصرالله يملك ذلك الاسلوب الساحرالذي يجعلك تتعلق بكتاباته حرفا حرفا روايته تتركني دائما اسيرة كل ما في الرواية من خيال وواقع خيال لا حدود له رسم به ملامح شخصيات تكاد تتجسد امام القارئ لشدة واقعيتها المتقنة ادام الله اناملك المبدعة واطال بعمرها,positive
اكثر من رائع سي محمد تذكرني بالاصلاحي الدكتور شحرور,positive
اكثر من رائعه لا اجد وصفا مناسبا لها والله تستحق نجمات لا خمسه عبقرية الكاتب وخياله الواسع ولغته الراقيه كل هاته العوامل جعلتني انهيها في فترة وجيزة للغاية الرواية رائعه وتستحق ان يتم عمل فيلم مغامرات عنها بنفس الاحداث والشخصيات,positive
اكثرمن راثع فهو يطلعك على قواعد الحب والحياه الزوجيه الناجحه باسلوب بسيط يجعلك تسرح بخيالك فى كل قطعه فى عالم من الامل والامانى عن شكل الحياه الكامله التى تسعى لمعيشتها كما انه يعيد صياغه مفاهيم تم تشويهها فى مثل هذه الحياه الصاخبه فهوكتاب لا يمل منه فهو ينقلك من عالم الى عالم اخر من الاحلام الواجب تحقيقها,positive
اكثر من كرثا في بلاد هذكا نادرة و الله نكرهك,negative
اكثر من ماسط,negative
اكثر منوا الناس,positive
اكثر واحدة فسدت المسلسل نحوها اي رهج,negative
اكثر واحد متضرر هو الشعب,negative
اكثروا من الدعاء وكذلك الصلاة على الرسول علية الصلاة والسلام يوم الجمعه,positive
اك جماعة التراث يعطيكم ت تظربوا في الشهاري بلا فايدة كان تعطوني تراكس وقروب باهي توا نخرجلكم مدن كاملة احنى بطالة بطالة شطر الموجود في المتاحف شدينهم الحاكم,negative
اكدلي على تاع واد سوف هه,negative
اكدولي على الساعة هه,positive
اكدولي على هذا سوفي هذا نعرفو مليح ربي يهديه,positive
اكره الصيدلة و المايكرو و الحياة,negative
اكره العبرة لاوقفت بحلقي,negative
اكره شي معي لما اقوم الصبح و اكتب جدول مذاكرتي و م اخلص ممذاكره,positive
اكره ما علي ادخل سوق مادبا,negative
اكرهه دكاترة الاسنان للأبد,negative
اكره واحدة في تونس مريم دباغ,negative
اك كبيرة,positive
اكل أموال الناس شيء موش ساهل عوض الناس إلي نضروا ورجع الأموال المنهوبة لاصحابها وتخلص من الأموال متاع الشراب وتخلص من الأموال ربا وعوض الناس إلي نضروا من اجلك يودي دخلت روحك في حكاية موش ساهلة باش تخرج منها,negative
اكل البسيسة توا ماتموتش بالشر,positive
ا,positive
اكل حلوين واتبارك الله اعليكم وسي لطفي ربي يحميك,positive
اكمل عليك مسرارة و مزيانة مشالله عليها,positive
اكهر بلد عندي تونس تخلاو على ابسط مبادئهم,negative
اكهو إلي يموت يموت والي يحيا يحيا لا حلو حلو بارشا,negative
اكهوا ناقص كاميرا و نعملوا فيلم سكس,negative
اكهو تركيا دخلت فى دمنا,negative
اكهو رزق ااسيد الوالد,negative
اكهو ناس الطيبة لكل يتفاهمو مبعضهم وسلملي عالتجارة بالدين,positive
اكيد استقالة الغنوشي قريبة,positive
اكيد التوانسة يحبو بعضهم أو متأكدة انهم يعاونوهم باش يخرجو من لمحنة هادي لولاد مساكن ضاعو في قرايتهم,positive
اكيد المسؤل عليه قاعد في قهوه لا علاقة وقت إلي تتصلح من فوق تصليح من لوطة ساهل,negative
اكيد انت مثلز خسارتك الثقافة و الديمقراطية جعلت للحديث بقلاصن النساء من شابه اباه,negative
اكيد باش تقرى الكومنتارات بعد البرنامج نقلها راك نكرة و تافهة و دخلت دخلة غالطة طحت قبل ما تقوم,negative
اكيد حتى انتوما مخليتولها حتى فلس الله يهلك السراق,negative
اكيد خالك الغنوني موش باش يقبلها ما يلقاش شكون يلقنو لكلام خير منك,negative
اكيد دبر ماخير,negative
اكيد راكم تقرو في التعليقات واكيد شفتو برشا ناس تشكر وبرشة ناس تسب وتشتم أحنا مشكلنا ديما نتعاركو على اقل حاجة راهي مش مشكلة الجبة جزائرية ولا تونسية ولا مغربية ربما بعض العباد نسباها لبلدهم لأنها شبيها يلشر بلباسهم وصعيب تفرق بين اللباس الامازيغي فيزيكم من الفتن راهو مجرد لباس في الاخير مش حاجة كبيرة أنا مشفتش اماريكي قال شبيه نور شيبة لابس التجينس وصيني قال شبيهم العرب يلبسو في لباسنا هه أحنا العرب الكلنا نلبسو يوميا في لباس من صناعة صينية فاللباس مش مشكلة كبيرة لذا متعملوش المشاكل و الفتن أسمعولاغنية واسكتو متزيدوش الطين بله,negative
اكيد ضد الرجوع,positive
اكيد عشرا د,negative
اكيد عندهم الحق ناس يعلم بيها كان ربي و الدولة قدمت استقالتها وربي يرحمنا ويسترنا اجمعين,positive
اكيد عندي الكود متاع راجلي,positive
اكيد فمة علاش,negative
اكيد فمة قروي قاعد يغتصب الان,negative
اكيد,positive
اكيد لبستها كانت فاضحة و توري في مفاتنها,negative
اكيد محامين الارهاب لاتربحهم,negative
اكيد محامين الارهاب و معاهم مرخوف,negative
اكيد محامين الارهابيين و على راسهم مرخوف,negative
اكيد موضوع موجودة وليس جديد على تونس فمة في كل تبقة و كل مكان أما لازم كل شخص يكونوا حذرين من مجرمين التحروش وحسبنالله ونعم الوكيل فيهم يارب العالمين,positive
اكيد ميحبوش يخدمو,negative
الآ عيونك طآلبك لآ تحزنها قد قلت لك هي أجممل اشيائي,positive
الأ ام اء الق اء لا اد الل ال واد الد اء رج لا الأ ال دا يم الس اح الو اء وب الب اي ون اء الس اح يه الس اء لا وم لا ور لا  لا اء لا لأ عاد لا ات الأ لا لا الس اح يل الن ار لظ آن اء الت يد الر الع اء وع ال الد واء لت اح الم اي لا يه لا ماء الل اس لك الق اق الف اء الأ ام لا الم الد اء إذا حار أمرك في معنيين ولم تدر حيث الخطا والصواب فخالف هواك فإن الهوى يقود النفس إلى ما يعاب إذا سبني نذل تزايدت رفعة وما العيب إلا أن أكون مساببه ولو لم تكن نفسي علي عزيزة لمكنتها من كل نذل تحاربه ولو أنني أسعى لنفسي وجدتني كثير التواني للذي أنا طالبه ولكنني اسع لأنفع صاحبي وعار على الشبعان إن جاع صاحبه ما في المقام لذي عقل وذي أدب من راحة فدع الأوطان واغترب سافر تجد عوضا عمن تفارقه وان فإن لذيذ العيش في الن صب إني رأيت ركود الماء يفسده إن ساح طاب وإن لم يجر لم يطب والأسد لولا فراق الغاب ما افترست والسهم لولا فراق القوس لم يصب والشمس لو وقفت في الفلك دائمة لمل ها الناس من عجم ومن عرب والت بر كالت رب لقى في أماكنه والعود في أرضه نوع من الحطب فإن تغر هذا عز مطلبه وإن تغرب ذاك عز كالذهب لما عفوت ولم أحقد على أحد أرحت نفسي من هم العداوات إني أحي عدوي عند ريته لأدفع الشر عني بالتحيات وأظهر البشر لإنسان أبغضه كما إن قد حشا قلبي محبات الناس داء وداء الناس قربهم وفي اعتزالهم قطع المودات إن كنت تغدو في الذنوب جليدا وتخاف في يوم المعاد وعيدا فلقد أتاك من المهيمن عفوه وأفاض من نعم عليك مزيدا لا تيأسن من لطف ربك في الحشا في بطن أمك مضغة ووليدا لو شاء أن تصلى جهنم خالدا ما كان هم قلبك التوحيدا,positive
الأبحاث و تسجيلات الكاميرات و شهادة الشهود ناهيك عن الشهادة الطبية سوف تثبت صحة ما تدعون لكن هذا لا يمنع من وجود بعض الممارسات الغير قانونية من بعض الأمنيين الي في بالهم فوق راسهم ريشة و التي وجب التصدي لها و بقوة القانون ليكونوا عبرة لمن تسور لهم نفسهم الإعتداء على المواطنين دون أيه موجب لذلك,negative
الأثرياء يسرقواا الدوله و السياسيين و انتم مهتمين بمشاكل المجتمع ماهو الصوره نفسها السياسيين و الإعلاميين,negative
الأحاديث سانشرها قتل ءبح,negative
الأحد الذي لا يحبه أحد,negative
الأحمق الفرطاس المسمى سفيل و المشهور بالمفتش كعبورة كلما تفوه بحماقة و اختلق كذبة ساذجة صفعه ياسين على صلعته البراقة التي تحوي داخلها كمية غباء تكفي سكان الصين الشعبية,negative
الأخت محرزية سياسية راقية في الفكر و التفكير,positive
الأخ ما يتعوضش مهما يصير الله لا يفرق اخوة و الله يتولى من تسبب في انه يكون سبب يدمر اخ ولا عائلته,negative
الأخوة الدزيرية سلام عليكم تشربوا حاجة,positive
الأرض أرضي و تراب جدادي و المال مالي و الزاد ماهو زادي و الوقت وقتي و البلاد بلادي و الأصل أصلي و عباد ماهي عبادي أصلي الخيالي و الوهرة ميزاني يعالي عالغدرة قصفة لحباب و النبرة عمري ما نسيت أصلي البندير و المهرة القلب الكاسح كي الصخرة لحفة لجداد و الفخرة عمري ما نسيت أصلي لجبال و القمرة عشقان الليل م الصغرة قمحي و زيتوني و التمرة عمري ما نسيت أصلي الغزلان و الصحراء بسمة قليل في الغزرة ليعة ليام و الجمرة عمري ما نسيت أصلي البارود و النغرة غير لمنامة في الحفرة زايد لملامة يا سمرة عمري ما نسيت,negative
الأستاذ قيس سعيد شخصية ملكية من الدرجة الأولى وفقه الله,positive
الأسلوب البحثي التاريخي طاغي,negative
الأصدقاء الأوفياء هم أولئك الذين يقفون أمامك حين تبكي ل يحجبوا عن البشر رؤيتك منكسرا لهم كل الحب والود والاحترام هم في قلوبنا,positive
الأغنية نحسها جزائرية أكثر منها تونسية جو دزيىي سطايفي شاوي,negative
الأفريقي أكبر من كل الطحانة,positive
الأقربون أولى بالمعروف lol,positive
الأقربون أولى بالمعروف سنية المشكل,positive
الأقربون اولى برزق البيليك,negative
الأمة التي لا تقرأ تاريخها لا تصوغ مستقبلها وسنن الله في ارضه ثابته تتبدل احوال الامة بين ارتفاع وانخفاض على قدر التزامها بسنن خالقها فاللهم هيئ لهذه الامه امر رشد يعز فيه اهل طالعتك ويهدا فيه اهل معصيتك,positive
الأمر عندي واضح أيه شخص يدافع عليه منير بن صالحة مظلم بن فاسدة راهو مجرم و طالم و متحيل و ثابته عليه التهمة,negative
الأمر متعلق بك دائما لكنك لا تستوعب,negative
الأم في كفه والعالم في كفه مهما كبرنا الحنين لا ينقطع الكويت,negative
الأم هذي مصيبة هيا سبب طلاق الابن من زوجته,negative
الأمور ليست على ما يرام باجر دوام,negative
الأن بعد فوز قيس سعيد لازم التوانسا يردو البال لأن هناك جهات خارجية ستحاول الإطاحة بالمشروع الديموقراطي العربي الجديد وذالك لنشر الإحباط مجددا بين الشعوب العربية و الإسلامية هنيئا لتوانسا الكل و الأمة جميعا أخوكم من المغرب,positive
الأوباش تعرف بعضها,negative
الأيادي النظيفة تتحالف مع بعضها للارتقاء بالبلاد وانكشف المستور اللهم لاتبلغهم غاية ولا ترفع لهم راية وتنزل فيهم آية,negative
الإرهاب و الفساد,negative
الإرهابي و السارق ربي يستر,negative
الإرهابيون أبناء شيطان باردو اللعين يرقصون,negative
الإستعصاء الله يعطيكم عصا,negative
الإسلام بريء كبراءة الذئب من دم س يوسف أما أشبال قطب و البنا هم من يسممون عقول الناس بتفاسيرعلى المقاس و انتقاء الآيات للاستدلال بها,negative
الإسم الحقيقي لهذه القناة هو قناة الحوار مع الملاهط,negative
الإسم العالي و المربط الخالي ولا عبد حبيب حنفوسة,negative
الإسم صوفي المهنة ساعتين بزوج ملاين و نخلص كاش,positive
الإصرار على النجاح رغم المعوقات العديدة هو نجاح في حد ذاته,negative
الإعاقة عمرها ما كانت جسدية,positive
الإعتذار ثقاقه راقيه جدا لكن زمننا جعلها مذله,negative
الإعدام ثم الإعدام,negative
الإعدام رميا بالحجارة,negative
الإعدام,negative
الإعدام و شوي فيه نعيشو فغابة و الله حسيبهم ربي,negative
الإعلام الماجور أشد من القتل,negative
الإفريقي يا حياتنا vamos ca,positive
الإنتقام أقوي,negative
الإنسان كي يؤمن بالله و يعمل على روحو ينجم يوصل للي يحب محمد بوقلية عنوان العزيمة و التفاؤل ربي يوفقو,positive
الإنسان مثقف وصاحب معرفة في مجال السياسة,positive
الإنسان مواقف وترك السمعة الحسنة هدف ينشده الجميع,positive
الإنسان هذا فاشل فنيا اعلاميا ومفهمتش شبيه الجهل يضحك في تونس,negative
الإنسان وعلاقته بالكون والدين,positive
الاا ائتلاف الكرامة فاهم لعبتوا,negative
الا بالكبوت الاصفر بوكوس,negative
الابداع,positive
الاب في قمة الاحترام وقيام بدور الاب على اكمل وجه والحق يستحق اكبر تحيا من العالم العربي,positive
الاتسانية في اجمل صورة,positive
الاثبات العلمي الواقعي على انو التسويق ممكن فعلا يعمل من الحبة قبة الكتاب بيبلش منيح بعدين فجأة بيخبطك شعور انا وين سامع هالاشي قبل بتتذكر المقامة الرملية لهشام غرايبة اللي مكتوب احسن طبعا الزخرفة الزيادة الاستعارات من جمل القرآن ماراح تحسن من القصة مبالغ في تقدير الكتاب الهيصة اللي صارت دليل انو القراءة موضة فياعة هاي الايام بالنسبة الي المقامة الرملية اقوى محكمة اكتر في ناس مش ماخدة حقها لانو ببساطة ما عندها نفس نوع العلاقات,negative
الاثنين خماج الخامج يعرف الخامج,negative
الاحترام إلي كسبوا القروي من خلال خليل القروي واعماله الخيريه لم تشفع له وظهر جليا حمقه وتوجهاته الخفيه في هذي المناظره ربي يعينك قيس السعيد ونشوفوا راجل نتاع الصح ثاني مع اردوغان يعززوا موقف المسلمين و العرب وكفانا من سيسي وبن سلمان وبن زايد,negative
الاحتكار والغشة والتحيل و بعد يقلو ربي ابتلانا ارجعوا للحق والفضيلة توا ربي يستركم,negative
الاحزاب ماهمش مطهرين وانتم اعطيتوهم تاشيرة,negative
الاحلام قدر كل أنسان تكون في البداية كبيرة وكثيرة ولكنها مع الأيام تقل وتخبو وتذوي حتى تصبح مجرد ذكرى تمنيناها علئ الواقع,negative
الاخ شيء ولا احشي حشاه ناك شطحة هه la mort ou tchitchi la mort ou tchitchi,negative
الاخلاق او لا تكون يبركلو ربي في صحتو وصغارو,positive
الاخوان و اجراؤهم وراء عبير كي يبعدوها من امامهم فتخلو لهم طريق الفساد و الإجرام,negative
الادارات و العساسة و البناية تجلط باش يكملو خدمتهم ابسط حاجة تخلص مهندس بالمسبق ولا نجار لازمك عشرا آلاف تلفون باش يحضرلك خدمة خلي عادة شانطي تابع الدولة,negative
الاربعاء كانت مباراة حاسمة اليوم مباراة حاسمة اعصابي خلصت,negative
الارجنتين بوليفيا الارجنتين الى اين,negative
الارهاب صناعة خارجية لافشال اهداف ااثورة هاتوا ااصحيح اش عندكم لشعب تونس العظيم ااكلام على اامستقبل هذا ما يهم ااتوانسى,negative
الارهاب لا دين له كما ان الدين لا ارهاب فيه كانت بداية الرواية بطيئة وشعرت بالملل خاصة عندما كان يوسف يحكي قصص الصور المعلقة بالمنزل ولكني سالت نفسي ما ان انتهيت من اول ثلاث فصول هل ستشكل الصور اهمية ومعان كثيرة لي عندما اكبر انا ايضا امسكت مها بصورة يوسف في نهاية الرواية هي التي كانت تقول له انت عي بالماضي عم وقلت اكيد ستعلقها على حائط غرفة في بيتها كما فعل هو لصور العائلة وفي الفصلين الاخيرين الام الحزينة الذبيحة الالهية لن تستطيع التوقف عن القراءة كما ان ربط قصة مها بعنوان الرواية وموضوعها وبعناوين الفصلين الاخيرين رائع كم تشبه هذه الرواية اوضاع العالم العربي الان خاصة في مصر سوريا ولبنان ايام الحرب الاهلية وكم ستتشابه مع روايات الاعوام القادمة انتبهت بعد انهاء الرواية الى غلاف الكتاب انه رائع ومعب جدا هناك تعابيد لفتتني جدا منها تختلط البدايات والنهايات كل يبكي عراقه السعيد الدم في كل مكان والبلد صار مشرحة كبرى انا ايضا تساءلت مع كل رواية تاريخية اقرأها ومع كل حدث نعيشه كما تساءلت مها اين هو الزمان السعيد كنت اريد ان اعطيها ثلاث نجمات ولكن الفصلين الاخيرين والنهاية اضافوا النجمة الرابعة,positive
الارهاب و الكباب,negative
الازرق على بلقيس,positive
الاسئلة لمختلف المترشحين وخاصة منهم الصافي سعيد وسيف الدين مخلوف وقيس سعيد تم اعدادها من قبل المخابرات الاستعمارية الفرنسية وقدمت للاعلام الفاسد ليتولى القاءها خلال المناظرة الباهتة و ركيكة الطريقة والاسلوب تناظر المترشحين تم طبعا تحت متابعة بل مراقبة الاقامة العامة الفرنسية عفوا السفارة الفرنسية في تونس وذلك لقيس محرار التزام الطبقة السياسية التونسية بالخطوط الحمراء الاستعمارية التي تحول دون الاستقلال الفعلي لتونس عن فرنسا واخواتها الغربيات الخاضعات للصهيونية العالمية,negative
الاستعصاء على دورية أمنية هه ملا لغة,negative
الاستقالة ان تمت فعلا فهي تندرج في نطاق تنقية الاجواء لعمل برلماني افضل,positive
الاستقامه طريق النجاه الله تبارك وتعالى خلق العقل جميلا ويأتي الإنسان بسوء استخدامه فيقبحه,positive
الاستهزاء من سلوك المنافقين,negative
الاسلام لا يكلف الكنة بخدمتكم لا يكلفها بخدمتكيي يا مسمومة روحي جيبي خدامة,negative
الاسلوب رائع والقصه جميله واعجبتنى للغايه يخذ عليها بعض المبالفه فى تحقير عزيز لجمان وكذلك ادخال كلمات غير عربيه لكن اكثر ما اعجبنى هى الكلمات والاسلوب والقصه ككل ادخلتنى فى جوها الخاص ونادرا ما تفعل بى روايه هذا,positive
الاسم بيرم المهنة الدخول للحبس,negative
الاسم مساج ولكن يبدو أنه ترويج للدعارة مكان دعارة مقنعة بما يسموه مساج,negative
الاصدقاء نعمة وكنز الصديق اختياره صعب واكتشافه يحتاج وقت طويل,positive
الاصلاح يبدا من رقبتك وشعرك اصلحوا انفسكم كي يصلح حكامكم وكفى قومية لا تسمن ولا تغني من جوع,negative
الاصلع الميمى نبيل ما شبعش بخس و رخص من حصة الناىب ياسين العياري هاو زيد تعلم برشا خاجات الليلة,negative
الاصول الجينية تعطي فكرة عن جدود اي شخص عبر التاريخ موش نسبة الامازيغ او العرب اولاروبيين في المجتمع يعني الواحد فينا جدوده عرب و امازيغ و رومان و اتراك يعني الواحد ما ينجمّش ينكر اصله العربي اولامازيغي لانه الدم تخلط و ما فماش عرق صافي نلوموا في اروبا و العنصرية في المجتمع الغربي و أحنا هانا نفرزوا في بعضنا على اساس عرقي النازية هيا عنصرية على اساس عرقي كانه أحنا ناقصين فرقة و عنصرية بين الجهات بين العروبي و البلدي,positive
الاعتذار و الغباء مايتقابلوش,negative
الاعداام الزح normale هكاا بربي الناس الكل تطالب بتفعيل قانون الاعدام فماش ما يفيقو شوي,negative
الاعدام الاعدام مسخين عياق روعو الناس تسعة افريل وسط البلاد مترو القطارات كل بلاصة يدورو و يرتعو و يعملو للي يحبو و يبراكو و يفكو و مجلس النواب حقهم يشرعولاعدام ا,negative
الاعدام ثم الاعدام تطبيق عقوبة الاعدام للحيوانات البشرية,negative
الاعدام ثم الاعدام تونس حلها الوحيد الاعدام خالي اوباش و ناس مرضى كيف هذوم نرتاحو من شرهم و فسادهم,negative
الاعدام ثم الاعدام للمجرمنين,negative
الا عدام حرقا و شوية فيهم,negative
الاعدام,negative
الاعلام التونسي لا يحب الإسلاميين وهاذ الصحفي لا يجرأ ان يطرح أسئلة من هذا الشكل على حزب بن على,negative
الاعلام باش يبقي يعلن افلاس لبلاد سلة سلة هه حتي يعلن على انتحارو,negative
الاغنية بتدخل ع القلب ممكن اعرف معنى كلمة اعتيني دبارة,positive
الاغنية عشق والله ظيم,negative
الاغنيه تاخد العقل و الله مصري محب,positive
الافريقى رهينة بين عصابات مع انى لست من محبيه أما ياريت يرجع ياقف على ساقيه على غرار جاره الترجى الى مسيطر بالطول و العرض,negative
الافضل في مغرب عربي و في عالم العربي,positive
الافكار لي يروجولها كون الخو يحط يدو على اختو وأمو موافقتوا مافهمتش وين تحبو توصلوا بيها كل حد حر في حياتو يا مرا افهم حتى مخلوق معندو الحق يمسك وبربي الامهات الجدد ربيو ولادكم إلي الطفل و الطفلة كيف كيف موش واحد فرض ولاخر سنة أنا أم و نعرف شمعناها كي تفرق بين صغارك راو حتى ربي يحاسبنا كيفكيف مافهمتش لوقتاش لمرا باش تقعد مظلومة,negative
الاقارب عقارب ربي يعطيهم قسم وهنيهم ياارب راجل من اعز الرجال ومرتو مراة عليها الكلام,negative
الاقربون اولي بالسرقة,negative
الاقرع غدر البشير بن سديرة وقتله باش ياخذ رخصة قهوة من المستعمر فرنسي الاقرع بجنب يسين نحسه من نفس المني ومقداد سنبل ااغا الطحان الركيك لامطعم لا قبول رحمة الله على بن لادن والزرقاوي هه,negative
الاكثر مللا على الاطلااق لاول مره اقرأ هذيان ادبي متستر في مسمى روايه اين الروايه اين الاحداث واين الشخصيات العقده الاثاره التشويق اين المتعه في قراءه مأساه اجتماعيه ادبيه لا تختلف درجه حموضتها عن المسلسلات العربيه الساذجه أحبته فخانها لكنها عادت إليه فخطبها ثم تخلى عنها لكنها عادت إليه مجددا قمة السخافة البس مرات كثيرة تساءلت عما يدفعني لقراءة مثل هذه التعاسة الأدبية انهيتها وانتهيت منها مضطره لم تضف لي شيئا,negative
الامازيغ انقرضو ماكلعام هاتو الصحيح ولي ينفع الناس توا يزيو بلا تشقشيق حناك,negative
الامازيغ مجموعة قبائل بدوية غير موحدة اصولهم صومالية somalid race لم يصنعو حضارة في تاريخم لانهم غير موحدين ضعفاء جينيا وروحيا كل الامم استعمرتهم وكانو عبيدا لها فينيقين رومان وندال ثم العرب الذين اعطو هوية لشمال افرقيا اللقيطة لان العرب قوة جينية وروحية,negative
الامازيغ نحن الاصل و الباقي,negative
الام تتوجع برشا كي تلقى ولدها ضعيف اخيب احساس,negative
الامتحان في مستوي الطالب الدكتور,negative
الام تحوس لخير لولدها ولولد كره من معيشة هذي و الزوجة مضلومة مي يبقا الحل هو الطلاق وناس كل تنسا وتتقبل معا الوقت,negative
الامطار اليوم رسمت لوحات فنية إشترك في رسمها مقاول لص و مسؤول مرتشي و مواطن باع صوته في الإنتخابات,negative
الام قحبة والبو فاسد,negative
الامن القومي الامن القومي حين ينهض الوصع الاقتصادي ولاجتماعي سوف يتحقق الامن على جميع المستويات,negative
الانتشار متاعكم ماهوش محكم برشا دوريات ماهيش قاعدة تقوم بدورها كما يجب,negative
الانتقادات الحادة مصدرها الفاشلين والمسطكين والمتمعشين من البرويطة,negative
الانذال تعرف بعضها عند الحاجه,negative
الانسان قضية تشمل جميع الكلام جملة عبارة عن كلمتين فقط عندما يتوقف الحديث خوفا من قول ما لايليق بمقام الم فلسطين يتوقف الحديث عندما لا نستطيع فعل شيء حول هذه القضية سوى الدعاء ابهرني الكنفاني للمرة الثانيه واخرسني,positive
الانسان لا يمكنه كتابة كل شيئ فعذاب الكلمه اقسى من ان يحتمله الانسان بمفرده روايه فيها من الالم ما فيها ومن الظلم ظلمات صحيح انها بت في سبعينات القرن الماضي الا ان كل كلمه فيها تصف شرق المتوسط بكل حكومات ظلمه وطغيانه,positive
الانسان لوحيد المحبوب من التوانسا لكل نطالب بترشح جعفور للانتخابات مع الشكر,positive
الانسان هذا بلييبييد,negative
الانسان هذا خفيف ضل ومرح وعجبني كتيرا لغته العربية سليما و عندو حنجرة دهبية بصح ضحكت حتى شبعت تحياتي ليه,positive
الانسان هذا طاير ولله بعيد على الرهوط الكل,negative
الانسان هذا مافهمتش شنوه دينو وشنوه انتماءاتو علاش إلي كيفك تجربوش تمشو لطبيب نفساني وتحاولو تتعالجو خير ماللي تبقو تعاركو على ظاهره مرفوضة في مجتمعنا دينيا واخلاقيا وقانونيا واجتماعيا وطالبو بحق نشرها و التشجيع عليها انتم مرضى حاولو تتعالجو باش تكونو رجال موش تحاولو انكم اطورو الحاله متاعكم إلي ماعندهاش حتى انتماء انساني,negative
الانسان هذا يعجبني حدو و حد روحو واصل,positive
الاهلي العين بسم الله على بركة الله يارب جملها بفوز اهلاوي,positive
الاهلي عام من الانجازات انجازات عظيمة لنادي الاهلي دوري و كاس ملك و ولي عهد,positive
الاه هم زلزل الأرض تحت أقدام الطغاة منهم ليكونوا عبره,negative
الاول هو الأفضل المرزوقي,positive
الايادي المرتعشة والتخاذل عملة واحدة لإضعاف هذا الوطن,negative
الايةالكريمة لايغير الله مابقوم حتى يغيرو مابأنفسهم أهنأ الشعب التونسي الكريم الشريف الواعي الحكيم على اختياره لقيس سعيد رئيسا وهو القوي الأمين لتونس العظيمة الحبيبة فالله لايخذل قوم اطاعوه واتبعوه في أمرهم واحوالهم الشعب التونسي الرشيد غيرو مابأنفسم واختارو القوى الامين,negative
البائعة في قمة الروعة رحم الله و الدها اللدي احسن تربيتها و نتمنالها كل خير في حياتها اليومية تحي لناس تونس الشقيقة,positive
الباجات قعتو كان لقطو في لحكيات الفارغة,negative
الباراشوك و المقرونة لا يريدان الخير لتونس همهم الوحيد هو البقاء لأطول فترة ممكنة في الحكم,negative
الباشا,positive
البايبال بنك إلكتروني تحل فيه كونت و تقبل و تبعث منه الفلوس و تخلص بيه خدمات توقير الخدمة في تونس يعتبر خطوة باهية و قد تكون أحسن حاجة تتعمل من بعد الثورة في مايخص تشجيع الشباب على العمل و تسهيل المعاملات المالية ليه لايستهين به الا إلي مايعرفوش يظهر انك ماتعرفشي البايبال ادمين من طريقة كلامك عليه و موقع الكتروني,positive
البت دي خبرة مرمدك سيدك وليد يا كلبة تونس برجالها و إسلامها و دينها واضح الإسلام و الكلاب لتنبح كيفك عندها الرجال لتسكتكم,negative
البتوكس التركي مغشوش وبرشا تشوهو منو في تركيا,negative
البجاوي بشير أسمع يا لطيف,negative
البجعة هه,negative
البحث عن الهوية عيسى ورحلات بحث طويلة ومتداخلة,positive
البحرين و الخليج بصفة عامة عبارة عن حديقة حيوانات شاسعة جدا احتار العلماء في تفسير الجينات البشرية المكونة لهذا النمط البشحيواني من أهم خصائصهم استعباد الناس و كثرة التكاثر و في اوقات الفراغ شرب بول البعير الخادمات أشرف من أشراف أشرافكم يا حميير,negative
البدايه اعتقدت انني امام الجزء الخامس من حريم السلطان ولكن الروايه بدأت تدريجيا بجذب انتباهي واثارت فضولي للتتبع الاحداث والاستمرار القراءة فمن بدايتها حتي نهايتها كانت مثيره بأحداتها وجمال شخصياتها وحبكة القصه وربط وتسلسل الاحداث شوتاا عشقت الفيل وكأنني اراه امامي واتحدث معه واري فيه عجائب وقدره الخالق عشقت لحظاته مع جهان وكيف كان يشعر بكلماته ويستمع اليه ويبادله الحزن والفرح وكيف كان رفيق درب يدمي فراقه القلب جهان البرئ الفضولي النقي السريره كم كان رائع جداا معايشة رحله شاب يكاد يكون نكره لا ذكر لوجوده جعلته الصدفه سائس فيل السلطان وتحوله عبر رحله مليئه بالاحداث والمغامرات الي تلميذ كبير المعماريين الملكي ويساهم بناء اهم المباني اسطنبول ثم وصوله الي ان يكون معماري ذو سيط وخبره وسمعه تجعله يساهم بناء مبني من اهم عجائب الدنيا وهو تاج محل كيفيه متابعة مراحل تطور شخصيته من شاب وديع الي طيش الشباب واندفاعه ثم تحوله الي اكتساب الصفات والسمات التي كان ينقدها معلمه المعلم سنان كم ان هذا الرجل راائع متفاني رقيق المشاعر اعجبت جداا بعلاقته ومشاعره نحو العماره كأنه اقام علاقه عاطفيه معها تشبه علاقه القلب بحبه الاول وصفه للمباني التي يشيدها معاملته لتلاميذة وطلابه حمايته لجهان رغم معرفته بحقيقته كيف كان يري الجوهر داخل تلاميذه ويرمم كسورهم ويداوي جراحهم اسعدني جداا جداا انه كان شخصيه حقيقيه وجزء من تاريخ اسطنبول كم من الرائع وما يدعي للفخر ان يشمل التاريخ شخص بهذا الاخلاص والنقاء والرقي راقت لي جداا السسبنس الحبكه نهايه الروايه جعلتني لم استطع ترك الروايه حتي انتهي منها ملم جداا ان تأتيك الضربه من اخر شخص ممكن ان تشك به ان يأتيك الغدر من اقرب شخص لك اثارت تلك الروايه بداخي التساال عن الحياة الحياه قصيره ولا تستحق القتال من اجلها حقا انها لا تساوي جناح بعوضه وكيف للسلطة يمكن ان تجرد الاب من مشاعره وتميت قلبه حتي يمكنه قتل اولاده فلذه كبده وتجعل الاخ يقتل اخوته اول يوم يستلم فيه العرش ماتت خرم حتي قبل ان تري ولد من اولادها يعتلي العرش ماذا جنت من كل مكائدها ومن شرها ما الممتع السلطه التي سيسأل الله عنها يوم القيامه سيسأل عن كل نفس سواء انسان او حيوان او نبات لما يتقاتل الناس فيما بينهما الامانه التي رفضت حملها السموات والارض حقا ان الانسان جهولا اعجبني كثيراا صدق الكاتبه وصف المجمتع العثماني روايتها تعرضها لمساوء فتره الحكم للسلطان سليمان ومن بعده سليم ثم مراد وسرد دهاليز وخبايا القصر ومكائد وسيطره جناح الحريم بالقصر وايضا اعجبني جداا ذكرها مصادر الروايه وذكر ماهو حقيقي وفعلا جزء من التاريخ وماهو من خيال الملفه فهذا يعطي بعد اخر لصدق الروايه ويجعل لها مذاق خاص راقت لي الروايه جداا فهي مكتمله الاركان نظري لم اشعر بلحظه بالملل بل تعددت مشاعري بالفرح والحزن والغبطة والغيره والحب والكره والنجمه الناقصه ترجع الي عدم التركيز الدورس المستفاده والمواعظ التي يمكن للقارئ التعلم منها ولكنها تركت ليستشفها القارئ ويستخلصها بنفسه من بين السطور ولكن الرغم من قرائتي لها بنسخه الا انني باذن الله سأحرص اقتنائها لضمها لمكتبتي واتمني حقا ان تتحول لعمل فني لانه سيحقق نجاح باهر,positive
البدايه جميله جدا الفكره مشوقه بعض القضايا المطروحه فى الحوار بين الشخصيات هى اروع شىء فيها لكن اللغه محبطه جدا كلماتها متصنعه خاليه من الروح او طفوليه جدا ربما رغم روعه البدايه الا انها تتبدل سريعا لتصبح ممله الحديث عن علاقات اوروبا تكرار النهايه وتكرار المشاعر نفسها كثير من التفاصيل تبعدك عن القصه الاساسيه فجأه تختفى الاحداث من الزمن الماضى وتقتصر على مغامره اوروبا فى عصرها الجديد رومانسيه متكلفه ربما لا اجد مبررا لوجودها غير انها اسقطت الفكره الرئيسيه المغامره الحقيقه فى الروايه بالاضافه الى الكثير من التناقضات سرعه الاحداث وكثرتها افقدتها روعه بدايتها,negative
البراكاج معدي مثال x يعمل براكاج و يمشي للحومة و يوري المحصول لصحابو صحابو ياا شو في درجين باش روح ت هاي ساهلة الحكاية و من غدوة يعملو هوما و يورو لصحابهم لخرين و هكذا دواليك,negative
البراميل المتفجرة والشبيحة,negative
ا لبربوز هذي لا تمثلني و لا تمثل المرأة للتونسية فهي عار على تونس هذي المأجورة,negative
البر لا يبلى والذنب لا ينسى والديان لا يموت إعمل ما شئت كما تدين تدان أسعد الله صباحكم,positive
البرنامج رجع تمسخير أكتر منو جدية خسارة كان يهبل وقة علاء,positive
البرنامج رزين شوي الإجابات طويلة برشا يلزم شوي تبربيش واحراج دون الوقوع في التهريج و الإستهزاء,negative
البرنامج فسدو كان المارق و البهيم والماسط شكيب لخرا افلم علينا وقتلنا بالبهامة,negative
البرنامج كان نظيف مشيت جبت ملهط وسخت بيها روحك شنيا الفائدة الى تحققلك ولا تسخن قبل العرس قداقش ساعات مسطك يا وافى,negative
البرنامج كلو ماسط لاسط,negative
البرنامج كوبي احمر بالخط العريض اللبناني بصح يعطيكم الصحه مجهود يحسب لكم,positive
البرنامج مصات عالخر لا يقبل فدلكة لا يقبل نقاش و لاعبها هو الكل في تونس بفف ربي يهديك يا امين,negative
البرنامج هذا مايجيب كان الحثالة,negative
البرنامج ولا فضيحة جايبين جماعة لكلها تبندر و تحكي على رجوع بن على بكل وقاحة,negative
البرنس معلم صراحه,positive
البريكي بنتو نجحت بعشرة دخلها تقرى طب هه تونس بلد الفاسدين و السراق ديموقراطية مزيفة مبنية على الكذب و التبلعيط,negative
البريمة يعرضلها,negative
البساطة و القلب الطيب و الأخلاق ثلاثة,positive
البسي حجاب أول بقحبا,negative
البعض وجودهم فالحياة نتيجة فشل حبوب منع الحمل,negative
البعض يبكي كي ينسى والبعض يضحك كي ينسى والبعض ينام كي ينسى والبعض يصمت كي ينسى لكني افعل الاربعة ولم انسى نزارقباني,negative
البعض يريد منك ولا يريدك أنت البعض يريدك ولا يريد منك وهناك أشخاص يحادثونك وقت فراغهم وهناك أشخاص يتفرغون من أجل محادثتك هنا الفرق,positive
البعض يكون مظهره الخارجي انسان لكن محتواه الداخلي حديقة حيوان,negative
البقرة الحلوب حلبها وليد التونسي و روح شفايفها تقول شمبرار متاع كرهبة ملا مسخة,negative
البكاء عاللبن المسكوب,negative
الب,negative
البلاد باش تخلى وهو يحكيلي على فلسطين,negative
البلاد بركتوهى الله لاتربحكم,negative
البلاد بلاش موالي,negative
البلادة فن وهو يتقن هذا الفن,negative
البلاد تحب تعمل alimentation caisse من راس المواطن اعملو inscription شوف قداش من تلميذ في أربعة آلاف الترسيم في fac كان صدقني ربي مياة د في قداش من طالب و زيد الادوات المدرسية كتب و كرارس و هلم جر تعدي لك جمعة ولا اثنين و تقلك تعليق الدروس و في راس شكون تجي التلامذة إلي عاملينهم فءران تجارب نجربو و نشوفو bref كرهتونا فيها البلاد الله لا تباركلكم,negative
البلاد تخلات وتجلات من اربعطاش جانفى,negative
البلاد خلات بي كورونة و انت احكي على فلسطين,negative
البلاد داخلة في حيط السراق يسرقوا و الفساد بركها الدولة و الشعب لاهي بدغيج واولاد مفيدة,negative
البلاد داخلة في حيط و هذا واحد ماللي يبنيو في الحيط,negative
البلاد ضربها تسونامي بعزايزها وشيابها ما قعد فيها الا الاوباش وحملة راية الدواعش لا تباركلهم,negative
البلاد في الحيط و أحنا نزيدو مستشارين,negative
البلاد في فوض,negative
البلاد موش ملكك ولا ملك غيرك تحكموا فيها المافيا الشعب من حقه الحياة والعيش الكريم وقد يتهمك يوما ما قدام ربي بتهمة القتل العمد,negative
البلاد ناقصا قحب و يزيدو قحاب موفيدة,negative
البلاد هلكها الفخفاخ,negative
البلدان تصب عندهم المطر يفرحوا أحنا كل شتاء يدينا على قلوبنا,negative
البلدية فش تعمل تكخ في نوم,negative
البلعوط,negative
البلعوط مورو متاع الارهاب كلا صرفاق,negative
البنات توا عملو عار,negative
البنات حابه نعمل قروب وتساب لكل عربيات لحابه مرحبا تكب لي في انستقرام بريفي souad suidi,negative
البنات خرفان الاتراك وبنت تراممب,negative
البنات في هذا السن يضحكوا الرجال عليهم ياخذوهم ببلاش ويرموهم غريبة تونس المفروض اي رجال يتقرب من بنت في هذا السن يعتبر متحرش ويتسجن طفلة تجيب طفل و الله حرام تونس صارت عندها مشاكل ياسر بسبب البنات إلي يخرجوا للشوارع المفروض حتى الخدمة ممنوعة في هذا السن اي بيت فيه بنت تحت ثمنطاش المفروض سجن لازم اقل شيء تخلص تعليمها حرام البنات في الشارع في هذا السن ويطلع راجل ثاني يضحك عليها وثالث ورابع تضيع البنت,negative
البنات مش ناقصين و زيدوا حطولهم في مخهم انه العرس صفقة باش البلاد تزيد تدخل في حيط على قاعدة صحيحة,negative
البنت الصمرة محلاها الله يبارك,positive
البنت طيبه وجميله,positive
البنت ظريفه حلوه سكر عثل ربي يرزقها براجل ابن حلال اخوكم من السودان,positive
البنت فها لمحه من لبني السديري نفس اللهجه ونفس الطبع نفس الشخصيه متابع من ليبيا,positive
البنت فيها كميه طيبه,positive
البنت قمه في الإحترام والأدب وقمه في الجمال يا سعد أيامه من يتزوجك,positive
البنت قوية ولولا قوتها لذبلت لان داخلها نظيف و أنا متاكد من بعد هذي الحلقة سيتقدم لها الكثير لانها نظيفة مظهرا وجوهرا وربي يهنيها,positive
البنت متربيه وهدائه ماشاء الله عليها ألف تحيه,positive
البنية إلي دايرة النظارات حلوة في منتهى التربية والاخلاق,positive
البنية التونسية تحسسك إلي هيا انسانة بسيطة و راقية و تعشق القهوة و الكتب و الشكلاطة و ديما تسمع فيروز و ليليا شماميان و تحكي برشا على البساطة و الفن لكن هذاكة ماعون الخدمة خاطر البنية التونسية بلعوطة برشا و الواقع عكس هذا تماما هيا قاعدة تركح في الضحية متاعها إلي ديما يفيق امخر بينما كان ينجم يعيش مستمتع بحياتو لآخر لحظة بالطبع في اطار الشرع و القانون,negative
البهائم ترعى العشب الاخضر الطري,negative
البهامة كيف تدفع كل شهرين مياة و خمسين د للكنام يعني في العام تسعميا د تدفع ثلاثين عام سبعة و عشرين مليون وتنجم تموت قبل ما تعدي حتى مرة,negative
البهايم و إلي بعملتهم الكل تكتلو في قيس سعيد هه,negative
البوطوكس مادة سامة جدا لكن النساء يحقنونه في وجوههن و,negative
البوليس وقت ما يلقى ما يخدم يولي يشري في المشاكل,negative
البوليسية كلاب صدق إلي قال,negative
البويات يحقتمون التويتر ربنا اكشف عنا العذاب اننا مؤمنون,negative
البيروقراطية المقيتة,negative
التأجيل,negative
التاريخ باهي كي نعرفوه أما موش على حساب الحاضر و المستقبل,positive
التاريخ لا يرحم فهم بمزبلته أما امثالك فقط من يدخلونه من اوسع ابوابه لله در هذي الحروف وهذا الحس الوطني الذي يفتقده كل خائن,negative
التاسعة حطت صورة نرمين صفر على لافيش متاع الفيديو باش تكثر نسبة المشاهدة و من بعد تستغرب في نسبة مشاهدة اللايف متاعها هذي ليست مجرد غيرة هذي سقاطة,negative
التافه والتافهة محلمها قناة يجالس المبدعين في مجالس الابداع و الثقافة والعاهرو العاهرة لهم مجالس اللواط والمساحقة,negative
التافه يائتي الئ بتفها,negative
التايم عبارة عن شخص قاعد ينفض حق نفسه,negative
التايم لاين مليان أخبار اورفان بلاك بسبب قربه و نهايته للأبد,negative
التجارة بالأرواح البشرية,negative
التجمع و النهضة وجهان لعملة واحدة,negative
التحرش موضوع ليس له نهاية,positive
التخريب ممنهج لصالح القطاع الخاص يعني منهم فيهم,negative
التخلف الخليجي في ابهى مظاهره,negative
التدليك ضاهر في الكوجينا على الرخامة بالقلقال,positive
التربلسية ولّاو مظلومين يا سيل ميبوني، لطفي زيتون يطالب رئيس الجمهورية ورئيس الحكومة بالعفو عن عائلة بن علي، أما جلال بريك الكافر بول عليه,negative
الترشي حبت تخطفو كي العادة خدمتهم الغوره,negative
التزنطير و العيشه المره زنطر راهي خلت,negative
التسميات و الخروج بالاكتاف و بالصحبة و بالمزية من غير كفاءة بلاد تشلكت ملا سراق و ملا هموم زرقاء,negative
التشقنيس نسمع بيه لين ريتو,negative
التشكيلة عالمية,positive
التشكيلة كاملة ملا نتقدمو هه ربي افضلو,positive
التصوف المغشوش افيون الشعوب,negative
التعصب او التشدد او التغيب او النفاق او التدين الزائف او الكراهيه التى نماها الابطال لتحرقهم فى نهايه ليعودوا فى النهايه الى خط التردد والمراجعات التى فات اوانها على ضلال لانها اشعلت الفتنه وتسببت فى مقتل الالاف ام انها فقط على ضلال ليست قصة حلب فقط ولكنها قصة القاهرة ودمشق وبغداد والجزائر والسودان وغيرها,positive
التعليم الحقيقي هو ملاذ الجميع بلا بلا بلا,negative
التعليم تحت الصفر أصبحت المادة والتخريب,negative
التعليم في الصغر كالنقش على الحجر وكنغز الحمار في الكبر,positive
التعليم وما أدراك ما تعليم حياتك ديما بخير شكرا جزيلا لك سيد مودير هذي المدرسة,positive
التعيس مع الاشد تعاسة لا دين لا ملة,negative
التفاؤل مطلوب لتحقيق أهدافك فإن فشلت فغير أساليبك لا مبادئك فالمعروف بأن الأشجار تغير أوراقها لا جذورها,positive
التفاصيل اش صار,negative
التفاهة و السفالة بعينها والحق فلي مستدعيه,negative
التفاهة و الفراغ,negative
التفسير الوحيد ل مياة و خمسين ألف مشاهدة هو ان غالبية الشعب جاهل و ثقافته جد متواضعة,negative
التقينا في مقهى ارتجله الحب لنا كنا هنا هو والبحر وطاولة صيف مسائية هو وانا وتنهدات الامواج بيننا,positive
التلاف و الريح الزفزاف,negative
التلفزة الكل ماسطة لاسطة,negative
التلفزة بلا اولاد مفيدة ماسطة,negative
التلميذ مسكين باش يكون ضحية,negative
التمثيل فاشل و في الكلام فاشل و الحوارات فاشل و في كل شيء فاشل,negative
التمقعير على الناس و تشليكهم هو قلة حيا موش ضمار,negative
التملق و الإذلال,negative
التهمت هذه الرواية في غضون يومين وكأنني التهم صحن العاشوراء الشهي وتذوقت كل فصل منها والمطعم بنكهات القرفة واللوز والفستق والبندق المحم وحب الرمان وغيرها لقد أبدعت الكاتبة ببتصوير وإحياء ذكريات تاريخية بكل معاناتها وآلامها وجعلتني أعيش مع عائلتي قازانچي وچكمكچيان يوما بيوم وكأنني فرد منها أو جارة تسكن في حيهم فما تطرقت اليه الكاتبة وبذكاء هو موضوع بالغ الحساسية والأهمية وحورته بشكل حقائق تاريخية لم يطل عليها الأغلبية من الجيل الجديد جيل الشباب محنة مذبحة الأرمن في أوائل القرن الماضي لا تزال عالقة وحية في عقول وضمائر الناجين منها ومن سمع بها وعاصرها وهي نقطة النزاع الحالية بموضوع انضمام تركيا للإتحاد الأوروبي برأيي أن رسالة الكاتبة هدفت أولا الى التعريف والأعتراف بتلك المذبحة وثانيا حاولت ان تعرض الحقائق التاريخية الحقيقية ومعاناة العوائل الأرمينة في تلك الحقبة من الزمن سواء كان عبر التهميش بهم وقتل المفكرين منهم ومحاولة نفيهم خارج البلاد وثالثا وأخيرا هو استقطاب عطف الشباب التركي وابداء رأيه وسخطه على تلك الفاجعة اللعينة لأجل خلق جو من التسامح والغفران بين الشباب التركي والأرمني ليتعايشوا معا في بلاد واحدة آمنة وهنا أقتبس من كتابات الإنسان العظيم مانديلا بذكرى رحيله قبيل أيام الكره نتعلمه في حياتنا واذا كنا قادرين ان نتعلم كيف نكره فأننا ايضا قادرين ان نتعلم كيف نحب لأن الحب هو الفطرة التي نولد عليها وليس الكره فالطفل لا يكره الآخر بسبب لون بشرته أو خلفيته أو انتمائه الديني,positive
التواضع المصنع محرزية الغبيدي,positive
التوانسة بحاجة إلى رجل دولة موش طرطور كيفك,negative
التوانسة فدو من اشكال الديمقراطية يزيو نحبو فعل دبمقراطي يحررنا أول شيء من الاستعما رالفرنسي المتواصل الخفي و هاك نبيل القروي عميل فرنسا,negative
التوانسة كان الغشة حتى فى ربطة معدنوس ب ميتين م حتى بالمليارات,negative
التوانسة لا شافو حاجة ناجحة برا عاد يعبدوها و المعبود ربي للي يكوهوك فيها,negative
التوانسه الفقر و الجهل و الفساد وتريدون دوله صالحه,negative
التوانسه الكله ضد الاحزاب الثلاثه من غىر ما تفرح البرلمان سىحل إن شاء اللهه عن بعد او عن قرىب هكه تتهن معادش انشوف منظركم,negative
التوزيع ياسر مزيان,positive
التونسي بحر عروسات ضيفات كي يوصل للقراية يولي خايف,negative
التونسية اعلام العار,negative
التونسية الوحيدة إلي مشرفتنا,positive
التونسية تحاول تبييض اعمال بن على من خلال تافه و جاهل و منحط اخي كي ظال هجتكم باش ادغفونا و ترجعو بن على تي ماو جيبو واحد راجل موش ةاحد اجهل من سباطي يا ولدي بن على راكم اتفهو فيه بها الوجوه المقلبة كي اطحنو اعرفو قواعد الطحين,negative
التونسية دخلت في الحملة الانتخابية جهار في النهار تهز في الطحين لترويكا,negative
التونسية زارعة الثقافة المنحطة والميوعة لست ادري لماذا جميع الحاضرات من النساء ضيوفا أو جمهورا لا يلبسن الا لباسا عاريا يبدو ان الطقس حار جدا في استديوهات التونسية,negative
التونسية من أفضل القنوات,positive
التونسي ديمة راجل وسيد الرجال,positive
التونسي طول عمرو منافق,negative
التونسي عمرو ما كان خدام الا بالعسا والخوف,negative
التونسي ماللي يخرج للدنيا ما يسمع كان كلمة البلاد في ازمة قد منهبوها الملاقيت وما زالت واقفة يزونا من اللغة المضروبة و اعمل في الشعب إلي تحبوا و الحساب غادي يوم لا ينفع لا مال و لا بنون الا من اتى الله بقلب سليم نكت و ارجع للسطر,negative
التونسيون ثاروا على بن على لكن منظومته الأمنية التعسفية ما زالت مستمرة,negative
التونسي يحب اللقمة الباردة و الله قال الحق شعب يحب الشرب و الزطلة و العيشة الفل و كل في الضخموني من غير ما يخدم,negative
التونسي يحط جام,negative
التونيسار ديما بغريبتها هه,negative
الثعلب الماكر,negative
الثعلب متاع زبي لي لابسا بالأصفر فهمي زبي كان أنا عندي كرهبة علاش باش ناخوك أنت شعندك معناها باش نصرف عليك دار و كرهبة ب مياة مليون بكلك متعمليش ثناشنلف,negative
الثقافة بايتة للظلمة ريتي بالله ريتي,negative
الثقافة طاح قدرها كان ف تونس,negative
الثقافة على أساس تنقذ في العباد من الكوفيد و إلي يستحقوا التكريم ما تلفتلهم حد الثقافة مش كان تمثيل و غناء و شطيح الثقافة كلمة كبيرة يااسر,negative
الثقافة عندها قيمة في تونس قص الضو وقص الماء وقص الغاز طيحاها ردها بار ولا دبو متاع شراب خير فااك,negative
الثقافه مقتصرينها على المومثلين و الفنانين الله المستعان و كهو,negative
الثلاثاء جمادى الآخرة ه الموافق مارس م يومكم معطر بذكر الرحمن وطاعته,positive
الثلاث رؤوس الفساد,negative
الجاي خير ان شاء الله حظ موفق في ومبلدون,positive
الجاير بركا قداش نكرهها,negative
الجبالي تحسه ارهابي من أهل قريش نغزو نغزو,negative
الجبالي,negative
الجبة القبائل تجي طويلة علاه مشتحينها الغنية ماش مليحة درتي اابوز باللبسة تاعنا باه الناس تجي تشوفك,negative
الجبة القبائلية حاضرة وبقوة و هيا خاصة بمنطقة القبائل ولاتوجد في أيه منطقة أخرى و كل من يلبسها يعني متأثر بالجبة قولو الحقيقة,negative
الجبناء والسفهاء لا يصنعون إعلام العار لا يفهمه سوى السفهاء مثللكم مكانكم في مزبلة التاريخ ارخص واوسخ منكم و من برنامجكم مفماش كلكم ماتجيوش فى ظفر الدكتور المنصف المرزوقي يا حثالة,negative
الجرأة في العراء و الغناء الماسط و المنحط رغم أني لم و لن أرى الكليب هيا جرأة فاسدة و انحطاط أخلاقي و سفاسف و رذالة,negative
الجراة في تونس العرااء وقلة الحياء,negative
الجرذ طلع يتكلم بعد ما طلس فيبالو تيوصل لكرسي الخراب وداعش تونس توا يتكلم الوزارة فالسة يفلس عقلك يا واطي,negative
الجزء الأخير في الفصل الثاني جيد ومهم غير كدا الكتاب لازم يتعلموا عدم اللت والعجن في ذات الموضوع ويزيد عدد الصفحات بدون داعي تحذير لو قرأت للوردي كتير لا تقرأ الكتاب,negative
الجزء الأول قصص قصيرة أكثر من اللازم فقدت معهاالمعنى والمغزى الجزء التاني قصص تم نشر معظمها كمقالات الكتاب أحبطني بشكل أو بأخر,negative
الجزء الاول كان تمام الجزء التاني من بداية سفر محسن هون بدت الافوره مابحبش المبالفه باي شي وللاسف هالرواية تحوي على كمية من المثالية والمبالغه البشر مش هيك مافيش بنت الكل بوقع بحبها وبنسحر بجمالها مافيش سبر عام الكل لازم يخضعله كيف فجاه سنيه حبت مصطفى وفهمت انه حب عميق والي قبل مجرد مداعبات طفوليه مش قادره احدد بالزبط وين المشكله بس الجو العام كان سيء ولهيك يمكن بكتب بالعاميه صح انها مكتوبه قبل زمن طويل جدا لكن انا بقيمها بمعايير الزمن ونقده,negative
الجزء الاول من المذكرات دي كان بالنسبالي احلي من الجزء التاني الجزء الاول كان بيحكي عن الطفوله والقريه وكله صور تعبيريه واسلوب انا بشوفه عفوي غيري ممكن يشوفه للكبار فقط اما بقا الجزء التاني فبيحكي قصه الصعود مع رفيق الدرب الشيخ امام عيسي صوت القلم اللي كان بيكتب بيه نجم ومن خلال الجزء دا هتتعرف علي حكايه اكتر من قصيده زي ممنوع من السفر مثلا وكلب الست وغيرهم كتير ملحوظه الكتاب عفوي الالفاظ يعني بالبلدي الفاجومي بيكتب زي مابيتكلم مش بيفلتر الكلام,positive
الجزء التاني من الكتاب يخليك عايش حالة من السلام الداخلي,positive
الجزء الثاني حسنوا فيه زادوا طولوه,positive
الجماعة إلي تنبر عليهم يا موظفين شهرية مضمونة حتى لو كان تسكر البلاد مايتقلقش ولا كرزة ولباس عليه عندو تفتوفة تحت راسو هاذم ولا غيرهم إلي يخدمو بالنهار معناها التسكير يضرهم وعندهم الحق يا خويا الكورونا ولا لبطالة و الجوع خاطرهم ثلاثة شهور تسكير جاعوا وقعدوا بطالةوزيظ هو ماخافش منها وبعثها الكورونا أنت شنيا مقلقك خايف وماتحبش تموت شد دارك واكا لغة تونس مشات وباش نموتوا حد مايموت ناقص ولا زايد عمر,negative
الجماعة الخمسة متاع الصباح قائمين اصليو في الصبح,negative
الجمال الصفاقسي وحدو,positive
الجمهور زبالة وغوغاء اتفواا,negative
الجمهور لي راهوا يضحك نقلهم حط روحك في البلاصة هذيكة قلة التربية,negative
الجميع لم ينتبه لضحايا الحادث المهم ان السيارة اخذت نصيبها من الاشهار,negative
الجن المستك مشنرمال,negative
الجهتين اضرب من بعض هه حكم شرع الله هو الحل بدل العك و المسخرة تاعتكم جننتونا بغبائكم و تجاربكم و سياستكم القذرة فش فيكم واحد يقول نريد شرع الله يحكمنا,negative
الجهر بالمعصية الله يهديك,negative
الجهل المدمر,negative
الجهل بأم عينه اللهم زده علما,negative
الجهل بعينه قمة الانحطاط الأخلاقي و الفكري,negative
الجهلة ماعجبهمش خطاب الرئيس,negative
الجهل مصيبة حسبي الله ونعم الوكيل,negative
الجهل مصيبة دبر حق تسكرة وطلع يلوج على حاجة باش يفضح بيها التونسار كيف ما لقاش خرج البهامة إلي فيه,negative
الجهل مصيبة ربي يهدي و كهو,negative
الجهل مصيبة قالك نحب نصور مياة دينار وما ما حبش نصور عشرين و ثلاثين دينار شوية على هذا منحرف جاهل يفسد الشباب,negative
الجهل مصيبة كانو يحبوني نطيش قطاطسي غي الشارع خاتر الفيروس منهم,negative
الجهل مصيبة,negative
الجهل مصيبة و التقوعير زادا ما عندك فيه ما تقول أفف الصبر و برة,negative
الجهل مصيبة ولانا الاعلى الا حكى علها فرويد هيا المجتمع هه ايسلم قرايتك فضحتنا هه,negative
الجهل مصيبة و يا ريت تثبتوا قبل ما تكتبوا كارثة ما كارثة في تونس كان انتم إلي تاولوا و تجيبوا اخبار غالطة,negative
الجهل مع المال كفر,negative
الجهل والانانية البلاد في خطر منتشر فيها الوباء وهوما جايبين ماعندهم,negative
الجهل و السعادة,negative
الجهل و الضعف في الشخصية هو السبب,negative
الجو حلو جدا ياجماعه انزلو اتمشو,negative
الجودي هذاكة اكبر ساقط وخامج ومرتزق ومشكوك حتى في شهايدو هامل,negative
الجودي هه ارجوكم لا تصدقوا هذا الدجال,negative
الجودي و الزرقوني و متاع الكورونا عنا خراوات متاع تحليلات و استشراف في تونس d,negative
الجو يشجع علي الدوام صراحه,negative
الجيش الابيض اكبر كذبه في تونس يخدمو بنديه جماعة اتحاد الخراب,negative
الجيش هو الحل,positive
الجيوب الأنفية لا دين له,negative
الحاجة الباهية في بو غلاب انو كلمتو يقولها رغم اختلاف معه في كثير من الأشياء,positive
الحاجة لي عجبتني لي يبيعو الخمر قاع حيجابيست هه,positive
الحاج موسى موش موسى الحاج,negative
الحاجه لمل بتزيد عن حدها بتقلب ضدها,negative
الحاذقة,positive
الحاصل من وقت طلع عبدالمجيد الزار كرءيس لاتحاد الفلاحين كثرت مصايب الفلاحة وساهم في تدميرها كيف لا وهو راضع حليب النهضة,negative
الحاصول لي ما خدمش فى بلادو ما يخدم فى بلاد الناس,negative
الحاصيلوا يعطيكم نم يا فروخ البوماضة قلو نحرق وسيبونا الحدود تي انتوما متاع خدمة يا وجوه اللوح,negative
الحاصيلو زايد معاك يا سي محمد,positive
الحاصيلو ماسط لاسط يا شمير,negative
الحالات التي يعيشها يحيى رائعة خاصة بالوصف التفصيلي لها أحمد مراد فنان برسم السيناريو اظهار السادية الموجودة عند كل الرجال أي شخص لازم يحس بتشابه بينه بين يحيى,positive
الحب ca,positive
الحب بالنكهة التونسية محلاهم,positive
الحب بكل إختصار ان نضحك ونبكي مع بعض وان اكون انا انت وانت انا,positive
الحب حياة عندما يحضر الوفاء الحب لهيب عندما يغيب الوفاء,negative
الحب رب يعمل,positive
الحبس خايب ياما تعذبنا فيه خاطر زواولة,negative
الحبس عمرو ما يربي,negative
الحبس,negative
الحب شعور خاص يمر به الإنسان ويحق للمرء ان يفتخر بعشقه تجاه محبوبته فهناك العديد من اساطير الحب في كل البلاد امثال عنتر وعبلة ورميو جولييت وغيرهم الكثير الكثير وما ورد في هذه الصفحات هي خواطر خاصة بالكاتب لحبيبته ونوع من الرسائل الخاصة منه لها ففكرة تجميع خواطر كانت منشورة على ضفاف منتديات وطرحها في كتاب قد احرق من قدره قبل تجميعه لكونه بالتاكيد نقل من منتدى لاخر فنحن العرب لا نتعب اقلامنا الخاصة في اقسام الادب الا في ما ندر اما حال هذه الخواطر بعد التجميع فهي قصيرة جدا جدا ولا توصل المعنى ابدا وبهذا الترتيب المتسلسل الذي ظهر به اختلط الفهم اكثر بالتاكيد السيدة المقصودة بها ستفهم الامر بشكل جلي لكن القراء مجرد أطرش في الزفة كان من الافضل ان تظل سرية لان رسائل الغرام تفقد لهيبها اذا ما طرحت على اعين الكل ليتها تقرأ صفحات رقيقة تظهر عذاب ملفها اتمنى لو اطلعت السيدة المقصودة بكل هذا الحب عليها اتمنى لهما راحة البال فقط اذا كنت ترغب بالقرأة من اجل القراة نفسها وقد انتهيت من كتاب ضخم تود فترة انقطاع لكي تخرج من تاثيره هذا هو المنشود,negative
الحب,positive
الحب والإخلاص يبرران سرقة أموال الناس هه,negative
الحب و الحنان احسن من وسخ الدنياء,positive
الحب و برنسيستي و نبض قلبي كم شخص مفعل التنبيهات له,positive
الحبوس أنواع يا ابن العم أنواع المخيم حبس وبيتك حبس والجريدة حبس والراديو حبس والباص والشارع وعيون الناس أعمارنا حبس والعشرون سنة الماضية حبس والمختار حبس تتكلم أنت عالحبوس طول عمرك محبوس أم سعد الأم والوطن فلسطين ما كل هذا البس يا أم سعد ما كل هذا الأسى يا فلسطين كم من القلوب تلزمنا لنحمل كل هذا الحزن والألم معك يا غسان,positive
الحب يعطي معنوية للحياة من دون حب العمر رحلة فاضية,positive
الحثالة على بعضعا تقع اخييت,negative
الحجاب ليس كفن للمرأة الحجاب هوية للمرأة كمية الاعتراضات الموجودة بهالكتاب عن الحجاب جعلته ممل تافه من شتى الطرق متناقض جدا,negative
الحجر الصحي الشامل خير ما كانش مشات,negative
الحجرة تذوب و acab ماتوب,negative
الحجرة ماتذوب والشريفة بنت الفاضل ما توب,negative
الحجرة ما تذوب وصوفي ماتوب,negative
الحجرة ما دوم و القحبة ما توب,negative
الحجرة متذوب و حسنة متوب,negative
الحجرة متذوب و ليلي القحبة متوب,negative
الحجرة مذوب و القحبة ما توب هادي هيا العبارة الصحيحة,negative
الحديث وحدو معندو وين يوصل يا أمينة,negative
الحرام يبقى حرام ام الخبائث هيا الخمر لا الخدمة كاينة بصح ضعف الوازع الديني و تقليد الغرب خلات الشباب ضايع,negative
الحرباء,negative
الحرب العالميه الثانيه ولكن بعيون طفلين توأم رواية الكذبه الثالثه أجمل هذه الروايه مليئه بالألفاظ الجنسيه والمشاهد المقززه يظهر فيها الطفلان بمنظر القسوه حتى أنها يضحيان بوالدهما فى نهاية الروايه ولا يلقيا بالا لموت والدتهما,negative
الحربوشة و شربناها توا نتعداو للصحيح و الناس سكارى وما هم بسكارى,negative
الحرقو الكل سناكيح سنكوح يعني البريما فيهم يتعشا ب خمسة €,negative
الحرية لبائع السعادة الموت لاصحاب السلطة إلي يسرقو فينا بدل القانون ثنين و خمسين,negative
الحزن يطارد عنواني وسألت الناس عن السلوى عن شيء يهزم أحزاني عن يوم أرقص بالدنيا أو فرح يسكر وجداني قالوا أفراحك أوهام ماتت كرحيق البستان ودموعك بحر في وطن لا يعرف حزن الإنسان,positive
الحسين وبك أصبحت أنا ودونك أصبح لا شيء أبدا,positive
الحشيش في كل مكان وأكداس أوساخ داخل المستشفيات إبان انتشار وباء فتاك,negative
الحصان هذا منتشرفوش بيه القوبسية لكل مسخ,negative
الحقارة و النذالة و السفالة لها عنوان واحد توفيق الغربي,negative
الحق السفر موش موجود في قاموس حياتنا,negative
الحق القناة فزدت,negative
الحق تعجبني مدام محرزية مثال المرأة التونسية المثقفة و إلي تعرف اش تحكي,positive
الحق فيا أنا داخل نكومنتي,negative
الحق في البرنامج كل مره إجيب لنا غريبه نحن دوله مسلمه لازم نأخذ موقف ضد هاته القناة قناة العار والكفر استغفر الله استغفر الله استغفر الله,negative
الحق في المخرج ميبون وعطاي ماشو في الممثلين,negative
الحق له رجال و للأسف هناك من جعل من المحاماة طريق لربح المال ولو جعل من الباطل حق و من المجرم ضحية إلي هؤولاء اقول سيكون الخراب في بيوتكم في الدنيا و في الآخرة سيكون القصاص,negative
الحق مش في هو الحق في الجابو,negative
الحق موش فهالخامجة النكرة الحق في جايبها ومدخلها لبيوت الناس ياخي ماعندهمش عايلات وصغيرات يخافوا علهم من ها المارك الفاسدة على زوز فرنك يبيعوا أرواحهم وبلادهم عار عليك ايتها الحبيبة تونس هؤلاء الأشكال المقيتة,negative
الحق موش فيها الحق في إلي يطرح في ها المواضيع و إلي استدعاها نعتبره من قوم لوط والتافه تافه انا ماتفرجت في البرنامج وحسب ما قريت من الكومانتارات السابقة نقول هذي ما تممثلش المراء التونسية ولا شيء,negative
الحق يعلو ولا يعلا عليه,positive
الحقيقه أن الكتاب على مستوى من الروعة والشعرية بما لا يدع مجالا للشك ولكن الترجمة العربية على مستوى غير محتمل من الركاكة وقله الحيلة ولولا أنها نشرت في الثمانينات لقلت أنها ترجمة من جوجل مباشرة الكاتب سورين كيركجارد هو نصف كاتب ونصف شاعر في نفس الوقت الأفضل بالطبع قراءته باللغه الأنجليزيه والتي وأن لم تكن اللغة الأصلية لكنها على الأقل ترجمه احترافية ولم تغفل الطابع الشعري لأسلوب الكاتب,negative
الحقيقه كلامك فيه جانب من الصحه بكونوا صاحبك الرقاص تمقعر على الكل وجبدهم بالاسم لكن ما جبدشي القلاصن واذا يحب يبدوا بقلصون اموا ولا مرتوا و من غير نغره ممكن التونسي يضحك على كل شيء حتى وان كان تافها لكن الاعراض لا تقبل وان كانت في العدو مشيت للمسرحيه على امل الضحك لكن خرجت متقزز من شده القرف وكان قعد رقاص مع شلة سهام بلخوجه ممكن احسن متقلق من الغاء العروض أما قلة الادب ما تقلقوش وانت يا جوهر عيب وقتلي تاريخ بوك ونظالوا يمسحوا ولدوا بالتلحيس لمجرد منصب وكرسي,negative
الحكام في تونس قرروا تحت ضغط لوبيات الفساد والإقطاع في الداخل و الخارج التخلي النهائي عن حماية الشعب وأقصد بالشعب العامة من الناس من وباء 《 كورونا 》 القاتل أيها الشعب آنتصر لحقك في الوجود و الحياة,negative
الحكاية ماهيش دين الحكاية آشكون يدخل يدو أكثر في قصعة كسكسي تونس هذا يحب يأكل و ينطح,negative
الحكاية و مافيها إلي جماعت الانتساغرا توا تصوحب واحد مزيان شوية باش تعمل شويه buzz و اكبرو ال compte متاعهم و شوي جامات,negative
الحكم لديكم لا خوف عليكم,negative
الحكومة الجديدة بدأت تعبي ولا مازالت,negative
الحكومة نفسها كل ثلاثة أشهر بركاج و الحكومة هذي منحوها الثقة اليوم من الغد لائحة تدور باش يبراكوها,negative
الحلال بين و الحرام بين كل تعرف هذا لكنهم يتجهلون لأنهم يعشقون الحرام و الفساد,negative
الحلال بين و الحرام و بين و الله غفور رحيم إلي يغلط يتوب و رب يقبل توبتو و لا حول و لا قوة الا بالله و ان لله و ان اليه راجعون,positive
الحل الشعب الكل لازمو يتبدل تسعين منو سراق وقلابة ومتحيلين,negative
الحل الوحيد مثماش حل,negative
الحل الوحيد وهو تنفيذ حكم الإعدام لهؤلاء الخنازيز,negative
الحل زيادة رواتب وامتيازات الولات والمعتمدين وو الصغار مش مشكل إلي قراو ماتو,negative
الحل فتح القيام جديدة في العاصمة سرير مع اكسيجين أطباء الخاص يمدو يديهم,positive
الحل في تفعيل قانون ثمنية و ثلاثين,negative
الحلقات الكل حلوين احسن مسلسل ولاد مفيدة و دنيا أخرى,positive
الحلقة الاخيرة هاذي,positive
الحلقة اليوم هائلة,positive
الحلقة بكاتني ياسر على خاطر عندي زواج ثمنية و عشرين سنة ما جبتش صغار و كانولاطباء يقولوننا راكم الاتنبن مرناحين و كون نفترقوا راكم تجيبوا لكني احمد الله و اشكره فبعد ز واجي ب سبعطاش سنة استبيت طفلة من الاقارب و عوضني الله عن حزن السنين أما عن زواجي فكان الحمد لله سعيد و لحد الان لازلنا نحب بغضنا و ألف تحية من الجزائر للاشقاء التوانسة,positive
الحلقة تبدا في الدقيقة أربعة ستة و خمسين فرجة ممتعة,positive
الحلقة هدي من اجمل الحلاقات في عالم العربي ربي كون معها ومع كل الامراض,positive
الحلقة هذي منورة كل الضيوف من تراز الرفيع بل اخص انس يحياوي تمسي تصغار,positive
الحلقه واحد حلوه,positive
الحل ماء الفرق,negative
الحلمة بدت ماللي بيرم يحكي مع سماح و قاللها إذا صار اي حاج أنا نحبك,positive
الحلم هو عبارة عن مجموعة مم الصور عن المستقبل وواقع نرسمه في الخيال,negative
الحل هو الرجوع للمساجد,negative
الحل هو الزكاة,positive
الحل هو رقمنة الخدمات,positive
الحل واضح بماأن موظفي الدولة يعملون نصف الوقت فبالتالي على الحكومة إعطائهم نصف الشهرية وللنصف الآخر يتم إعطائه للعاملين بالمقاهي و المطاعم وتجار الأسواق الأسبوعية,positive
الحلو انو عبد الحميد بوشناق يزيح في التراب على الغبار على التراث المغمور و يربش من قاع الخابية و يجيب السهل الممتنع بأروع الأساليب موش غريب على عائلة تتمتاز بالذوق ولانفراد في الأسلوب ربي معاك و ان شاءالله نشوفو اعمال اقوى,positive
الحل يرجعو يصطادونهم كيف قبل لا حقوق الكلب ولا رويق فارغ,negative
الحماة عمى ربي ياخذ منك الحق,negative
الحماقة حالة مفرطة من غياب التعقل و هيا مرض عضال ينبغي اجتناب من يصاب به فإذا تصدروا للمشهد ضاع معهم الوطن,negative
الحمام ما خلى شيئ,negative
الحمد الله إلي الواحد يلقى نفس الثورة مازال عايش في تونس أحبك يا شعب تونس الثورة تونس الأحرار تونس الكرامة تونس الديمقراطية لاحظت نفس الحرية و الكرامة متنوع فسيفساء ما فيهش الطبقية خرج المتعلم تكلم ولد الحومة العربي قال لعب مع كل شيء كان الدين تخرج علينا واحدة تسب الرسول و تحرف سورة نزلت على نبينا محمد صل الله عليه وسلم هاذيكا تسميوها حرية التعبير الدين عرض خط أحمر محلاه الشعب التونسي أوفياء أوفياء لدماء الشهداء تحيا تونس الثورة,positive
الحمد الله إلي مزالت عباد كيف ها الراجل هذا,positive
الحمد الله اختبار التحصيلي اسعل من القياس,negative
الحمدالله الذي حفظ عافيتي وستر خطيئتي ومازال يعطيني الحمدالله دائما وابدا,positive
الحمد الله الذي عافانا من ابتلاه به كثيرا من خلقه بشر منحطه عليها الذله والهوان,negative
الحمدالله بعد صراع طويل مع النوم نمت و قمت بعد اربع ساعات,positive
الحمد الله حمدا كثيرا,positive
الحمد الله سكرتها التلفزة قبل ما يبدا يحكي راهو صفر وفاشل وما يعرفش يحكي نرقد خير تصبحون على خير,negative
الحمد الله عقبا للغنوشي وشلا امتاعو,positive
الحمدالله على ماكتبه ربي حتى وان كان لا يسرني,positive
الحمد الله على نعمة,positive
الحمد الله على وجود القرآن في حياتنا صحيت بطريقه مفزعه جدا,negative
الحمد الله كاين ناس هكاك,positive
الحمد الله,positive
الحمدالله,positive
الحمد الله كيف مفماش اك جبور تاع دزيرية قداش نكرهكم,negative
الحمد الله هاي بدت تتحل,positive
الحمد الله هذا أحسن خبر تهبطو موزاييك و ينجم الواحد يرقد على الأقل بخبير مزيان,positive
الحمد الله و الشكر لله ربي يرحمنا و سهلها على المسلمين امين يارب العالمين امين يارب العالمين امين,positive
الحمد الله ياا ربي عدنا يتحسبو على الاصابع حمدالله,positive
الحمد الله ياربي إن شاء الله الناس الكل لباس,positive
الحمد الله يا ربي,positive
الحمد الله ياربي كولشي سكران هه,positive
الحمدلله ألف مرهعلى كل لحظه بسيطة قادرة تخلق فينا شعور الرضا,positive
الحمد لله أن الأخوة التوانسة كانوا واعيين ولم يختاروا القروي أصلا حتى ابتسامته مستفزة,negative
الحمدلله ابتسم لي حظي,negative
الحمد لله الاحزاب دخلو لدين التوانسة وطهرو من الارتزاق من دم التوانسة واغتنام لقمة اكلهم بالطمع وقلة الامانة بتنفيد وعودهم للاغبياء البسطاء النزهاء الطيبين على نياتهم,negative
الحمدلله الحمدلله,positive
الحمدلله الذي حفظ عافيتي وستر خطيئتي وما زال يعطيني الحمدلله دائما و أبدا,positive
الحمدلله الذي هدانا لهذا وما كنا لنهتدي لو لا أن هدانا الله,positive
الحمد لله العزيمة تصنع المستحيل ربي يبارك,positive
الحمد لله اللهم زيارة إلي بيتك الحرام,positive
الحمد لله اللهم يسر ولا تعسر وارزقنا زيارة بيتك,positive
الحمد لله انتهيت من قراءة كتاب استرداد عمر الكتاب اكثر من رائع أعطاني حافز خلاني أتطلع في حياتي مرة أخرى خلاني ادرس الماضي تبعي وأحاسب نفسي عليه خلاني افكر بالمستقبل وين رح أكون وشو رح أعمل سيرة عمر بن الخطاب رضي الله عنه متى ستنبت في قلبي وتثر على عقلي وتغير في تفكيري وتظهر على جوارحي هل سأكون بعض ما كان عليه أم أنني سأتوج نفسي بـ ورقة قرأتها أتوج نفسي بتاج مزيف وأضع التطبيق والفائدة والعبرة جانبا,positive
الحمد لله انه أصبح عندنا قضاء مستقل يقول الحقيقة و لا يخشى الوزير أو غيره,positive
الحمد لله بابا الله يرحمو ماخلى لنا شيء نتعاركوا عليه قعدنا نحبو بعض ولله الحمد,positive
الحمد لله بطلت لقراية,positive
الحمد لله تزيد النعم وتدفع البلاء والنقم فلك الحمد يا الله حد الرضا صباحكم حمد وشكر,positive
الحمد لله تونس مازال فيها رجال كيف أحمد ووليد,positive
الحمدلله حمدا تستديم به النعم الحمدلله حمد الرضى الحمدلله على كل حال,positive
الحمدلله حمدا تطيب به النعم,negative
الحمد لله حمدا كثيرا ربي يسهل إن شاء الله,positive
الحمدلله حمدا كثيرا طيبا مباركا فيه,positive
الحمد لله حمدا كثيرا,positive
الحمد لله خلصنا الفرح ووصلنا البيت بالسلامة كان يوم جميل بكل تفاصيله الحمد لله,positive
الحمد لله رب العالمين وصلى الله على سيدنا محمد نبيه وآله وسلم تسليما,positive
الحمد لله ربي العالمين,positive
الحمد لله ربي يجمل شملهم وربي يشفي بنتو و هذا الاب ونعمه الناس و الله مسكين غاضني ربي يحفظو,positive
الحمدلله شرينا دوبل عمناول,positive
الحمدلله علئ كل يوم يأتي وبه إبتسامة من أمي,positive
الحمد لله على أني تولدت كلوبست و الله فخرة مايعرف قيمتها كان لدمو أحمر و أبيض,positive
الحمد لله على سلامتكم,positive
الحمد لله على كل حال ربي يرفع عنا الوباء و الباقي لابأس,positive
الحمد لله على كل حال هذا حكم ربي ربي يقدر الخير,positive
الحمد لله على كل حال وربي يعطيها القوة,positive
الحمد لله على كل شيء,positive
الحمدلله على ما أنا عليه وعلى ما كنت وما سأكون الحمدلله على كل حال,positive
الحمدلله على مااتى وعلى ماتبقى وعلى ماهو قادم الحمدلله دائما وابدا,positive
الحمدلله على ماتبقى وعلى ما أتى وعلى ماهو قادم الحمدلله دائما وأبدا صباح الخيرات,positive
الحمد لله على نعم الله التي لا تعد و لا تحصى,positive
الحمد لله على نعمة الإسلام الذي كرم المرأة ورفع مقامها,positive
الحمد لله على نعمة الإسلام لهذه السبب حلل الإسلام تعددية الزاوج الفراق بين زوجين تعايشو عشرا سنوات بحب يكسر القلب,positive
الحمد لله على نعمة الاسلام,positive
الحمدلله على نعمة الصباح الذي يخلق فيني كل يوم أمل لا يموت صباح الخير,positive
الحمد لله على نعمة جزائريتي و الله العرب وخاصة الشرق الأوسط والخليجين رعاة أبل وشبعو أكبر شعب غبي هم في الجزائر رانا نكتو عليهم,negative
الحمد لله على هذا التحالف الاسود هنيتنا على نهايتك انت نبيل مقرونة قريبا باذن الله,positive
الحمد لله في بلادنا معنداش ها الاشكال لي تفطر صيام شهر رمضان المبارك ربي يهديكم ياارب يا اخوتنا في تونس,positive
الحمد لله,positive
الحمد لله,positive
الحمدلله,positive
الحمد لله كيف تكلمت ملا طبق القانون,positive
الحمدلله لم يتروكونا نحتاج لشئ ولم يضربني طيلة حايتي الا على الصلاة مرة واحدة وضرب خفيف مع التخويف من عذاب الله الله ارحمه واغفر له وتجاوز عنه,positive
الحمد لله ما براكاكم حد,positive
الحمد لله مرتاحين من منذرو هل اسمو شكيب مرزن ملايكتو و طينتو,negative
الحمد لله مزال فمة خير ورجال في تونس,positive
الحمدلله نزلت على المكتبة لسا ما وصلت كيف بدي اقرأها القدس,positive
الحمد لله هناك قلوب حية تنبض بالحق والجرئة بوركت اللهم ارحم من ولدتها فتاة قوية ومحقة كلام من ذهب و في الصميم نتمنى لك النجاح,positive
الحمدلله و الشكر لله,positive
الحمدلله و الشكر لله و الشكر الجزيل لك اخي صاحب القلب الكبير,positive
الحمد لله يارب ربي يقويها ان شاءالله الاعاقة ماهيش جسدية قد ماهو اعاقة وسواد قلوب وعمى بصيرة برافوو,positive
الحمد لله ياربي اكتبلي عمره على قريب,positive
الحمد لله يا ربي,positive
الحمد لله يا ربي هذي الحلقة تعدت خفيفة و تحفونة منغير الهرج متاع السياسيين يعطيكم الصحة ما فقتش بالوقت كيفاش تعداا,positive
الحمير على اشكالها تقع تصبحون على خير,negative
الحنون لا يقسي الا عندما يغار,negative
الحوار التونسي باهية في كل شيء,positive
الحومة اش حوالهم,positive
الحياة دائما احلى مع اتصالات تونس,positive
الحياة سألت الموت لماذا البشر يحبونني ويكرهونك أجاب الموت لآنك كذبة جميله وأنا حيقيقه مؤلمة يارب امتني وانت راضي عني,negative
الحياة سارت قاسيه بزيادة شاحن انقطع و شاحن ضاع,negative
الحياة لابد ان تتواصل الى متى سنضل في خوف وفزع من هالكرونة كل البلدان تعايشت مع المرض مع أخذ الاحطياطات اللازمة,positive
الحياة ما هي إلا قصة قصيرة من تراب على تراب إلى تراب ثم حساب فثواب أو عقاب فعش حياتك لله تكن أسعد خ,negative
الحياة مليئة بالحجارة فلا تتعثر بها بل اجمعها و ابنى بها سلما تصعد به,positive
الحيوانات خير منهم و الله حاجة تقزز عللخر,negative
الحيوانات هذي لازمها الإعدام و شوي فاها,negative
الخائن بسيس,negative
الخائن,negative
الخارف,negative
الخامج خامج والنضيف نضيف,negative
الخامج مع المصخ,negative
الخامج يعرف الخامج,negative
الخامج يعرف خوه,negative
الخبير الاقتصادي نبيل بوبلوطة,negative
الخذلان اصبحت نهاية اي قصه حب شرقيه يحبها لدرجه الخوف والهلع من تكون لغيره وبنفس الوقت لا يريد الارتباط بها بحجة مبرارات وخوف تحبه لدرجة الغفران له من الخيانه الخوف القسوه الهجر خذلانها امام اهلها عائلتها اصدقائها اي حب هذا تحبه جمانه لتسطتيع تجاوز كل هذا لاتغفري لاتغفري له اشفي منه ودعيه يشفى من مرضه لوحده,positive
الخراب مسؤولة عليها الدولة والوالدين والمدرسة الثلاثة هاذم هوما إلي خربوا عقول الأطفال,negative
الخراوي مع الزبلاوي,negative
الخرس و البخص عرائس وكأني عقاب الله لامفر مه حسبي الله ونعم الوكيل,negative
الخطابات الركيكة موجهة لقلابين الفيستة وباءعي ذممهم امثالك,negative
الخطاب السياسي الموجه في بدايه الكتاب حول الروايه الى تقرير سياسي بدلا أن تكون عملا أدبيا جميلا,negative
الخطيب ديما جابد روحو ويتسكبن حتى بعد العرس يولي يتجبد ماتمشيش نقلق امشي انت ويحب خطيبتو دخل روحها في دارهم,negative
الخلطة السحرية لبيل غيتس المسمومة تم إعدادها و لن تستعمل إلا بعد تدمير نفسية و معنويات سكان الأرض و إنهيارها و بعد ذلك سيتم طرح لقاح بيل غيتس و ستتبناه إحدى الدول لتظليل الرأي العام,negative
الخليج البعراني الوهلابي المتخلف يسترجع سوق الرقيق,negative
الخليج بكله حيوانات يا ريت ثورة تقطف جهلهم,negative
الخليج فيه كل انواع المحرمات من عبودية رق غلمان اللطف فلوس عماتهم فساد كبير,negative
الخليجيين أينما كنتم تبا لكم,negative
الخليجيين كملوا شراو كل شيء دوروها يتاجروا في لعباد,negative
الخماج يعرف الخامج حتى طردوك ومزلت تحل في فمك يا ولا احوال,negative
الخمج الكل في العاصمة الحمد لله على نعمة الساحل,negative
الخمج و النتن,negative
الخمر أم الخبائث ضاع شبابنا ومول الميكرو مشكوك النسب,negative
الخمر محرمو ربي سبحانو وهما يحلوه بالرخسة سبحان الله العظيم لا حول ولا قوة إلا بالله,negative
الخمر و لفلوس هذوكم الكل ماشيين للحكومة,negative
الخميس عندما يتطابق الحمض النووي بنسبة سبحان الله,negative
الخوار التونسي ناس منافقين باعو رواحهم بالفلوس تخلوا على دينهم و اخلاقهم و قيمهم و يا ليتا تسكر,negative
الخوانجية ضاربين الباكو و هذي صفقة جديدة هوما أيه رئيس حكومة حكم شد ضرب دزة كبيرة و هذي صفقة جديدة,negative
الخوانجية هما سبب يحبو يلهو الشعب على السياسة,negative
الخوف بجد انك تخسر الانسان الوحيد الا كان حلمك تكون معته,negative
الخوف مما قد تجلبه الا طفال من عدوى,negative
الخوف يجري الجوف و ما ستسمعونه في خطاب رئيس الجمهوريه في غضون اقل من ساعه ستفهمون ماهية هذا التحالف الذي هو في الأصل مقرونه على حركة النكبه,negative
الخو كي يتزوج يرجع عدو,negative
الخونة,negative
الخيانة عندها ناسها,negative
الخيبه تأتي دائما من الذين قدمنا لهم كل شئ,negative
الخيبه هي ان يغلبك النعااس و انت لا زلت تترقب رنة هااتفك كل يوم,negative
الخير كله في الرضا فإن استطعت فارضى و إن لم تستطع فاصبر,positive
الدبلوماسية التي تنتصر لفلسطين تبدأ بإدانة الدول العربية المطبعة مع الهمجية والبربرية الصهيونية,positive
الدحيح التونسي,positive
الدراسات الجينية غير صحيحة مائة بالمائة للفرد فمة بالك بشعب كامل وان اردتم التأكد من ذلك فاكتبوا reliability of dna testing اشك في مصداقية هذي الدراسة,negative
الدستور الوسخ امتاع الزغراط,negative
الدفاع عن النفس حق,positive
الدقيقه تسعة اهرب يا حبيبي لدزاير وارواحلي أنا في الوادي داري دارك وكاين الخدمه وكاين كلش ميخصك والو ونغرقك فلوس كيما تقولوها انتم,negative
الدلاجي شاعر كبير و الكبير مايطيحش,positive
الدلاجي عالمي يا فنان,positive
الدلاجي معلم أيه واحد يغلط,positive
الدلاجي واحد إمسخ عالفلوس إبيع دارهم,negative
الدمعة طيحوهالي يا الرب,negative
الدنقري و الحوش العربي و الموزيكا البنينة برافو,positive
الدنيا أذواق و كل حد يجبدوا أصلو وإلي أصلو خامج أكيد يتفرج في الخمج ويعحبوا,negative
الدنيا حظوظ,negative
الدنيا سابت ومازال يصير,negative
الدنيا و الفلوس أختي زينها لا قاومو القاضي ولا منير بن صالحه,negative
الدنيا و الناس اوفات معادت متعت حياة مثماش افلوس اتعدي حياتك منكوس هذا وقت اصعيب الفيسبوك موش عيب النعجا تأكل الذيب قرب تقريب السنة ولت تعذيب من بدلها سي الحبيب قرب تقريب النعجا صوحبت الذيب كل شيء اصعيب المتعا ولت موش عيب عملها الحبيب خلا الشباب في التعذيب الدنيا اوفات تعنست احبيبا وجنات و تحترمو كافت البنات خلوها حبيبا تتعدا وجيرانها اتمرض بلفدا في تونس ملقناش خدمنا ونسانه هيا إلي تعدمنا انسانه اعطتنا ادروس ولت تمشي بلمعكوس انسانه تحب فلوس حرمو أرواحهم من ملبوس,negative
الدور متاعها خلاها هكك أما محلاها في طبيعتها كوثر بالحاج بالاخص عندها ضحكه عالميا,positive
الد و ل الخلىجية بصفة عا مة هم من احقر و انذ ل ما يو جد على وجه البسيطة جهل و تخلف الى ابعد الحدود,negative
الدولة إلي يمثلوها الطحانة و السراق و المصلحجية déjà ماهيش محترمة في نظر الشعب الكل,negative
الدولة تتحاسب عند ربي مساكن لا خدمة لا دار الله لا تربح الحكام كون يقفلو التبارن و يعدمو تجار لمخدرات الدنيا تتعدل مبصح هوما سراقين خماج حرايمية لمخير يمشي بالكف مسكين شاب جاي للدنيا يطلب في الموت ربي يفرج عليك و على كل من ضاقت بيه و ربي يتولى الحكام و يخلصوها اليوم و غدوة,negative
الدولة تعطيك منحة واقعد في الدار صحتك وصحة صغارك اهم,positive
الدولة تكل فيبعضهاا,negative
الدولة فالس بربي كيفاش باش يطبق البورتوكول الصحي ولا تحبو ولدنا يمشيو فيها شنوا هذا وزي بربي,negative
الدولة,negative
الدولة لم تخسس مزانية كاملة لتعليم يساعدها تحكم شعب جاهل,negative
الدولة ماعندهاش باش تخلص سكر المعاهد و فك علينا الشباب اغلبهم حرق فد منكم,negative
الدولة ما عندهاش باش تداوي المواطن كيفاش يعين وخاصة زيادة الشهاري,negative
الدولة مافيهاش قانون باقين نعيشوا في غابة فين قانون الإعدام,negative
الدولة هذي موش لاهية بالزوالي لاهية بالوالي تزيدو في الشهرية ولامتيازات,negative
الدولة هيا التي تبيع الخموم بطريقة غير شرعية و عندما يدخل احد الموطنيين لا ينتمي الهم يدخلوه السجن أما الدي يدفع فيتركوه هده معروفة حتي في امريكا,negative
الدولة ولا للفوضى,positive
الدولة يا ابنى سارق يخدم ويترقي و من المرضي عليه ولي يخدم يتحال على البطالة وأنت وعبد الطيف المكي وزير الصحة السابق وغيرهم خير دليل,negative
الدول تسعى باش طور مجتمعاتها وتوانسا يتعاركو على حكاية قلسون واصلو هكة عام ثنين تتلقونا الكل كان في قلاسين,negative
الدوله نا تولي دوله كان ما ترتحنا منك الى الابد وتستغنى عليك الى الابد وتقلب منضرك من الاعلام العميل,negative
الدول والشعوب المحبة للحياه تفكر كيف تسكن المريخ وكمشة جهلة يلوجو على أصولهم الغابرة وهم لا يشرفونه البشرية أصلا,negative
الدون أمرني أطيعه وأنسى خلاني ريال مدريد اتلتيكو مدريد,positive
الدون يصرخ عندما تتعالى الأصوات بايرن ميونخ ريال مدريد,positive
الدين افيون الشعب تجارة و استغلال المغفلين,negative
الدين يكورو بيه كيف ما يحبو على خاطر مجتمعنا جاهل يؤمن بالمسلمات ركبلو اي كلام وقول قال رسول الله ياخذه على حاله مهما كان حتى لو كان يبدى شرك اكتبلو بالفوتوشوب الله على جلد بهيم يقلك سبحان الله حمقى شبعو فيهم المقاولين لقدم والجدد,negative
الدين ينشر الفرح مش العري,negative
الديوانية حطب الجهنم يا ويلكم من ربي,negative
الذباب الازرق عندوا الجاير و كروشهم تجري هه,negative
الذبانة ماتقتلش أما تدرع الخواطر طو يخرج و الموقف هذا باش يزيدو كان عزيمة باش يواصل الدورية هذي ماحسبوهاش صحيحة فروخ تفركح,positive
الذكريات لا تنسي خاصه الأروع منها قد ننسي العذاب بلحظه حب لان الاشتقاق لما عشناه من روعه يسمحوا كل الآلام لذلك انا اختلف مع كاتبتي المفضلة في الرأي,negative
الذل و الهوان لك ولأمثالك,negative
الذ ما فالحياه وجود الام اجمل شيء بالحياةة,positive
الذي قال عنه بيليه أن المصنع الذي قدمني قد أغلق ابوابه,positive
الذي يحبك حقا هو الذي يرى فوضاك التي تعيشها ومزاجك المتقلب وصعوبة التعامل معك أحيانا ولكنه مع كل هذا يريدك أن تبقى في حياته,positive
الرئتين وكاريتا,negative
الرئيس اشرف من برشا كلوشارات ومنافقين و أصحاب الشياطين,positive
الرئيس المثقف المتواضع الواعي عمرو مايظلم شعبو تحية من الجزاير,positive
الرئيس صافي سعيد,positive
الرئيس قيس بيتكلم باللغة العربية الفصحى وكأنه يتحدث الى الوطن العربي حتى يفهمون ماذا يقول بسم الله ما شاء الله ربنا يحميه ويحفظه تحية كبيرة وطيبة من مصر لشعب تونس الشقيق,positive
الرابح الاول و الأخير زوجته الأولى,negative
الرابحي بهيم ياسر,negative
الراجل أختار ميدان الراب كيفو كي برشا عباد اخرين في بلدان أخرى و ناجحين يعملوا في فلوس و يعيشوا في ازبر بلايص و انتم اعقدوا احسدو و نيكوا على سعودكم المثقفين إلي تحكيوا عليهم انتوما هام شادين البلاد و باعوها التونسي يفد من حاجة اسمها نجاح خاطركم فاشلين ملخر و عالاخر و سلم على داركم بالبوس,negative
الراجل إذا مو قد الأطفال يجيب عيال ليه و المدام إلي تشوف راجلها مش راجل اسرة تجيب ولاد ليه تمشي على روحها حرام البنات في الشارع يطمع فيهم كلاب الشارع,negative
الراجل إلي ميجيبيش صغار شعملنا فيه نطلقو ونبعثو يشيط وناخو غيرو ونجيب صغار ماكم قلتو يلزم راجل يجيب حتى مرا زادا من حقها تجيب الانانية موجودة في طرفين ابكي على اصل وبرا يعطيكم طيحال,negative
الراجل النظيف يقعد ديمة نظيف,positive
الراجل تبيلك بالمصروف و باش يموت من جرة المصروف إلي زايد و بعد يقلك بنت اصول و باينة راوية و تعرفو وين و من وجهها تشوف إلي قاعدة تشوف فيه و عملو فيلم شربو جعفور و المشاهدين,negative
الراجل جابها من الآخر الدولة غير قادرة على تطبيق البروتوكول خاطر أحنا توا تر فر في المقابل نشوف في برشا يدزوا للعودة المدرسية باعد كيف تتناك الدنيا و يمشي فيها خوك و بوك و جدك اتو تولي تغرد كي القحبة شعب سكيزو,negative
الراجل راهو حرق و هوما يهويو في الغاز لي ضربو بيه رواحهم هه,negative
الراجل شبع فيه بخصو هوا ماشي في بالو قصة رومنسية اه يانبيل,negative
الراجل ضعيف شخصية امه في جهة ومرتو في جهة ياما وليات انذلو على جال الحموات,negative
الراجل قلو اه بوليس شد الحبس ملا عندو حق السبسي كي قلهم قرودة,negative
الراجل كيف تنتان في خشمو واحدة لا عاد يهمو في زينها ولا فلووس,negative
الراجل هو العاقل الراجل هو الشجاع الراجل هو إلي مايجبدش العرك الراجل هو إلي ميبراكيش الراجل هو إلي موش عامل بلالط و persing الراجل هو إلي ميتلكش,negative
الراجل يبان مريض وكاره,negative
الراه في راسه الملحم,negative
الربي لخرى و آش يقربلكم,negative
الرجاء التفريق بين مركز تدليك و مركز علاج طبيعي,positive
الرجاء نوع السلعة إلي يستهلك فيها,negative
الرجالة تكسب و الطحانة تحسب,negative
الرجال تدافع على الحق و الاحرار تدافع على الرجال و العملة و العبيد يدافعون على اسيادهم,negative
الرجال تكسب,negative
الرجل المناسب في المكان المناسب تحيه تقدير و احترام دمت متالقا,positive
الرجل المناسب في المكان المناسب,positive
الرجلة عندها ناسها برافوو وليد,positive
الرجل طيب والصحفي اطيب ماشاء الله عليكم بجوج,positive
الرجل في عالم آخر,negative
الرجولة,positive
الرجولة مع الأنثى حين تبكي عاملها كإبنه حين تتحدث عاملها كأميرة حين تخطئ عاملها كطفلة وحين تحتاجك كن كل شيء لها,positive
الرحمة تقطعت ياناس المحمامين يشكيو في الوباء,negative
الرحموني العميل الاخواني الارهابي من عصابة البحيري,negative
الرحموني و الله بردلي على قلبي,positive
الرخس بأم عينه نقوش يدور في ليل عايش على يدين ولديه,negative
الرخ لا,positive
الرخ لا,negative
الرخيص يتشرا و يتباع الشيء من مأتاه لا يستغرب,negative
الرداءة تبرر افعال الرداءة,negative
الرسالة التي ترسلها للناس تعود اليك من نفس النوع فانظر ماذا تفعل و ماذا تقول صباح الخير,positive
الرصيف ممنوع على,negative
الرطوبه في الطبقة البنائية ال الآن اخدود السعاده,positive
الرقاص طامع في وزارة ظاهرلي باش ياخو وزارة البق و البرغوث هه,negative
الرهوط هاذم شكون اذن لهم باش يناقشوا وما عاجبهم شيئ,negative
الرواية أقرب الى سيرة شخصية لكاتب محبط يعشق الأناوتغشاه عذابات التسائلات الوجودية وتتنازعة السادية والمازوخية ويلتذ بالإنتقام كشمشون والفصلين الأخيرين شطحات مضطربة وصرخات يائس مكبوته أرى أن الكتاب يحتاج لمجهر باحث نفسي أكثر مما يحتاج لناقد أدبي,negative
الرواية الث انية لمحمود رمضان فاقت جمال من الأولى أحببتها أكثر من يوسف يا مريم رب ما لكم الوجع الموجود فيها بغن طبع عن جمالي الن والس رد الجميل أحببتها كاملة بفلسطيني تها المعجونة فيها في كل صفحة أحببتها من أزق أكتوبر حتى شواطئ غز أحببت فيها صدقها ومصداقي تها فهي تع بالواقع التنق في الس رد بين ريم وآدم كان جميل رعات الأمل والقو الم تفاوتة بين الهزائم والفضائح والت ذكير الم شين بواقع الف كر العربي والن ظرة الن مطي عن الشرقية الرجولية الم ستفز وتصوير حال المرأة الضعيفة تحت جناح رجل بزي وحش الص فحات الأخيرة من الرواية ملمة جد ستسمع قلبك يسق مع كل حرف ومع كل آه خرجت من تلك الأرواح التي نبضت بصدق رغم مرارة العيش والفقد أبدع يامي باستحضار الج مل الم قتبسة من الروايات المشهورة لكت اب رائعين كنوع من التمي في الحديث بين آدم وريم واستعمل جملة من روايته الس ابقة الورد في يديك لا يموت بل يتآلف على الحياة من جديد بالت وفيق في القادم,positive
الرواية بكل بساطة تتحدث عن سيرة مجهول الابوين تتصف بالمعانات محن التي مرت عليه بجمالها قبحها مما صقلته ليكون ذات طابع حاد ردت فعل اتجاه المجتمع التي تمجد تستمتع بطقوس العادات التقاليد والحسب والنسب فهو واقع لا يجب انكاره ننتظر الجزء الثاني ملاحظه التكرار في بعض اجزاء الرواية اتعبني كثرا,positive
الرواية عطت صورة حلوة عن الشخص الملتزم والمتدين وكيف فيه يكون عايش حياتو ومبسوط متل غيرو عكس الصورة يلي بحاولو يرسموها عنو دايما وهاد أكتر شي حبيتو بالرواية,negative
الرواية كانت ممله تقريبا حتى أخر خمسين صفحه اختلف مستواها كليا تطورت الأحداث والشخصيات بشكل ممتع لم تعجبني رسائل الخميس كثيرا لم أحب التكرار فيها ولم أحب بعض التعديات الدينيه كصياغة الحب ببعض الآيات الأحاديث مثل عندما أذكرك تتداعى روحي بالسهر والحمى ها قد ابيضت عيناي من الدمع ولا شيء غير قميص لقائك يردني بصيرا عموما لم يعجبني ياسر بالعبيد الجدد كما أحببته في بيكاسو وستاربكس,negative
الرواية مبالغ فيها كتير,negative
الرواية مو دينية وما عم افهم سبب كل الهجوم العنيف عليها الإيمان والإلحاد وكل الهلوسات الدينية هي جزء من البيئة النفسية العميقة ثنائية جبريل إبليس الملاك الشيطان الإيمان الكفر العالم الثالث أوروبا كلها بترسم معالم شخصيات الكتاب وفي عبقرية بتخيل وتقديم الأحداث نفسها في عدة استنساخات بناء على تاريخ ديني اجتماعي وبالنهاية هي أقرب لنص بيتناول حياة المهاجرين لأوروبا وكل ما بيصير معهن من انفصال او رغبة بالانفصال عن حياتهن السابقة وكيف الماضي ما بيموت جميل جدا فكرة أحلام جبريل اللي ما يمكن تظهر للعلن الا بصورة احلام او هواجس ممكن تنوجد عند أي حدا,positive
الروايه بدايتها كانت جذابه مشكلتها الاسلوب مجرد شويه حوارات متجمعه مش اكتر لدرجه اني كنت بقرأها عشان اعرف النهايه بس,negative
الروايه تتمحور عن طفل يتيم بطريقه نصوص جميله,positive
الروايه تفتقر للأحداث ومليئه بالأخطاء الإملائيه ولم تعجبني ابدا فالشعر والغزل الموجود بها مبالغ به وكأن الكاتب يريد ان يقنعك بأنه يعرف الشعر جيدا اما بالنسبه للروايه قد نقدت العادات والتقاليد لكن عندما كانت التقاليد تمنع شيئا حلال دينيا كزواجه من البكماء رضخ لها وعندما منعت عاداتنا وتقاليدنا شيئا محرما كالزنا لم يمتنع عنه كرهت الشخصيات جميعها ماعادا الجده الموجوده فكل مسلسل وروايه خليجيه وتتكرر فكل مكان لكنها تجعلك تفقد جدتك وهذا شيء جيد حسنا سأكتفي بالقول لاا جديد فهذه الروايه ولا تستحق القراءه وشكرا,negative
الروايه جدا بسيطه تقرا في ساعه وعدم قرأتها افضل تحكي عن رجل مريض في دور الرعايه وذكرياته مع عشيقته المتزوجه الروايه تدور في في اطار العلاقه المحرمه والخيانه الزوجيه والموت الروايه مقبوله لولا تدخل دار السرور عندما اختار سالم اسم للفيلا اسم دار السرور كان يعرف مايفعل كان يريد ان تكون الدار مكان للمتعه وللمتعه وحدها المكان الذي يفر اليه من قيود مجتمعه الثقيله المكان المحرم على الجميع باستثناء الفتيات المراهقات وبعض اصدقائه الخلص القدامى ولا اعلم متى اصبح العهر من عادات المجتمع الثقيله واسواء ماقرت في الصفحه ولايستحق النقل,negative
الروايه حبيت أبطالها عشت معاهم كل لحظه تعاطفت فرحت حزنت معاهم الكاتبه احييها على التناسق الدرامى وطريقه السرد راائعه,positive
الروايه رائعه جدا احس للحين مااشفى غليلي من الروايه عندي اسئله كثيره لم اجد لها حلل كثير من الاحداث الاخيره مثل الي بالسرداب هل هو بليس ام المسيح الدجال ام غيرهما نودابا من هو نودابا احساسي ان فيه جزء ثاني منها او لاني مثل خوف لم اصدق ان انتهى كل شي عشت القصه كاني خوف بكل تفاصيلها واحداثها ورسمتها في مخيلتي ورسمت شخصياتها واحداثها وادق تفاصيلها انصح بقرائتها,positive
الروايه ركيكه تفتقر الى الحبكه تختلط فيها البدايه بالنهايه فقد تركزت القصه في اول صفحات الكتاب ثم انهال سرد الذكريات كما ان الافكار مشتته تختلط الذكريات بالحوارات وتنتقل انتقال سريع لا يتيح للقارىء فرصة تخيل المشهد وترتيبه في دماغه كما اعتمد في كثير من الاحيان على اسلوب الحوار كما التحقيق قال قلت اضافة الى المبالغه الشديده في التفاصيل حملتني وطلبت الاسعاف طلبت الحساب وقال للمره القادمه لانه صديق قديم للمقهى داعبت شعرك باليد الاخرى الملصقه بكيس التغذيه هذه التفاصيل اقرب الى سيناريو المسلسلات وانوه اخيرا الى المبالغه في ذكر حيفا في الكتاب في صفحه ذكرت حيفا مره,negative
الروايه سطحية تتناول موضوع واحد باسلوب مبتذل,negative
الروايه سيئة للغايه سيئه بشكل لم اعهده من قبل لباولو كويلو قرآتها اساس انها بنفس روعه الخيميائي ولكنها احبطتني فعلا الوصف والمشاهد التي لا تسمح لمثقف او قارئ بآن يكملها حتي الروايه للكبار فقط ولا يليق بها سوي ذلك لم اكملها لم تستهويني فآنا لا احترم مثل هذه الاعمال ولا تليق مثل هذه الروايه المترجمه ببلد عربي وثقافه دينيه شتان بينها وبين الخيميائي,negative
الروايه عظيمه وقد أبدعت فيها رضوي تحكي عن سقوط اندلس عام بحماقه آخر ملوكها لم أشعر بالملل منذ البدايه وحتي نهايتها التي أبهرتني روايه موجعه حق لما كان يتعرض له المسلمين من الذل ذلك الوقت وإجبارهم علي التنصر أو ترحيلهم من بدهم وكيف استسلموا لذلك كما أنها تشعرنا بالخجل من أنفسنا فقد كانوا يموتون لمجرد تحدثهم العربيه ويعلمون الصغار الخفاء وحاولوا الحفاظ الكتب بقدر المستطاع ويتمنون لو تعود كما كانت وها نحن نتفاخر بمعرفتنا وتحدثنا باللغات اخري ونميل لثقافتهم أكتر ونعرف عنها أكثر ما نعرفه عن عربيتنا,positive
الروايه فعلا عبقرية,positive
الروايه كبدايه قصه البدايه قويه لكن النهايه ضغيفه جدا التي كان يمكن ان تتحول لأخري ينقذ فبها نصف ابطال القصه الذين قتلوا,negative
الروايه ليست جميله اللغه ليست بتلك العذوبه والعاطفه معدومه أما السرد والحبكه فينقصهما الكثير من الترابط والتسلسل فكره الشسمه فقط هي التي يستحق عليها نجمه واحده والنجمه الثانيه تقدير لعمله فقط ولكن الروايه ليست جميله وممله,negative
الروايه ممتعه ولا تخلو من المواقف الظريفه المضحكه استمتعت كثيرا معها كان مسائي صاخبا بأحرفها اكتشفت مدى شجاعتي فيها ببساطه وقعت في غرام هذه الحكايه,positive
الريال اقرب من اي وقت مضى لليغا نقطة ويعود الريال ليتربع على عرش الليغا بعد غياب طويل اشتقنا يا ليغا,positive
الريح مازالت هدهدنا هل نغفو ــ نطت ذاكرتي حاوطها بالقصائد والرسائل ربما تصحواذاكرتي من موتها ذات يوم ــ حملت النعش الصغير ومشيت قابلت قلوبا أعرفها وجوها لا أذكرها مش يت لم يعرفني أحد,positive
الريفيو هقسمه اثنين نبدأ اولا الحزن يناسب إبرا هي مش مترجمه حرفيا لكنها منقوله فكرتها عن الروايه الاجنبيه بتصرف الأسلوب حقيقي ممتاز اللغه مش ضعيفه الحوار بالفصحي عجبتني جدا الفكره اول مره اشوفها لكن الفكره طبعا تنسب الروايه الأصليه اما عن السرد والترجمه الأسلوب ممتاز النهايه قفلتني الحقيقه يعني ثانيا سقط سهوا تعتبر فكرتها أشبه فيلم لكن مش نفسه ولا منقوله عنه لكن في تقارب شويه بينهم النهايه حلوه جدا تصدم الصراحه اللغه كويسه جدا جدا جدا بالتوفيق في انتظار القادم بإذن الله النجمه الناقصه هديها للروايه الأصليه من الحزن يناسب ابرا النجمه الناقصه هنا برضه بسبب كثره المشاهد الخارجه سقط سهوا,positive
الزبالة انظف منه,negative
الزبده انو رجعت بالواتس محادثات ماكان مفروض ترجع مدري كيف جات,negative
الزبلة لميناها يا فهري يا خامج,negative
الزبلة و الخروبة تحالفو,negative
الزبلة و الخروبة هه,negative
الزبيدي رنا,positive
الزبيدي مسكين شبيه ضايع لا افكار,negative
الزبيدي يسألو فيه على تفشي ظاهرة الجريمة وهو يحكي على الإرهاب بولبيار يسألو فيه على الثروات الطبيعية وهو يحكي على المادة الشخمة إلي هو يفتقدها هاني مازلت نتفرج على المهازل إلي تحب تحكمنا و الحمد لله كي نشوف تعليقات ولاد بلادي اللتي تدل على الوعي الكافي إلي ينجم يأهلها ان شاء الله باش تنتخب الرئيس الكفؤ إلي ينجم يصلح البلاد لا للعملاء والأغبياء,negative
الزطلة هيا مادة لها تأثير على كل شخص بطريق مختلفة و خاصة يعني نقصد عبد يكذب أما إمتا يتكيف الزطلة يزيد الكذب متاع يتضاعف ويولي الدوبل وعبد مجرم يزيد الأجرام متاع وأنت مشي,negative
الزعل المستمر يميت لذة كل شيء وإن كان من غير قصد,positive
الزغاريط أكثر من الكسكسي الحل الحل الحل شنوا,negative
الزغراطة التجمعية الفاسدة,negative
الزغراطة تحب تعمل مسيرة باش تغطي على جرايمها وافعالها الشنيعة,negative
الزغراطة والقطيع,negative
الزكاة الزكاة,negative
الزناطير فرحانين,negative
الزنوك تعادل مع هلال الشابة بصعووببة يأيتام شيبوب,negative
الزواج في اوروبا لمرا و الراجل يتعاونو على هم الدنيا عكس الزواج في البلدان العربية لمرا و الدنيا يتعاونو على الراجل فلعام لول يبدا ينبت لبصل في راسو وفلعام الثاني يرجع رايح جاي للمحكمة ودراهمو يروحو غير فالمصاريف القضائية ومع قانون الدعارة الجديد قانون الاسرة قلييل لي يغامر بحياتو ويتزوج باسكو ريسك كبيير,negative
الزوالي المعندوش ومقراش حدو ثمنية أساسي ويخدم في لمرمة وموصلش باش يعمل دار ويعرس بار لحديد بخمسة و عشرين دينار وهوا نهارو بعشرين حكة طماطم بثلالف اش يعمل يموت تونس مفيهاش رجال اعمال دولة فازدة سراق ابنيو معامل اعملو مشاريع خلي زوالي يخدم وبربي لتحكي على زطلة تي هيا بنات تتكيف أنا منتكيفش زطلة وعلا فكرة برشا بنات وولاد بياتهم كرز بنتو تبات تزطل وتبات البرا ميعرفش فاش تعمل وزوالي بنتو تبات بحذاب وتصبح طيب في طبونة باش تبيع الخبز باش يعيشو فاش تحكي معايشين فها كان لكرز ليهوما سراق لبلاد,negative
الزوالي مات بالحياة,negative
الزوج في تونس فكرة بلوط و الله البنات التونسية كان جاهم رجل خليجي عندو فلوس توا يتزوجهم الكول مع بعضهما تفوه عليكم يا ثعلب,negative
الزوز بقدرة الله الانتخابات الجاية صفر,negative
الزوز خروات,negative
الزوز لي يمثلو محلاهم pro ومواتين بعضهم,positive
الزوز مطرفين,negative
الزين التونسي وحدو,positive
السؤال المطروح هل سيحصل انقلاب عسكري بعد انتخاب قيس سعيد او انقلاب اقتصادي من رؤوس الأموال التوانسة بالاشتراك مع الجيش كما حصل في مصر ارجو من أشقائنا التوانسة الإجابة فأنا في المانيا وليس لدي الخبرة الكافية في الجيش التونسي شكرا والف مبروك لكم في هذا الرجل لا تفرطو به,positive
الساعة بين إني أقوم أطبخ لي حاجة أسد بها الجوع وبين إني ألعن ابليس وأكمل نومي,negative
الساعتين ب ثنين ملابن و تخلص كاش تي مايا خليفة و متعملهاش,negative
الساعه البيلوجيه ضاربه عندي كيف اضبطها اكثر اسباب الزعل,positive
الساعه كنت اريد السوار احلى,negative
الساقط ساقط و النذل نذل موش غريب من شابه نهضته ما ظلم,negative
السال ليس لماذا لم يدقوا جدران الخزان السال لماذا يدقوا جدران الخزان لقد عاشوا من الذل والمهانة في وطنهم ما اجبرهم علي الهروب منه ولكي يهربوا منه ذاقوا ذل مهانه اكبر فماذا ينتظرهم في وطن غير وطنهم انها واقع نشهده كل يوم امس كان خزان اليوم عبارة امس كانت فلسطين اليوم كل البلاد العربية لنا الله,positive
السبب,positive
السبسي قدم لتونس مصانع الطائرات والبخيرات و أقمارصناعية و السيارات و الدواء و التكنولوجيا و المستشفيات والجمعات وقضى على البطالة و الفقر ونصرالدين وحرب العلمانية والكفر لقد أخرج البلاد من الظلمات إلى النور في الحقيقة جزاه الله كل مايستحق هو والقدافي والسيسي وصلاح آل سعود وآل نهيان و بشار وو,negative
الستاغ توا ظهرلها باش تقطع الكهرباء على مدينة الثقافة غريبة,negative
الستاغ عقدتنا خدامتهم يستهلكو الضو بلوشي و المواطن نازلين عليه,negative
السجينة ربما الاسم فقط شئ يسترعي الانتباه رواية قررت قراءتها قبل يومين على مضض لانني لست من ارباب قراءة الروايات كثيرا أكثر ماحسمني لقراءتها احدى الصديقات بتويتر والتي اثق بذائقتها كثيرا لعل مجريات احداث صفحات السجينة تدور حول البلاط المغربي وحياة الترف ومابين غمضة عين وانتباهتها يغير الله من حال الدعة والراحة الى حال المعتقلات وحياة الذل والمهانة كل سطر كنت اتوقف عنده قليلا اتفكر في حال المعتقلين السجون امم اشياء كثيرة فربما الكلمة احيانا تكلف الكثير والكثير السجينة شئ تاريخي يحكى لكنني وبما أنني لست ممن يحاول عقد اي صداقة مع التاريخ لم ابحث في مدى مصداقية المعلومات الموجودة اخيرا انصح بها,positive
السحر شيئ موجود ولا إختلاف فيه ومحاربته مجهود يشكر وجازا الله فاعل الخير,positive
السحر موجود في لايف موزاييك,negative
السحر موجود و السحرة موجودين حسبي الله ونعم الوكيل فيهم برشا عائلات تحطمت,negative
السخآء الكرم كآن يطلقون عليه حآتم بيت عبد النبي ألف رحمة ونور تنزل على قبره,negative
السخطة هذا كان لقيت راني جبدت و الديه من التلفزة و قتلتو و الله انت و امثالك عار علينا عار ع تونس و المجتمع و المسلمين حسبي الله فيك و في امثالك,negative
السدود المنيعه الاسرار العلاقات السقوف التي لم تحتمي جيدا استطاع علوان في هذه رواية التي تخطت كل رواياته السابقه بطريقة رشيقه وناضجه وساحره ان يكشفها ان يسلط الضوء الى اكثر العلاقات تعقيدا العائله بانغلاقاتها الافراد باختلافاتهم كانت الغربه التي تحدث عنها بصوت رجل اربعيني ليست غربة الوطن فقط بل غربه البيت الذي عاش وشب فيه في هذه الروايه وضع علوان خلاصه لأسئلة كثيره عما تدور خلفه البيوت المنغلقه على نفسها علاقة الاخوه الامهات الاباء تصوير دقيق لحياة نعرفها لا نسمع عنها فقط ربما كان التركيز موغلا بعض الشيء لكن ليس غريبا ان كانت هذه القصه لشخص ما نعرفه لم تعد هذه الحكايات غريبة الان لكن الجديد هنا انها محكيه من الداخل الحب الذي لم يكن حبا والاخوه التي لم تكن سوى ما يحاول العرف والتقاليد زرعه الام الاب الصورتان التي تكون الابناء فارطه لتشير مره اخرى الى حقيقة ان الابناء هم ما يكونه اهلم على ما يربونهم عليه والا فإنهم سيكونون شخصيات بصنع ايديهم وليست كل الايدي قادره على النحت بشكل شيد او بناء سدود منيعه وطيبه علوان في هذه الروايه جعلني اغلق صفحاتها وانا راضيه عن الايام التي قضيتها في قراتها انه يستحق ان يضاف الى قائمة الموثوق بهم وسأتطلع دائما الى بقية انتجاته,positive
السراق تعرف بعظها كان الشلاكةو اختها,negative
 السردية ربما لإنتماء القصة للعالم الإفتراضي فالبطل يبث هواجسه في بوستات من خلال بيدج إنستا حياة الإنتماء دا خلي اللغة سلسة مفهومة لذيذة لكنها خالية من أي خيال أدبي أو تشبيهات جمالية كانت أقرب للإبتذال في بعض الأجزاء دايما متعود إن أي رواية بتعتمدين على خطين التركيز على واحد منهم بياكل من قوة التاني خط الحبكة خط الشخصيات كل ما بتزود التركيز على الحبكة الغموض كل ما التركيز على عمق الشخصية بيقل العكس كل ما تبقي الرواية سرد لهواجس الشخصية صراعها الداخلي كل ما بيقل التركيز على الغموض أو الحبكة هنلاقي مثلا كتاب زي طه حسين دستويفسكي نجيب محفوظ بيركزوا بقوة على الشخصية عمقها هواجسها في حين كتاب زي دان براون هربرت ويلز بيركزوا علي الحبكة الأزمة في الرواية هنا إن الحبكة بسيطة مفيهاش غموض الأمر أشبه ببوست مستفز الفيس بوك هو إنتحار حسين عارف كومنتات من أشخاص مختلفين كل واحد بيعرض وجهة نظره في الحياة ليه تستحق نعيشها مشالتش الحبكة مفاجآت كتير جايز كمان قصر زمن الرواية الرواية بتدور في آخر ساعتين قبل السنة الجديدة طبعا الكاتب تغلب علي دا بكمية فلاش باك كبيرة جايز قصر الزمن اللى بتدور فيه الرواية نمط السرد اللى بيختصر سنين أو ماضى قوي لشخصية من الشخصيات في براجراف المفترض بعده أتفهم دوافع الشخصية أتعاطف معاها كل دا خلي خط الحبكة مش مبهر الشخصيات إعتمد الكاتب على فكرة حلوة هي إن كل شخصية بتبدأ بفكرة عن نفسها بتصادم الشخصيات ببعضها بالأحداث كل واحد بيكتشف حقيقة عن نفسه مكانش عارفها أو عارفها كان بينكرها دا حلو جدا إن الآخرين مرايا بيعرفونا ذاتنا في النهاية لكن قصر زمن الرواية مخلقش ألفة ليا مع الشخصيات لا إحساس بدوافعهم قراراتهم تفهم ليها الكاتب بدأ بمواقف متطرفة رغبة لمي في الإنتحار مع حسين موافقة حسن علي مساعدة لمي دون إبداء رأي دخول عاصم في حياة لمي إعجابها بيه في وقت بسيط بالوقت هتتغير قرارات دوافع الشخصيات المسار الزمني الضيق طبيعة السرد بوظوا فكرة إني أخلق ألفة مع الشخصيات كل شخصية كانت بتعبر عن نفسها بطريقة الفيس بوك بنفهم تفكير حسين عارف رحلته من خلال فلاش باك لبوستاته على البيدج بتاعته حسن بيفهمنا فلسفته في الحياة هو سايق العربية بيفكر كذلك عاصم المفترض الفلسفة دي نتشربها من أفعال الشخصيات إحنا اللى بنحسها مش طول الوقت هما اللى بيحللوا نفسهم يفهمونا حسيت إن كل شخصية فوق كتفها طول الوقت مربع الفيس بوك الشهير حسيت الذروة في النهاية في لقاء الشاطيء بين كل الأبطال زي نوت أو مشهد مسرحي هزلي بتتعرض فيه مناقشة إلكترونية حامية بكومنتات علي موقفنا من الحياة أنا حبيت الجدل نظرة الكاتب إننا بنختار أسباب كتير مزيفة نقول إننا عايشين عشانها في حين إننا لازم نركز على سبب أساسي أصدق من كل الإجابات البلاستيك اللى بيديهالنا المجتمع لكن حاسس إن لو الكاتب كان طرح الخلاصة في بوست على الفيس بوك كان أسهل من كتابة رواية سريعة النمط شخصياتها بتعبر عن نفسها بطريقة إفتراضية مباشرة طول الوقت ربما الرواية دي كانت أفضل لو بقت سيناريو سينمائي على طول الصورة بتعوض كتير من اللى المفروض يتشرح عن الشخصية عمقها هواجسها مواقفها ربما هي سيناريو بيختصر كل شيء لحد النهاية لكن مش حابب تكون رواية الرواية هي سرد حبكة قوية شخصيات إحنا اللى بنستشف نظرتهم للحياة تحولاتها مش هما اللى بيقولوها طول الوقت فيما يشبه الستاتس,negative
السر في النصبة متاع اللعب,negative
السعادة لا تأتي من فراغ ولا تولد من العدم هناك قيمة ايمانية عميقة هي الاكتفاء بما كتبه الله لك,positive
السعاده تتطلب العز كل العز في كنف العزيز رب العزة سبحانة وتعالي,positive
السعودية تابعة ترامب ونتنياهو عاد الواحد يحج في داروا خير ولا يعانون انسان بسيط توا بكتبلك ألف حجة و من غير ما ا يدفع فلوسو لامريكا,negative
السعودية تسجل اقل من تونس وباقي حاطينها حمراء يا اغبياء يا فساد,negative
السعودية هي الاكرم والاجود بقيادتها وشعبها العظيم,positive
السعوديين خرفان ايفانكا هي جميله ولا احد يقدر ينكر هالشي,positive
السفر وحيدا هروب من الانتظار,negative
السكوت يعني إحتياج يعني ألم يعني وجع كاذب من قال أن السكوت علامة الرضا,negative
السلام على عزيزة الزهراء أم البنين مأجورين صباحكم رحمة من رب العالمين ببركة الصلاة على محمد وآله الطاهرين,negative
السلام عليكم أشياء يفعلها الناس عند الغضب,negative
السلام عليكم احلى برنامج​ ههه و ماشاء الله على السي علاء و كل ما تقدمونه و شعب تونس من اطيب خلق الله تحياتي من المغرب,positive
السلام عليكم اغبياء اطلقوا الغاز بلا اقنعة,negative
السلام عليكم السخانه كيفك والله سخانة بس الاخبار الحر الحر الجديد كتمة م طبيعية والله,negative
السلام عليكم تحية لك من طرابلس ليبيا أن شاء الله تكون رائيس لتونس يا سيد الصافي سعيد جمهورك في طرابلس يدع لك,positive
السلام عليكم تحيتي الى جميع العاملين في برنامج صفي قلبك و المقدم الناجح الأخ جعفر القاسمي اللهم احفظ تونس و أهلها من العراق,positive
السلام عليكم صباح الخيرات لك وللجميع الصغير والكبير والرضيع,positive
السلام عليكم في حدا من الاخوان او الاخوات بيعرف موقع تحميل كتب جيفري لانج او ينزلنا واحد من كتبه لانه قراءة التلخيص مش مثل قراءة الكتاب الكامل للكاتب لكم جزيل الشكر,positive
السلام عليكم واجمل برنامج في الحوار التونسي,positive
السلام عليكم ورحمة الله اول تغريدة من تونس الخضراء,positive
السلام عليكم ورحمة الله تعالى وبركاته تبادل الاشتراك بالقناة مرحبا,positive
السلام عليكم ورحمة الله وبركاته اصبحنا وأصبح الملك لله الواحد القهار,positive
السلام عليكم ورحمة الله وبركاته الله يجزيكم بخير يارب,positive
السلام عليكم ورحمة الله وبركاته تحية طيبة  مبروك مبروك مبروك عليكم هذا الرجل الذي هو رمز التغيير القادم في العالم العربي و الإسلامي في القريب العاجل وعلم عند الله ونظن فيه خير إن شاء الله و الله يوفقه يارب العالمين تحياتي وشكرا,positive
السلام عليكم ورحمة الله وبركاته ماشاء الله عليكي لكن لو لبستي الحجاب والملابس المحتشمة سوف تكون أحسن,positive
السلام عليكم ورحمة الله وبركاته مساء الخير احبتي الكرام,positive
السلام عليكم ياجوهر بن مبارك انت لا عندك لا دين لا ملا انت واحد ثرثار كل من ثرثار كذاب ولحاس,negative
السلام,positive
السلام ياناس وعلاش الكلام الزايد إلي ايحب ايعاون بسم الله,positive
السلسلة فضيحة و صفر ضمار و فاها ستين ألف عيب,negative
السلط ۃ هيا مسوولي ۃ وذل ومهان ۃ في الاخر ۃ وربي يوفق تونس في خطو ۃ جديد ۃ لتجسيد الديمقراطي ۃ ودول ۃ الحق والقانون,negative
السماح دنيا واخرة ربي يرحمنا ان شاء الله,positive
السنة ألفين و عشرين يوم خمسة و عشرين شهر مارس مازلنا في عهد الكرونا نحن لها,positive
السهل الممتنع فكره رائعه ولغة جميله وربط جميل بين واقع ملموس واسطوره اغريقيه تطور كبير وتقدم ملموس لأحمد الملواني عن روايته الروحاني يبشر بمولد كاتب روائي متميز,positive
السهيلي كريم شعيب طيحو قيمة الفن كامل النذالة ولانحطاط,negative
السواحلية راسيست مع توناسا كيفهم خلى مع إفريقي جهويات و عنصرية و تكبر هذا الساحلي,negative
السيارة بحاجة الى وقود الحليب ابيض الارض كروية السكر حلو الملح مالح يالله اعمل حاجة ولا بلع فمك تونس بحاجة لكل شيء على خاطر ما بقا فيها شيء النهضة و الطرطوري و البجبوج و توا انت نكتوها ما خليتو فيها شيء,negative
السياسة تتطلب الكذب و الصحافة تتطلب الفضائح والإيمان يتطلب العقيدة انت سمير بلاصدق ولا ايمان ولا عقيدة ولا انسانية انت بوق الشيطان تاكل بقلمك ومكتبتك وقلة حيائك هل صنعت نجارة او حدادة او فلاحة او طب او علم او اى شيئ فيه عرق للاسف انت لا تتقن شيئ الا قلة الحياء والاناقة في اللباس لعيون الاناث هه جيعان طاح فى البرغل,negative
السياسة في أحقر تجلياتها,negative
السياسة كلها نفاق وضحك على ذقون الشعب,negative
السياسيين المنافقين يحبوا التنبير ولهذا هبة شعبية الى مجلس الخراب وخرجوهم ان كنتم تبحثون على حياة افظل,negative
السياسيين كلكم كيف بعضكم وين مصالكم وين انتم الكلكم تبيعوا في الكلام بخول الله سيحاسبكم الشعب التونسي الكل الشكارة والبحارة مكذبش إلي قال برشوك النهضة,negative
السياسيين لا دين لا ملة,negative
السي جعفر قتلني بالضحك ختكم دزيرية,negative
السيد إلي قال تونس يزرعوها بطيخ ودلاع موش غالط خاطر بلاد خر طر تي اكبر سراق هيا الكنام و بعد تجي sonede والستاق يسرقوك ويطبق اعليك القنون ولا تاخو لا صرف لا عدل الفساد الفادح في تونس,negative
السيد احمد صافي سعيد الخيار الأنسب لتونس أنا ما قيدتش في الإنتخبات وكنت قد ضلمت بلادي و ضلمت نفسي بإتخاذ قرار كيف هذا و لو وتات فرصة اخرى نمشي نقيد و نختار السيد احمد صافي سعيد لي ما سمعته منه في هذي المناضرة تحسو راجل صادق ويسعى للسلطة لتغير تونس نحولافضل وليس لتغير نفسه,positive
السيد الطيب جعبة متاع التعليم في طونس,negative
السيدة الفاضلة محرزية انت فخر لنا و إن شاء الله كل سيدات البلدان الشرقية الاسلاميه يكونوا يخمموا كيفك و عندهم الطموح إلي عندك و تونس مهما يصير تبقى ديما لباس هداه فيها مرا كيفك,positive
السيدة مايا تعمل مزية تنقص راو كل ضيف جاي تكرهو في روحو بالحاجات الفارغة والي ما عندها لا ساس ولا راس و راو بسبب وجودك كرهنا الفرجة في كلام الناس,negative
السيدة منى نورالدين فنانة قديرة تستحق كل الاحترام و التقدير,positive
السيد سخن من صباح وهو يحضن فيها هه حتى هيا عندها ترمة تقتل,negative
السيد سمير لا أعتقد أنك داءما تعبر عن وجهة النظر الغائبة ولا احيانا لانه عندما يتعلق الأمر بضيف من المستغربين وأنصار العراء و الرقص لا نراك تستميت وتعبر عن وجهة النظر المحافظة طبعا أنك معذور لان هذي القناة خطها التحريري معروف وهو الدفع بالبلاد إلى هاوية الفساد,negative
السيد في قضية حساسة كما هذي وهو قالوا نوجه رسالة لوزير الفلاحة باينة بلي معلابالوش بيه مره,positive
السيد لعماري أنا كرهتو لا أخلاق ولا مبادء يتشدق بالثقافة وهوا الهم منو ما فماش إلي ما يدافعش عالقيم والمبادئ لا قيمة له,negative
السيد لي يحكي على الاكوانين يشم أما كلامو لكل صحيح و ضاهر باندي مش مجرم و راجل أما نقص مالمسخة,negative
السيد محمد بوغلاب ليس صحفيا بل مفكر,negative
السيد مرمدت العون وسبتلو حتي امو و هيا تهدد وتشتم بلغة سوقية ومستوى حديثها مع العون كان مهين للغاية وكلامها بذيء جدا,negative
السيد هذا إن شاء الله في عمر الأربعين باش يولى اسم كبير في البلاد قلبو حي وباش يولى حاجة كبيرة ربي يوفقك وخي,positive
السيد هذا ارخص و انذل و اذل منو ما ريتش و الله على الفلوس و على الكرسي يتحالف حتى معا اسرءيل و كان لازم الأمر ابيع ت توا نعلت الله عليك يا رخيص,negative
السيد هذا الطحين بيدو لعنة الله عليك وعلي امثالك,negative
السيد هذا حاسب روحو ملك هابط من السماء مره لي فاتت مرتو قال تكذب زادا جى السيد هذا وقال عليه كذاب يسمي ناس كامل كذابه وهو الصادق الامين,negative
السيد هذا على راسو ريشه تماو يمتثل للقانون و بعد يولي ينوح,negative
السيد هذا فرحان بشبابو و مازاال ما حسش بالحشوة في يدو سبعة سنين أخرين يا تلقاه يرجع في مرتو في عندي ما نقلك يا روشرشي ع النفقة هه,negative
السيد هذا من اولوا فيه الريحه,negative
السيد هذا ووراه معضم الاستاذة و من وراهم الموضفين العموميين عامة او مايسمى بالمسمار في حيط عجبهم النوم و الشهرية ماشية مانقصش منها فلس لا غير قصولهم حتى ربع الشهرية كيما اكثر عامل محظوظ في الخاص توا الكورونا يخرجو ياكلوها بسنيهم ناس ماتشبعش من الخبزة الباردة و الفلوس الحرام,negative
السيد هذا يحشلها و هيا ميتة هيا ميتة و هو يحشلها حشلها حشلها بابا,negative
السيده عبير موسي هيا الحل عبير موسي رئيسه تونس,positive
السيد واصل للثالثة و يحب لحاكم يدبرلو خدمة اخدم لمرما شتموتو على اللقمة الساهلة,positive
السيد ياسين اشكرك على ادبك واحترامك وانسانيتك وخاصة اخلاقك العالية فعلا انت سياسي محترم فاعمل بالمثل الذي يقول القافلة تسير و الكلاب تنبح أما ها الجاهل الذي اراه لاول مرة لو منك كنت ضربته ضربة على فمة طيحتهولوا أما سمير خرية فهو اكبر جاهل وسارق وفار حبس,negative
السيد يحكي على السيادة و اقامة حدود لصلاحيات السفير و لاخر يقلو بالسهولة هذي عقول استعمارية ما غلبو علينا و ما هلاو تونس لتالي كان امثالكم الانبطاحين الحيطيست,negative
السيد يغنيلها اغنية رمنسية وهو المنشط قاعد يتبهلل,positive
السيسي انا لا اعتبر نفسي رئيسآ ولا احنا معتبرينك اقسم بالله,positive
السي فهمي الرياحي هادا صوته من كوكب آخر عشقت فيه,positive
الشئ المحزن والمؤسف جدا إني مش عارفه انام,negative
الشاب الثاني لي تكلم قمة في الاخلاق,positive
الشابه السمراء الزين و العين تهبل ماشاء الله bravo شيبة,positive
الشابي لاعب محترف احترف في الجمعيات الكل في الاقسام السفلى,negative
الشارع التونسي فيه المستويات الكل فيه الراجل إلي مايحبش الحرام و فمة إلي يحب يلعب ببنات الناس و فمة الطفلة العفيفة إلي مستحيل تبيع روحها و فمة إلي تبيع روحها بلاش و زعم و زعم حب أما باش طريقة هذي نعالجو المجتمع و سامي التافه يحب يبيع المنتوج متاعو مش الغاية متاعو يصلح المجتمع,negative
الشباب الكل حرق واناهي دبلماسية تحكي علاها,negative
الشباب اليوم معادش يحب يخدم يحب يسكر ويحربش ويبراكي الخدمة موجودة تحب تتعلم صنعة وتجيب نهارك تنجم تمشي لمدينة اخري وك انت تحرك لازم ربي يبارك أما اغلب الشباب اليوم يعيش على اوهام الحرقة ويحب اللقمة الباردة,negative
الشباب يبكون على أحمد التميمي كيلو,negative
الشبيبة الكل ان شاء الله عيدكم مبروك احلى ماتينال,positive
الشحص هذا بالذات لا كرامة له,negative
الشخص الخطأ في المكان الخطأ تدخولاتو ماسطة و ميولاتو باينة بالله نحيوه راهو يشوه في البرنامج و يلزنا باش نبدلو باش مانسمعوهش,negative
الشخص هدا ميبون,negative
الشخص هذا تنطبق عليه صفة أبله,negative
الشدائد مهما بلغت لا تدوم فرحمة الله أعظم وفرجه أقرب ثق أن الأيام الجميلة قريبة جدا لا يفصلنا عنها إلا طريق عنوانه الصبر صباح الخير,positive
الشراب و الفساد يلقاولو لفلوس او ديما يبرو السرقة والفكة بالفقر الفقر عمرو مكان يخليك تسرق و تخطف متاع لعباد إلي يعمل هكة ميجي كان فاسد و هامل مهوش راجل,negative
الشرع حلل الزواج بأربع كنت قادر تتزوج زوجة ثانية لكن للأسف قانونكم يمنع الحلال ويسمح باتخاذ الخليلة,negative
الشركة المستغلة للطرقات السيارة عن طريق الإستخلاص péage هيا التي تتحمل المسؤلية كاملة و مطالبة بالتعويض لجميع السيارات و الشاحنات هيا المسؤولة على توفير نظافة و أمان الطريق السيارة بالمال الذي تجنيه من الإستخلاص هيا مجبرة على توفير كاميراوات مراقبة لتوفير الأمان من اللصوص و قطاع الطرق و المخربين و الإرهابيين الشركة المستغلة للطرقات السيارة هيا وحدها المسؤولة على هذي الكارثة,negative
الشركة هذي يحلوها و الأسطول المحتحت متاعها يعززو بيه أسطول النقل الريفي يطلعو رابحين دنيا و آخرة,negative
الشعب إلي يطبق و يساهم في الحجر الصحي و أنت شمدخلك,negative
الشعب التونسي العظيم الارهاب و الدينار طايح و البلاد عالحديدة والكلها موضوعها ولاد مفيدة تباا,negative
الشعب التونسي جعا ن في كرشه وانتم تصدرون المنتوج الى ليبيا نحنا أولا به يا فساد حسبي الله ونعم الوكيل فيكم,negative
الشعب التونسي خليط من القبصيون الوندال النوميديون الإغريق الرومان العثمانيون الحفصيون الحسينيون البربر الهلاليون الفنيقيون الأمازيغ العرب العاربة والمستعربه حفظ الله تونس و شعبها وسنة مليئة بالصحة و السلام لإخوتنا الأمازيغ,positive
الشعب التونسي شعب واعي و اختار مستقبل زاهر إن شاء الله,positive
الشعب التونسي فنيان هو مايرظاش يلمذ البلاستيك الرجال في تونس ما تخدامش من زمان النساء تخدم اكثرمن الرجال بصراح ۃ مافيش رجال في تونس,negative
الشعب التونسي كان ماقتلتوش الكرونا يقتل بعضو,negative
الشعب التونسي ما يعجبوش العجب,negative
الشعب التونسي متربي تحية ليهم,positive
الشعب التونسي يستحق كل خير و هذي البنت تستحق ألف حلقه عشان طعطي الشعب التونسي الغالي امل,positive
الشعب جيعان و هوما يهربو فاها لليبيا,negative
الشعب فايق بيكم الكل وتو نخرجو كم كيما خرج المخلوع,negative
الشعب معاك يا سيد الرئيس قيس سعيد,positive
الشعب هم من تصنع الديكتاتوريه وليس الحكام,negative
الشعب هو الروح بالنسبة لنا والدنا سلطان أبناؤك يناشدونك,negative
الشعب يبعبع,negative
الشعب يرفض معاهد الموسيقي لا احد يتكلم بلسان الشعب انا واحد من الشعب ابي معهد موسيقي,negative
الشعب يريد الجزء السادس,positive
الشعب يريد ايه أنا نحب الشعب يريد وبعد,negative
الشعب يريد,positive
الشعب يريد كما قلت يا قيس لكن انت و من كلفته ماذا تريدون من الشعب المتغرب الذي يتعرض للمضايقات والصعوبات والميز العنصري المتغرب الكادح سئم منكم و من طريقة تسييركم للبلاد و العباد نجحتم في اكراهنا لما تبقى من وطن اسمه تونس حذاري ثم حذاري تراجعوا قبل فوات الآوان يا قيس تونس تعج بالكفاءات ذنبهم الوحيد أنهم أدوا واجبهم واياديهم أنظف من وجوه من يحكم معك باسم الدين ماعون خدمة نحن ادرى بالاسلام منهم,negative
الشعب يغفق والمتحايلين والانتهازيين يمدوا في وجوهم بكل بهامة باش نفعونا,negative
الشعوب الكل تؤمن بالفعل كان التوانسة بمجرد خطاب من بو غلاب قالوا bravo علاش bravo هه,positive
الشكارة و البحر زوز فساد,negative
الشكارة و البحر,negative
الشكارة و البحر كمشة بهاليل,negative
الشكا و البكاء و العراء و القلاصن بالخرا هوش ناس عايشة كي الجرابع الصبر لله,negative
الشكر و التقدير للمدير وحارس المدرسة كذلك الذي قام بمجهود كبير في الابتكار و التنظيف حتى اصبحت المدرسة جاهزة في ابهى حلة لاستقبال تلاميذها و المربين,positive
الشكوى لله اصلا يسمنن,negative
الشلاكة تمشي كان باختها,negative
الشلاكة على الشلاكة تطيح,negative
الشلايك يجيبوا الشلايك,negative
الشنوة في ت نس قصوا البالة باش العمال ما يتكوا عليها فهموا تونس قبلنا,negative
الشهرة تليق بيك يا عبدلي,positive
الشوارع تمتلئ بمزيج من السرسجية مع الاندر ايدج,negative
الشيء الذي جذيني وشجعني لاقرأها هو تساءلي عن سبب انتشارها ومبيعها هنا في رام الله تحديدا رغم محدودية الكتب فيها والتوزيع ما سر قوة توزيعها وتسويقها ربما هو نفس سبب انتشار روايات احلام واشعار نزار حسنا الرواية بشكل عام أجرأ من الأولى لكنها لم تقدم ما هو جديد ثمة تكرار فيها أثير تجيد اللغة السلسة المتينة بلمستها الانثوية المنكسرة التي تعزف فيها على وترين وتر الانوثه والذكوره والتي تلامس فيه خيال واحلام الفتيات والفتيان وكيف هو حب الانثى الذي يغلب عليه التضحية والعطاء على عكس الرجل الذي لا يقدر هذا الحب وخائن له هذا الجدال والحوار الذي شغل ولا زال يشغل الانسان بمختلف اطيافه ويتعطش لكل ما هو جديد حوله ووتر المنح والحرمان الحب واللاحب تبرع أثير أيضا بكتابة الجملة المقفله المعبئه بالاحاسيس والمشاعر والتي يسهل نقلها واقتباسها ويتضح فكر وآراء أثير واضحا بقراءتها وفكر اصحابها كأوشو وغيره السال ــ المحور الاساسي للرواية هو عزيز فهل كان صوته في الرواية مقنعا وهل وصل صوت الرجل كفكر رجل ام جاء فكر الانوثه طاغ على صوته في الرواية مخرج المرأة تحب الرجل الذي يفهم الحب اكثر من حبها للرجل الذي يفهم النساء فالانثى تعرف الفرق بينهما جيدا والمرأة تخرج من الحب بارادة وايمان أقوى فلتبعدوا لغة الحب والانكسار والضعف والبكاء فيكفيها ما هي فيه من ضعف,negative
الشيء الوحيد الذي أجيد معرفته هو انني أحبك دائما,positive
الشي إلي ماشي ليبيا أحنا أولى بيه متصح الصدقة الا متتزازا اماليها,negative
الشيب و العيب في اعلام عار,negative
الشيب و العيب كان مشات تحجبت وسترت ما ستر ربي خير من العرا,negative
الشيب و العيب,negative
الشيب و العيب كنت تنجم تلطفها الكلمة كرمك الله,negative
الشيب و العيب ما عندي ما نقول,negative
الشيب و العيب مسكينة اروبا آش لمت خردة,negative
الشيب و العيب مفكر ماذا ايها,negative
الشيب و العيب هذا آش نجم نقلك إلي كيفك راهو يكون قدوة وتعبر على فخرك بموقف الممثل احمد موش تنقدو تعلم الرجله من احمد إلي في سن ابنك وكان المفروض انك تعلم موش تتعلم,negative
الشيب والعيب وبئس المصير,negative
الشيب و العيب ووقاحته لا تناسب عمره و الكلمة الى قالها وكان يبدى قاعد بحذا بنته يرضى يسمعها والان عرفنا ليش ما عادش يمثل لانه وقح,negative
الشيب و العيب يا حيفة,negative
الشيب و العيب يعطيها طرشيقة في رأسها عزوزة كبة محرومة مسكينة,negative
الشيب و لعيب,negative
الشيب ول عيب,negative
الشيخ الرهدان,negative
الشيخ ضهر وحش,positive
الشيخ عبد الفتاح مورو انت معلم و أحنا منك نتعلم,positive
الشيخ عبد الفتاح مورو علم و ثقافة و دين و أصالة ولازم احترامه وعيب نبيعو ونشرو في العلماء,positive
الشيخ عبد الفتاح مورو يمتاز بالفصاحة و سرعة البديهة و الوضوح في تصزيحاته,positive
الشيخ مثقف اكثر منك ياسمير,positive
الشيخ ممثل متمكن برافو,positive
الشيخ مورو فوح القعدة كيفما اتفوح قطرة الزهر القهوة,positive
الشيخ هنتلهم و كور باهم,positive
الشيطان اشب منو الخييت,negative
الشيطان يعدكم الفقر,negative
الشي من مآت ہ لا يستغرب,negative
الشينوي حار في العرب,negative
الشييخخ هبل هه,negative
الصادق النيهوم مفك إسلامي هذا هو أول شيء خطر بذهني وأنا أقرأ كتاب نقاش للصادق النيهوم الذي ما إن إنتهيت منه حتى تشك لت لد مقدمات واضحة لفكر النيهوم وإلى ماذا يرمي الحقيقة إن إستراتيجيات وحلول النيهوم العملية للخروج من المأزق الحضاري والفكري الذي نحن فيه دائما ما تنطلق من داخل النص والفهم الإسلامي وأبجديات المشروع الإسلامي فالنيهوم يحاول إطلاق فهم جديد للأيدولوجية الإسلامية من خلال تقديم رية جديدة للإسلام والقرآن رية جديدة تحاول أن تكون أكثر تنويرية وعمق أي خلق عد فلسفي للإسلام والقرآن تحديدا وهو ما حاول فعله مفكري عصر النهضة وأولهم إيراسموس الذي حاول وضع تصو وقرآءة جديدة للإنجيل تبعده عن التطر والغلو والتكفير ووضع بعد فلسفي له لتحويله من دين طقوس وعبادات إلى دين إنساني وهي خطوة كانت مهمة للتدرج في أنسنة عصر التنوير قبل أن يأتي اللاحقون ويضعوا فلسفاتهم الإنسانية المجر دة إذن قلنا بأن النيهوم في كتابه نقاش يفعل ما يفعل أي شيخ دين تقليدي وبنفس طريقة الإسقاط التقليدية أي أنه يتحد بما يريد ثم يطع مها بآيات قرآنية كأنها تدعم هذه الفكرة ومع أن الكلام والآيات رب ما تكون منفصلة على أكثر من سياق لكنه يصر على إسقاط كل كلماته على آيات قرآنية لإضفاء التأكيد الرب اني على هذه الكلمات وهو ما يذكرني بأسلوب سيد قطب في كتبه نفس الطريقة ونفس الديناميكية وإن إختلفت الرسالة بالطبع بين فكر متشدد وفكر متنو وملخص ما يريد إيصاله النيهوم في الفصل الأول من كتابه نقاش هو أن المعنى القرآني والفلسفة القرآنية لمعنى الحياة والموت لا تعنى الحياة والموت الطبيعيين بل قصد بها الحياة النمو الفكري التطور الفكري والموت يقصد به الجمود والموت العقلي ومن داخل هذه النظرية ينطلق النيهوم في تفسير وفك رموز العديد من المعاني القرآنية فالصنم في القرآن يقصد به الجمود الفكري وعبادته يقصد بها عبادة التخلف والكفر ليس هو عدم الإيمان بالله بل هو عمل موجه ضد التطور الإنساني أما عبودية الله فالإنسان ليس مخيرا فيها لأن عبودية الله تعني النمو والتطور الإنساني حتى مناسك الذبح يفسرها النيهوم بأنها تفضيل نموذج التطور الفكري على نموذج التكاثر لدى الحيوان ولكن يبقى السال الأهم هل يحم النيهوم القرآن أكثر مما يتحمل ألا يمكن أن يكون القرآن لا يعني كل هذه المعاني ببساطة وأن الكفر يعني الكفر والإيمان يعني الإيمان والعبودية تعني العبودية والصنم يعني تلك القطعة الحجرية التي على شكل إنسان إن النيهوم مفك إسلامي يصر على أن ينطلق من الحل الإسلامي ليعالج كل القضايا فالجامع هو ديمقراطيتنا والصلاة هي رياضتنا وجلسات العلاج النفسي لنا والتنوير والثقافة والتحرر هي مرتكزات وأهداف إسلامية والتعليم والقوانين لابد جميعها أن تنطلق من منطلق شرعي إذن فهو ينكر أي إجتهاد إنساني خارج هذا الإطار بل يحث على توجيه الإجتهاد الإنساني في داخل الشريعة الإسلامية نفسها وهو بذلك يعزز تجديد الفكر الإسلامي ودمجه في الحياة الدنيوية لا فصله عنها وفي نهاية الكتاب يكد لنا النيهوم على سعيه لدمج المنهج الإسلامي داخل الحياة الدنيوية لا فصلها فتجده يقدم مجموعة من الحلول لتطبيق هذا فقد أقترح توزيع مناهج كلية الشريعة على كلية الحقوق وكلية التربية واعتماد ثقافة رجل القانون والمدر كثقافة إسلامية مهلة للوعظ أيضا إقترح مجلس إفتاء بدل المفتي به خبراء إجتماعيين وعلماء وتسخير المسجد للتعليم وليكون مركزا للخدمة الإجتماعية وهو بذلك يقد نموذج لدولة إسلامية معاصرة لم يسبق لها مثيل تعتمد في آلياتها على دمج الآليات الإسلامية داخل مسسات الدولة الحديثة تم نشر هذه القرآءة في جريدة الكاف وتجدونها بشكل كامل على هذا الرابط,negative
الصافي السعيد هو الأجدر و الأحق بالرئاسة,positive
الصافي خيار الشعب ان شاء الله ثنين و عشرين,positive
الصافي سعيد apte قيس سعيد apte سيف مخلوف apte لكن مش مرا هذي حجتنا بيك في المرة الجاية لكن رسالتك وصلت سعيد العيادي inapte انت وزير ومقديت تعمل شيء تقييم النخبة الخاصة التونسية لهذه المناظرات ليست سيئة رغم انه يوجد الكثير من الاخلات انصح الشعب بان يأمن هو بنفسه انتخاباته,positive
الصافي سعيد votiw,positive
الصافي سعيد أذكى سياسي تونسي,positive
الصافي سعيد أكثر إنسان فاهم المسرحية في تونس تعجبني صراحته و مواجاهاته,positive
الصافي سعيد أكثر شخصيه تونسيه تخرج في الاعلام و تقول حقائق وهو ذكي جدا و كلامه حلو و فيه نكت بحيث أحنا نحبوه و نحترموه أتمنى أن يتحفنا بكتاب ينشر فيه حقائق المافيا السياسيه و الماليه في العالم و في تونس خاصة,positive
الصافي سعيد أكيد حلقة قوية,positive
الصافي سعيد إنسان نرجسي متعجرف صليط اللسان يحسب نفسه المثقف الوحيد في تونس لا يقبل الرأي الآخر ويعتقد أنه الوحيد الذي على صواب بصراحة أنا أراه مشروع لديكتاتور متسلط لا يقيم وزنا للأخرين,negative
الصافي سعيد اقوى سياسي فالعالم,positive
الصافي سعيد الحب كلو,positive
الصافي سعيد انسان عصبي و مغرور لا يصلح لان يكون قائدا,negative
الصافي سعيد تتكلم ياسر وبرنامجك ديما وابدا جنوب امريك وأفريقيا هذا الكل تعرف أما الناس الآخرين مايعرفوس حتى شيئا و العياط و الزياط وما تخلي الناس يتحاور و معاك وما تحبش التوانسة في الخارج والى حد الآن لم ططلب السماح مننا وليس لك حتى شيئا كان الحديث الفاشي وما تعمل حتى شيئا إلا الحديث الفارغ ودائما وابدا ليس لك معرفة بالدستور وتقول إلي انت مختص في أفريقيا فاش مختص كان في العياط وتتهم في الراجل مجرم بالفارغ هو عطاء الرأي متاعو وانت من المحتمل تاخذ بالرأي الآخر أما ياسي الصافي سعيد لن ولم تكون رئيسا لتونس أما من الممكن أن تكون كاتب كتب بس,negative
الصافي سعيد ثنين و عشرين الرجل المثالي لقيادة البلد,positive
الصافي سعيد ثورة في الكلاميات فقط بدليل انه مناصر من الدرجة الاولي للقذافي الذي اشبع بلده بالخطابات الثائره و لم يبني بالمليارات التي تملكها ليبيا طوال أربعة و أربعين سنه لم يبني بها حجرا واحدا و هذا الشخص يتبجح بحبه لهذا الدكتاتور الفاشل,negative
الصافي سعيد رئيس الجمهورية,positive
الصافي سعيد رجل بأتم معنا الكلمة الحمد لله مازال عنا رجال يقولوا في كلمة الحق,positive
الصافي سعيد صحيح أنه شخص ذكي جدا ولبق وعنده روح النكتة ومثقف و يصلح أنوا يكون ناقد سياسي لكن من رأي لا يصلح أن يكون في منصب سياسي,positive
الصافي سعيد قمة في الروعة يجب على شعب تونس كاملا أنتخابه فهو الورقة الأخيرة فكونو شعب واعي من فضلكم,positive
الصافي سعيد,positive
الصافي سعيد متالق كي العادة,positive
الصافي سعيد مجنس هو وعائلته كلهم عندهم الجنسيه الفرنسيه و أولاده عايشين لبره عميل قطري بجداره,negative
الصافي سعيد مشروع ديكتاتور,negative
الصافي سعيد هو الحل بدون منازع,positive
الصافي سعيد و قيس السعيد و الله هوما لحل لتونس ان شاءالله نشوفو واحد منهم رئيس,positive
الصافي سعيد و قيس سعيد و المرايحي ناس تحسها تحب تخدم لها البلاد لكن للاسف تلقى الشعب التونسي في الانتخابات مرشح يوسف الشاهد اللقيط الفرنسي خاطر عينيه زرق و ابيض ولا تلقاهم انتخبوا بعير موسى خاطر يتحسروا على زمن بن على او انهم انتخبوا الشيخ مورو مع احتراماتي ليه في شخو لكنه عمرو ما يكون رئيس ذو هيبة يا ناري عليك يا بلادي مرحمك حد و شعبك واعي لكن عجبتو عيشت الفساد و الطبقية و الخوصصة و المواطن الكادح مشا في العفس و الله المستعان,negative
الصافي سعيد يا معلم,positive
الصافي سعيد يبهبر وعروبي يخوف سيدهم يوسف برقماتي ذكي وواقعي الكلهم كلام وبره ما يدروا على شيء,negative
الصافي كل نحبوه,positive
الصافي ل ه و ثنين و ثلاثين مياة ك رءيس دولة,positive
الصافي مشروعك فاشل لا القومية الفاشلة,negative
الصافي و معز حسن هم من تركو البصيص من الامل في ما تبقا في البلاد,positive
الصاقط يعرف الصاقط تفووه,negative
الصباح لا يتغير ولكن كل يوم يأتي بشكل أجمل,positive
الصباح ما تلقاناش خاطر راقدين هه تفووه عليكم واحد واحد ريحة الرجولية ما تكسابوهاش قدام الرجاله الصحاح تبولو على رواحكم برو أرقدوو مسهلها الرجال و شقاقين الظلمة,negative
الصببرر يااربي يزيه هانا حكى سيبوناا راهو فددناا,negative
الصبح في طلتك تتشكل الوانه يا ملون الكون في عيني و وجداني,positive
الصبر حسناء تمرمدت لين ماعادش,positive
الصبر صفة جيده لكن سيئه جدا ل المشتاقين,negative
الصبر كان البومة واختها تي سبق الخير,positive
الصبر مفتاح الفرج,positive
الصبر موحشها الدنيا ربي يزيح عنا الغمه عن قريب ان شاء الله,positive
الصبر يا رب انشاء ربي يهدي اولاد الحلال ويعاونوها,positive
الصبر يا ربي قلبي وجعني مسكينه ربي ينور حقها,positive
الصبر ياربي و الله مسكين الشعب فاش يعاني بربي تلهي بشعبك و بعد نتلهاو بكلنا بفلسطين,negative
الصحافي حيوان وعليك اللعنة حي شعبي اولا وثانيا البطاله يسأل سؤال تافه,negative
الصحبه الحقيقه هي الي كلكم تكرهون نفس الاشخاص,negative
الصحبي يعطيك الصحة,positive
الصحة لا تقدر بثمن خويا حمزة أدفع بالتي هيا أحسن إلي في جيبك الكل و قل هذا من فضل ربي لأحباب ربي هه,positive
الصحفي زفت,negative
الصحفي مزطول انت عندك قاعدة امريكية في تونس زائد قوانين غربية وغزو فكري وتسأل المرشح على الامن القومي,negative
الصحفي مستوى ضعيف جدا راهو فحمك يا إنسان و لازمك تزيد تقرا,negative
الصحفي هادا ضبع مربع فراسو هو يحكي لو و آش يقول الشرع وهو يقولولاطباء الرجال و آش يخدمو الله لا يجعلهم خدمو يا حابس,negative
الصراحة مش لهذه الدرجة طول لسان معادش فمة حشمة مدام خساره تونس فيك,negative
الصراحة مميز,positive
الصراحة يرتاح بالي ان شفت الي احبهم مرتاحين وسعيدين,positive
الصراحه اتصدمت مستوى القصص ضعيف جدا اول قصه اعتقد انها من اسخف ما قرأت مرورا بقصه الغواصه اللى هيا اصلا المانيه مش بريطانيه ودى غلطه لاتغتفر وتدل على عدم التدقيق,negative
الصراحه الكتاب ضحكني كثير لان الناس كانت تقول ان فيه مقطع تحضير جن اذا انتي قريتيه بيتحضرو الجن عندك قريت الكتاب الكل يطالعني بنظرة انتي مجنونه كان ممتع الى حدا ما,negative
الصراحه باهية برشا وقدامها مستقبل كبير ربي يوفقها,positive
الصراحه موش متاعها مرأة عجوز,negative
الصراع بين الخير الشر بين الملاك الشيطان كيف يوحي بتحكم الشيطان بفطرة الانسان الخيرة قلبها الى الشر وان طبيعه الانسان الاصليه هي الشر كيف الغفران الالهي يمنح مزيدا من الامل للعبد بدل ان يكون ميتا من الداخل متاكدا ان مصيره النار لان ليس هناك ما يخسره بعد ان ضمن النار ولن يمنعه شيئ ثم ايجاد مبرر قوي لكي يريح الضمير ان حتى الانبياء الحكماء شريرين من خلال سطر من الانجيل يوحي ان المسيح البشري شرير الالهي خير اخيرا تلون تغير المسميات وخاصه الذنوب لتصبح اكثر تقبلا للشخص ليستبيح ما يريد ايضا من يكرر ان الله يدخلنا الجنه بفضله لا بعدله ياخذ بهذا ذريعه اخرى مبرر لارتكاب مزيد من المعاصي يأمل بالغفران طريقة رسم الخوف القلق اكثر من رائعه منذ زياره الفران حتى التأكد ان الذهب ليس مزور بالنهايه بريم انتصرت لكن بعد اخفاقها في توقعها ان قريتها لم يقدروا على فعل الخطيئة بل فقط التفكر الندم ثم اتى دورها لكي تمنعهم تنقذ روحا بريئة يعد ان انقذها الغريب من الذئب بعد محاولات لسرقة السبيكة الواحده وجدت النور اخيرا لتنقذ برتا تحصل على كل السبائك بمفردها,positive
الصرخة تاع مفيدة فالاخير بكاتني الكبدة واعرة بزاف سلام حار لخوتنا التوانسة على الانتاج الضخم زيدوا الجزء ستة تفرجت كل الاجزاء خلال عشرا ايام هه و الله اخوة كيما هك ولا بالناقص,negative
الصعبانيات وليس العبرات,negative
الصعب سيمر والألم مؤكد سيعقبه فرح بأذن الله,positive
الصقر,positive
الصمت في بعض المواقف كرامه وقد قيل ثلثي السعادة تغاضي مساء الانوارر الصمت حكمة و قليل فاعله,positive
الصمت في حضرة الجمال جمال,positive
الصمت يخفى داخله لمست عتااب والبوح دولة يصعب العيش فيها,negative
الصندوق الوطني للسرقة ونهب أموال العملة والموظفين,negative
الصورة التي عرضتوها عليه اوقح من الكلمة لي قالها و الكلمة ماشي عيب العيب فيكم,negative
الصورة التي عرضتوها عليه اوقح من الكلمة لي قاله عيب عيب,negative
الصورة المثالية لشياطين الانس,negative
الصورة النمطية متاع المتدين إنو شكلو مقرف وطبع سجود يصبح رمز للسخرية إذاعة حقيرة,negative
الصوره ليست من الفضاء الخارجي انها من داخل مدرجات التالته يمين,positive
الصومال يشهد الآن أمطار فيضانيه لعلها تتوسع للشرق,negative
الصين خضراء,negative
الضحكة بالانحطاط الأخلاقي و الكلام البذيئ تخلف دموع حزينة على وصلنا اليه,negative
الضحك سامحني بالكلاسن الله يلطف شيء يعمل العال فمي بلدان تتفرج فيهنا عيب هذا ربي يهديك يا لطفي رانا انحبوك يا لطفي راك تونسي حر أما لحترام باهي و إن شاء الله ربي امعاك ويهديك,negative
الضمير حاجة مخلوقة في البشر أما مش الناس الكل تخدم فيه ثمة الى ضميرها راقد ديما و خاصة في الخدمة ربي يباركلو في صحتو إن شاء الله,positive
الضيف يدس السم في العسل و قد تنبه له الصافي سعيد و نهنيه لانه قطع عليه الطريق تونس ارض العلم و الشباب الواعي هم فقط بحاجة لمن يخرج تونس من سطوة فرنسا على ساستها و عملائهم في سدة الحكم طوال سنين و الله أعلم أن الصافي سعيد بمواقفه الواضحة طوال مسيرته السياسية ضد فرنسا و تدخلها في الشؤون الداخلية لتونس هو الوحيد القادر على نيل استقلالية القرار بما يصب في صالح البلاد رغم اني لا أظنهم سيسمحون بوصوله لكرسي الرئاسة و ربي يحفظ تونس و شعبها,negative
الطاهر المسخ هه,negative
الطاهر بن حسين كلب معروف لكن إلي استدعاه نياك اكثر منو,negative
الطبوبي يتحكم بالبلاد,negative
الطحان اللحاس كلب التجمع,negative
الطحانة قاموا الله واحد و الله واحد كلصون بعير ما كيفو حد يا لحاسة مشا على روحوا زمن بن على انساوه,negative
الطحين لا دين له,negative
الطحين لترويكا,negative
الطرحة الكل اولاد حلال,positive
الطريق إلى الله طويل ليس المهم أن تصل إلى آخره لكن المهم أن تموت عليه,negative
الطف اللطف اللطف اعوذ بالله من الشيطان الرجيم يا رب كان نحلم إن شاء الله انفيق منو اللطف,negative
الطف عليك يا بنتي ماتبكيش و حسبنا الله ونعم الوكيل,negative
الطف,negative
الطفل الحلايلي لول في دا المسلسل زادا فاد الحبس,negative
الطفل العراقي قصيدة مؤثرة إلقاء أخيكم محمد فخرو,negative
الطفل الوحيد في المسلسل ولد حلال تولد في الحبس,positive
الطفلة الصغيرة طلعت ساقطة باعت اختها على خاطر راجل خزوق يشدها,negative
الطفلة متربية برشا ويرحم و الدين إلي ربوها احسن تربية,positive
الطفل نزاد من بيرم حب بطهروت من,negative
الطفل ولا عمرو شهرين و هيا كذبت على امها و خوها عندها نهار,negative
الطمع أو قطعان الرقبة متحاذين و الحقار يموت ذليل روحي وهف يهزك,negative
الطمع ميدومش واخرتومشوما على كل طفلة تبع المظاهر,negative
الطمع يفسد الطبع,negative
الطنطوريه حدوته شعب تتحدث عن ماعاناه من تشتت وضياع وحزن وموت موجعه لأبعد حد تماما بقدر متعتها ارى فى هذه الروايه رقيه الطفله على شاطئ الطنطوريه رقيه الشابه وآلام بصيدا ثم بيروت بلبنان رقيه الجده بالخليج ثم الاسكندريه ومن بعدها صيدها مجددا تركت بكل مكان فيهم جزءا من روحها وذكرياتها فتاره تترك ذكرى استشهاد أبوها وأخويها فى الطنطوريه وتاره تترك ذكرى زوجها ببيروت وربما علقت بها من كل مكان من هذه الاماكن بعض عطوره واغلبها قاسيه علقت بطيات روحها فلازمتها وواصلت زيارتها من وقت للآخر رقيه مثلها مثل كثيرين من الفلسطينيين خسروا ارضهم وأهلهم وضاعت قضيتهم واصبح كل منهم غريب فى بلدته ظل الأمل موجود وظل مفتاح بيت الطنطوريه معلق برقبه الام وبعدها رقيه ثم حفيدتها ولكنه سيظل مجرد مفتاح لبيت هدموه وشارع تغيرت ملامحه ومدينه لم تعد كتلك المدينه فى الذاكرة الذاكرة لا تقتل تلم ألما لايطاق ربما ثم ما موقع الخوف من وقفه الانتظار,positive
الطنطوريه من اروع ما قرات بتخليك تسافر فيها على حيفا يافا والطنطوريه صيدا مخيمات لبنان عالخليج وعالاسكندريه كل مكان بتروحه بطلة الروايه بتاخدنا معها بوصف المكان بوصف الاحداث اعجبني جدا اسلوب ربط الاحداث الخياليه باحداث الواقع فبتعرفنا على معلومات كتير خاصه عن وضع الفلسطينيين السيء بمخيمات لبنان عن ميليشيات سعد حداد تنتهي بالفرخع بتحرير الجنوب على يد حزب الله ما كان في تسلسل زمني بالاحداث بس بنفس الوقت كان الانتقال من الماضي للمستقبل للحاضر بطريقه ما بتشتت الفارئ غريب انها الكاتبه مش فلسطينيه يظهر من المعلومات من اسلوب الحياه المكتوب انها امضت زقت طويل في دراسة تفاصيل دقيقه من حياة الفلسطينيين تصرفاتهم لهجاتهم مشاعرهم تفكيرهم انصح بالروايه بشده كتيير حبيتها,positive
الطهارة تمت و الحمامة طارت وإن شاء الله في الدخلة,negative
الطهار مهف,negative
الطيبون للطيبات تحيه من اليمن للتوانسه القريبين لقلبي,positive
الطيف يارب,negative
الطيور على أشكالها تقع إرهاب وفساد مسكينة تونس,negative
الطيور على أشكالها تقع إلى مزبلة التاريخ,negative
الطيور على أشكالها تقع بالتوفيق,positive
الطيور على أشكالها تقع عادي جدا هاك يرحم خليل وانت يرحم عمي,negative
الطيور على أشكالها تقع,negative
الطيور على أشكالها تقع مسكينة تونس,negative
الطيور على أشكالها تقع يرحم خليل,positive
الطيور على أمثالها هاك طلعت اخمج منو,negative
الطيور على اشكالها تقع حزب المرشش وكلب تونس تحالف الغربان والضباع,negative
الطيور على اشكالها تقع قلنالك يا مرخوف راك براشوك ومنافق,negative
الطيور على اشكالها تقع,negative
الطيور على اشكالها تقع كلها الشكارة والبحر,negative
الطيور على اشكالها تقع مسكينة تونس,negative
الطيور على اشكالها تقع ياغبي,negative
الطيور على امثالها تقع زايد قلة حياء الله لا تباركلكم,negative
الطيور على امثاله تقع والاشكال على اشكالها تقع,negative
الظالم و المظلوم في كل مكان و ربي يعينكم تحاربو لفساد,positive
الظاهر انو سي الحبيب خضر مازال يستعمل في تفويض الامضاء لي عطاهولو الشيخ كتب الاستقالة بتاريخ ستة اوت وهبطها اليوم على الصفحة متاعو يعني بتاريخ سبعة اوت وحاطط فيها انو راشد الغنوشي وافق عليها بتاريخ ثمنية اوت يعني غدوة فهمنا سي لحبيب كيفاش هاذاالعجب,negative
العاده مخيله خصبه بالتفاصيل الحيه والنابيه,positive
العاطفه الراقيه الكريمه ممزوجه بالنص الادبي الجميل بدايه مشجعه لي لقرات المزيد من ادب جبران كتاب جميل انهيته بجلسه واحده بدون ان افقد الاستمتاع بجماليات النص,negative
العاقبة لبقية الوزارات أكثر من ألف مليار ديون متخلدة في ذمة الوزارات,negative
العاقبة لكلسونك يا مناضل,negative
العاقبة للبقية,negative
العاقبة للغنوشى الحثالة الرخيس,negative
العاقبة للغنوشي نرتاحو من وجهو,negative
العاقبة للمجلس النواب خلي نرتاحو شوي من وجوهم,negative
العاقبة للمجلس خلي نرتاحو مالتهبهيب,negative
العاقبة ل مجلس النواب,positive
العاقبة لمجلس النواب,negative
العاقبه للشيخ وبقيه القطيع,negative
العالم كله واقف على ريل وحدة بسبب اجازتك ام يومين,positive
العالم كلو داخل لل blockchain و في تونس النقاش ولانجاز هو paypal,negative
العالم يشتكي من توقف الواتساب تخيلو معي لو ابواب التوبة اغلقت,negative
العام إلي يخرج يوصي خوه,negative
العام الليفات لحمة واحدة غادي و تعدات من أجمل السهرات,positive
العام الماضى لم أكن أملك شيئا حسنا وماذا تملك الآن لا أملك شئ أيضا لكنى لم أيأس,negative
العاهرات أمثال هذي إلي يلهثو وراء المال و الشهرة هما سبب لدمار المجتمع و الفتنة اللهما لا تاءخذنا بما فعل السفهاء مناا,negative
العاهرات,negative
العاهرات والقحب موجودين ناقص كان العط,negative
العاهرة تشتغل بمخور,negative
العبادة والتراويح اكثر شي متحمس له برمضان,negative
العباد ما لاقية ما تعمل جايا تتبلى عليكم شوفو حل لسرفيسكم كثرتولها راكم,negative
العب بالشعب كل مرة تتنقل من جيها إلى جيها و الخدمة ماثماش كان الكلام الفارغ والسان الطويل,negative
العبدلي شاف روحو لا باس حك على ز الدرياس,negative
العبدلي كيفاش يحكي في شورب فكرني في ميدو وقت إلي مشى لسليمان لبيض و قالوا خشن في صوتك انستوا يا رجال,negative
العبظلي مش ناقصك أنت باش تهاجم الناس عليه عندو لسان ويعرف يجاوب على ىروحه مش كان تفقدتو البلاد اش صاير فيها وين وصلنا بالجهل متاعكم مش احسن وخير,negative
العب مع شيطان و ما تلعبش مع شورب,negative
العبودية لم تنته مع مجيء الاسلام بل قننها القرآن تحت مسمى ملكات الليمين,negative
العبيد لوسقطت الحرية من السما ء لرفعوا المضلات لاتقائها يدعون له برحمة ونصرمن الله وهو اصلا عدو لله ولشرع الله ولا يؤمن بما يقولون وسياسته تؤكد ذلك لكن الشعب مثلهاو منافق جاهل,negative
العثمانيين هم غزاة محتلين و الأتراك كانو قراصنة في البحر و لصوص و قطاع طرق و حكاية الخلافة هذا كلام فارغ العثمانيين جابوا الجهل و التخلف لتونس و نهبو خيرات تونس و الآخر باعونا لفرنسا خليكم من أسطورة الخلافة و نشر الإسلام,negative
العدل أساس العمران,negative
العدل ان تصادر املاكه و ان يحطوه في متحف و يعملوا الدخلة بدينار و يعطوه ياكل و يشرب كي يبقي عبرة لمن لا يعتبر,negative
العراء و القراء وقلة الحياء,negative
العرا و قلة الحشمة اصبح جرأة,negative
العرا و قلة الحياء,negative
العرب المسلمين يطبقون دينهم على أرض الواقع,positive
العرب كرب ما كثر فينا كان التحومير و البهامة ولينا عالة على العالم ما مصلحة لشي,negative
العرب مابين الاحتمال والاحتلال ومابين الانتخاب والانتداب هم تحت الاحتلال تهدم بيوتهم وتحت الاستقلال لابيوت لهم,negative
العربي المازني كي الزبلة في البوبالة,negative
العربي الماسط مرجتونا بيه,negative
العربي زقاق شبعة وعارة,negative
العربي ما ينفع فيه لا سوار ولا شيء جزائري,negative
العرس المال و السيارات والمنازل الفخمة,negative
العروسات و البحر و الأسواق و الماناج وو و مفيهمش كورونا و المدرسة فيها,negative
العزوزة هازها الواد و هيا تقول العام صابة احلم وحدك صاحبي,positive
العزوزة والواد هو اعلامكم الرذيل,negative
العزوز هزه واد هيا تقول عم اخضر تونس دخل في حيت خمم في فلسطين,negative
العزوزه مسكينه طاحت فيهم,negative
العساس عندو كلمة اكثر من مدير السبيطار,negative
العشرين مليون قبل ثنين مليارات و سبعمائة مليون ملا كارثة هه,negative
العصبة اورورو مياو مياو بييب,negative
العصبة يريتك امقعمز عليها ياسقط,negative
 العطر لــ باتريك زوسكيند صدرت عام روايه مفعمه بالروائح والعطور تثير حاسة الشم وتجعلك تتذوق كل شي بأنفك روايه قرأتها بأنفي فاستشقتها حتى اخر نقطه روايه عظيمه خالدة بحبكه متماسكه متقنه باسلوب سلس بدون تعقيد حبست انفاسي لاخر حرف,positive
العفن متاكم يزي الهم و الغبن و لفده و لبساله و مييوعه و زادا قتلوا الشراب فيه منافع يعطيكم عزاء,negative
العقبة لليل الغنوشي,negative
العقبة للي مازالو,negative
العقرب و الجدي و الحمل هه فماش برج الثعلب,positive
العقل أصدق من القلب دائما حكم عقلك لا قلبك عزيزي,positive
العقليات الصدئة هيا حقيقة شيئ مزعج وكريه لياسين العياري وامثاله إلي يحبو يضخوا نفس جديد و عقلية جديدة في البلاد تحسهم جراثيم او نوع سام من الحشرات أكثر منهم بشر,negative
العقلية لازم تتغير شوي الكمامة ضروري و شوي نظافة اليدين الملابس بعد كل خرجة ضروري جدا ماهوش جدري ولا سل راهو بالماء و الصابون يتنحا كل شيء الغريب العباد تغزد و تنوخ و هو لا يحترم حتى ابسط الاشياء و بجاه ربي النبارة نقصو شوي يرحم و الديكم,positive
العقليه متاع الوطنيه هكه لازم تكون,positive
العلامة و المجاهد سنفور,positive
العلمانية و الإسلامية في صراع هوية في تونس,negative
العلمانيون لا مبدأ لديهم هم سبب الانقلابات الدموية والكفر بالصناديق التى لا تأتى بهم إلى سدة الحكم والتسلط على باقى الشعب والمخالفين لهم,negative
العلم نور و الجهل عار,positive
العماري ماريتش في طحينو,negative
العمري اسلوبه اللي يشدك تشبيهاته اللي بتوصل المعني اسرع,positive
العم ضاهر شمام ماللي دخل هو ينفنف الوقت كلو و هذي عادة عند الناس إلي تشم في الكوكا,negative
العم غالط شوية و الطفل غالط برشى أما كلها عكسيات و برى,negative
العملاء و الخونة و الفساد قاعدين يعملو في جبهة ضد الوطن,negative
العمل البسيط لكنه يحبه ويتقنه,positive
العم مهوش خايب صبري هدا مش صادق,negative
العم نصاب ويكذب اولا قال الوالد اخذ من أموال الدولا اشتراء وبعدين قال من الأجانب,negative
العم يريد ان ينتقم من اولاد اخيه بسبب ابوهم وما فعله به و كلش شيء من اجل كلمة مرته هيا لي تحرش فيه عليهم,negative
العم يسكن الخبث في عينيه قبحه الله,negative
العميل وارهابي و السارق مع بعضهم,negative
العناصر الثلاثة إلي ساهمت في خرب البلاد,negative
العنصرية المقيتة تونس ألف و تسعميا و تسعطاش م,negative
العنصرية في ابهى مظاهرها,negative
العنعنة هى الفتنة التى حرمها الاسلام,negative
العنف مرغوض وخاصتا مع السود يسود وجهالعرف هذا,negative
العنكبوتة المجرتلة تفييه,negative
العنوان المناسب اليعقوبي يدع لفتح باب الانتداب لأبناء النقابيين في وزارة التربية,negative
العنوان غالط السرقة موجودة ومتقصتش,negative
العنوان ما عندو حتى دخل بل video,negative
العيب فالي جابوا واستدعاه باسم حرية التعبير أما قنات الحوار ضهر شكون اللوبي إلي وراها يا متاع المثلية يا سامي الفهري العربي موش متاع حرية رجعولنا الدكتاتوريه,negative
العيب في الاعلام إلي جايب شلاكة زي هذا وترلي أعصابي ما يحشمش,negative
العيب ليس في القناة بل العيب في من يشاهدها اذ لم تستحي ففعل ماشءت,negative
العيب ليس فيك بل في من يتابع mosaique fm,negative
العيب مش في شيخ تحيفة العيب في مقدم البرنامج مايساءلوش سؤال كيما هذا ويقولو فسرلي أما بالنسبة للتمثيل فهو مبدع وماصاب يعودلنا المسلسل خطاب على الباب مسلسل عمرو ما يتنسى,negative
العيب مش فيك في ابو صلعه لي جايبك حشمتونا قدام الاجانب جاب ربك لي ميفهموش تونسي برشا,negative
العيب مش فيه العيب في إلي جابوا للبرنامج توا الحرام رديتوه حرية شخصية و النقاب رديتوه تخلف و مش متاعنا ربي يهديكم وكاهو,negative
العيب مش فيه هو العيب في امين و القناة و فيا أنا و الناس إلي تتفرج فيه يعني تونس ناقصها هذوما باش يلنوها ان لله و ان اليه راجعون,negative
العيب موش إنه مثلي العيب إلي راجل يحكي معاه و هو يقول أنت ربي باش تحسبني يعني ميبون و يوخر و زيد قليل تربية,negative
العيب موش في سامي الفهري العيب في يلخلي دارهم يتفرجو في القناة أصلا,negative
العيب موش فيك العيب فالجابك للتلفزة,negative
العيب موش فيك فلي يعيطلك سي مقداد ي واقي,negative
العيب موش فيك يا بو الحناك العيب في إلي عاملك قيمة و جايبك في البرنامج,negative
العيب موش فيك يا مصباح لاعبها ديما علينا طز حكمة العيب في إلي جايبك عباد تلوج على الاثارة و المساطة و قلة الحياة مشات التلفزة التونسية و مشات أماليها,negative
العيب موش فيه العيب فلي جايبوا ساعات الدنيا تظحك لواحد وهو يطلع على مراد الله,negative
العيب موش فيه لأنو ماسط لاسط كي الكلاسط اما العيب في إلي جابوا,negative
العيشة في تونس ابتلاء,negative
العيشة نفاق,negative
الغالب عليه بوصبع تونسي,negative
الغاني ربي ياخي ما تموتش وما تتحاسبش في الآخر باش تهز شبر تراب,negative
الغربة مش للي يجي الغربة لرجال اني عايش فيها خمسة و عشرين عام و نعرف مادامو فاشل و مخو فارغ و الله لا ينجح في حتي دولة في العالم و لا دولة تقبلو و اني déjà ندمت كي تفرجت فاه المارك,negative
الغرد و خوه,negative
الغريب انهم دخلوا للانتخابات على اساس كانوا رافضين تحالف النهضة والمنظومة القديمة وانهم بديل للنهضة ياخي حتى هوما تحالفوا مع قلب تونس بنفس الحجج متاع النهضة,negative
الغريب في الامر إلي ثمة برشا بهايم يتبعوا فيها ومازالوا يطحنولها,negative
الغريب في هذا الشعب حياته كاملة عايش وغارق في البذاءة وقلة الحياء و الكلام البذيء في كل مكان باسم الحرية ولا واحد حل جلغته واستنكر والذي حاول يتكلم يتهمونه بالتخلف والرجعية و الارهاب والان السيد لطفي عامل مسرحيته كي العادة يعني السابقين لما عملهم وفيه بذاءة تقبلتوها لكن لما صار المعني بالمر رمز من رموز الدكتاتورية والعهد البايد الابواق الكل خلوا كل شيء و من الصباح الى الليل ما تسمع كان مسرحية لطفي العبدلي وقلصون عبير مع العلم في نفس المسرحية حكي على قلصون الغنوشي ونبيل القروي يعني ما معنى ان يركز الاعلام الفاسد الماجورة على عبير فقط هذا لكي ينتبه الشعب ويكون بالمرصاد التجمعيين الان اكثر لان وراءهم لوبيات كبيرة بالمال وشراء الذمم و الاعلام الساقط,negative
الغزل المباح من الرائع غازي,positive
الغلاف هو ما يستحق النجمتين في منتصف الرواية سألت نفسي من كتب هذه الروايه هل هو ملحد ام ماذا وما الهدف الذي سيعود بالنفع على المجتمع من روايه مثل هذه الكلمه رساله فاتقي الله في رسالتك,negative
الغلطة فلي أستدعاه هذا راجل يكب سعده هذا عار على تونس و المسلمين حسبنا الله ونعم الوكيل,negative
الغلطة من كلام الناس لجيبينو واحد جاهل ما يعرفش يحكي,negative
الغلط مش في التعويذة,negative
الغناية هذي كيما رسالة الغفران باش يفهموها بعد خمسمياة سنة هه,negative
الغنايه ناجحه الصوت ناجح,positive
الغنوشي اكبر ثعلب جى وماجبش خير للبلاد جاب معاه الحقد و الخمج الله ينتقم منهم,negative
الغني ربي سبحانه,positive
الغني ربي ولله الحمد,positive
الغني هو الله,positive
الف ألف راحة,positive
الف ألف مبروك النجاح,positive
الف ألف مبروك انت فخر للوطن,positive
الفااتحة,negative
الفاتورة موش خالصة عندهم حق,positive
الفاجرات من أهل نار,negative
الفاجرة هربت و المطلة شدوها سببوا للي خرب البلاد و فقر الشعب و قتل الوطنيين و دخل الارهاب و عنده جهاز سري شدوا في عبير موسي قلة حياء محامين الهانة و الغلبة كمشة مرتزقة ماجورين,negative
الف ا خمسة,negative
الفازه ماسطه برشا و هيا امسط,negative
الفاسد هذا من سوسة و الشيئ من مأتاه لا يستغرب,negative
الفاسد والقعر و الخامج والساقط مع اشكون تحبو يتحالف مع السامي والنظيف وصاحب المبادئ الى جهنم وبئس المصير انتم الزوز و إن شاء الله ربي يرتحنا منكم الزوز و اللعنة الاكبر البركة موش النهضة,negative
الفاسق الداعر,negative
الفاشل عندنا يكرم انتظروه في الحكومة الجديدة هه,negative
الفاشل فقط يمن بالسحر,negative
الفاصمة مرة على الليمين و مرة على اليسار ولا أنا غالطة,negative
الف الف الف مبروك لمنتخبنا قادمون يا روسيا الله الله يا منتخبنا ان شاء الله تحقق املنا,positive
الفة فناانة في كا شيء بكل ما تحمله الكلمة من معنى,positive
الفة فنانة بالحق صوت وحضور,positive
الفة نحبو جديدك رانا نستنوو,positive
الف تحية دكتور,positive
الف تحية للمدير,positive
الف تحيه للخضراء تونس,positive
الفتوى ليست ساهلة الفتوى تحتاج الى اجتهاد علماء و مفكرين اسلامين وليس من شيخ,negative
الفجر شقشق يا قلبي اعشق و اذكر الهه خلق و انشئ,positive
الفخامة بأتم معنى الكلمة,positive
الفرار مهوش راجل,negative
الفرار هو انسان محقور او يشتهر بالبراكاجات و قلة الرجولية انسان يدور تحتو حديد خاترو ما ينجمش بونية يبراكي باش يروح للحي و يشري ثنين او ثلاثة حرابش اكستازي و مصاصة باش يلكلكها خاترو مخنث و يبدى يهرب بساقيه و يديه ب حركات غير مفهومة و فطرية نوع ما و هذي الرقصة تسمى بالهربة و هيا مستوحات من ال shuffle dance ربي يسترنا من ها العباد لي لا يقدرو لا كبير لاصغير و لي يخطفو و ما يخافوش من ربي كلها مشكلة عقلية ناس تعيش في فراغ في بطالة يقومون ب اعمال شنيعة كي يبرزون في احيائهم و الفرار ماهوش فصالة و ماهوش باندي راو واحد جبري و قاري النقص في روحو بين اندادو انسان مخنث معمل على لحديد و وشمات متاع جبورة يخرب بدنو ب وشمات لامعني لها و شركة في رقبتو مذرحة و بلوطة ولا piercing في حاجبو و يضرب حاجبو لازمهم تأطير او سجن و اصلاح و لازم ها الدولة تعمل قانون للبراكاج هو محاولة قتل و يفضحوه يخليوه عبرة لغيرو,negative
الفرحان لما صرت اشجعه صار يدخل برايم حياتك,negative
الفرح في عيناها ربي يفضلك بنتك ورمضان مبارك عليك و على كافة أعظاء الفريق إلي يعمل معاك,positive
الف رحمة و نور على و الديك اللى عرفو يربو و يقرو كلامك من ذهب كل كلمة نطقتها تضرب فى القلب و الله,positive
الفرزيط أسطورة الفن الشعبي التونسي ولن يتكرر,negative
الفرزيط الكابو بدون منازع,positive
الفرزيط معلم ولاولاد إلي معاه شباب يعطيهم الصحة خدمة فور الشعب التونسي فالح كان في التنبير كملو نستناو غنايات اخرة متاع صالح الفرزيط,positive
الفرق المتاهلة الي نصف نهائي ابطال اوروبا ريال مدريد يوفنتوس موناكو أتلتيكو مدريد ليلة الأبطال,positive
الفرق بين المتنبي واللمبي,negative
الفرق بين قيس سعيد ونبيل القروى هو الفرق بين النور و الظلام العلم و الجهل الخطة و الهدف العشوائية و الضياع أنا مصرى ومع قيس سعيد رئيس تونس وقائد ثورات الربيع العربى,negative
الفرق خمروتوف باش يرميها في الفريجيدار متاعو و المولتوف باش يرميها على مواطنين أبرياء أيه مقارنة,negative
الفرق شاسع بين دكتور في القانون و,negative
الفرق شاسع جدا بين المتناظرين علما و فصاحة,negative
الفرق واظح,positive
الفريب ولا باهي يا طحانة معادش حاشمين هه,negative
الفساد بعينه هذا هو الفساد,negative
الفساد يتحالف مع الارهاب علاش مستغربيين,negative
الفساد يتلون ياتي من كل طريق و البطريق له بالمرصاد ارجو ان لا تمروا,negative
الفسفاط بركاوه,negative
الف سلامة,positive
الف شكر لكل من رفع راية بلاد عاليا,positive
الفشل بحول الله كي العادة,negative
الفصل الثالث والحديث عن المسيحية نرفزني جدا الاستدلال بالانجيل المحرف لاثبات ان الدين الاسلامي هو الأفضل شي مستفز,negative
الفضائح لا تنتهي,negative
الفضل يرجع لأمهم الفاضلة إلي ربتهم تربية سليمة ة ما خلتهمش يهزو الغل لبوهم كيما بعض النساء إلي أول ما تطلق تكره اولادها في بوهم و اهله الله يحفظ البنات ما احنهم,positive
الف عافية عليك الخمر والاكل صحة وعافية,positive
الفقر خارج من عيونه و يحكي على الخدمة و ماكلت لحجر براا يعطيك عصبة,negative
الفقر مقود بقوة الحرمان الانسان يفقد الانسانية ديالو,negative
الفقر و الفرعنة الغنية يجيبوا صغير واحد و الفقراء اربعة و ستة و قلة التربية و الهم,negative
الفقر يصنع الرجال ولي راجل راجل روح تروح,negative
الفقير فقير في تفكيرو,negative
الفلاحة ثم الفلاحة قبل كل شي,positive
الفلاحة هيا العمود الفقري للاقتصاد ولكن للأسف إلي خاسراتو الدولة على السياحة والفن والإعلام الفاسد والمتاهات وعاملتلها ميزانية خسارة في خسارة كان دعمت بيها قطاع الفلاحة رانا من اغنى الدول لك الله يا تونس,negative
الفلسفه و المنطق السليم مع اقتباس,positive
الفلوس إلي خسرتاها باش تسحريه كان عملت باهم ترمة راو يجري وراك تو,negative
الفلوس تلقاوها كان لسفرياتكم وكراهبكم ومصالحكم أما وقت تطبيق بروتوكول صحي تولي الفلوس ما ثماش وزيد الفلوس إلي تلمت و الهبات إلي جات من المرة الاولى فين مشات,negative
الفلوس عندهم شكاير والهوش كماين البشر عندهم جواري,negative
الفلوس وسخ الدنيا هه كذبة تشبه وباء كورونا أكبر كارثة في حياة البشرية هيا الزواج و خاصة في تونس هو سجن مؤيد أو موت سريري,negative
الفم الابخر يلزم السواك الحار إلي الامام عبدلي ينعيشوا عيشة فل يا تمشي الناس الكل,negative
الفم الحارك و الزك البارك,negative
الف مبروك العاقبه لينا شكر اتصلات تونس على عروضك الممتازا,positive
الف مبروك ضهرتوا في الحوار,positive
الف مبروك على الاستاذ بطل قيس السعيدي ألف مبروك لتونس,positive
الف مبروك ل خريجين الثانوية العامة نصيحة انتبهوا,positive
الفن التونسي راقي جدا وموسيقى جميلة,positive
الفن الرفيع و الذوق السليم و الثقافة العميقة لها رجالها ومناصريها أما التهريج فإلى الزوال وعجبي ليس من لطفي المهرج وإنما من يدافع عنه بحجة احترام حرية التعبير,positive
الفن السوقي,negative
الفنان وليد التونسي راجل و سيد الرجال الرجولية عندها ناسها يرحم الأم إلي رباتك,positive
الفن بكلو مريض,negative
الفن ثقافة راقية للعقول الراقية مع التوفيق و النجاح,positive
الفن ما هلكتو كان انت,negative
الفهرس اغنى مافي الكتاب وكأنه ملخص اعجبت بكثير من الأفكار بغض النظر من تكرار بعضها في أكثر من موضع,positive
الفهري ولد فاامييليا خرج في لخر قداام سوسن خراا,negative
الفوضى هو عنوان حزبها,negative
الفيديوا جاب views اكثر من الغناية,negative
الفيديو القادم سوف يحكي لنا على قلسونك أنت و كل أفراد عائلتك بداية بالإناث قبل و بعد الدوش,negative
الفيديو كامل بوس و اللبسة الله الله تنعتي روحك عريانة بصح في النهاية تهبلوا معا بعضاكم و بصحتكم التحويسة و انت حرة في تصرفاتك وبينك و بين مولاك,negative
الفيديو هذا تفرجت فيه برشا مرات الحاجة الوحيدة إلي بقيت مركز معاها هيا السيستام متبدلش المنظومة هيا بيدها لواه عملنا ثورة معاد عارف,negative
الفيريس يدخل للدار السلام عليكم made my day,positive
الفيل الفاكس,negative
الفيلم الوثائقي أحسن من الكتاب,positive
القابسي البهيم لمسخ إلي يستهزئ بسيده المرزوقي نقله راك امسط مل المساطة,negative
القاتل معروف من نص الكتاب مستمتعتش بالكتاب,negative
القادم أفضل إن شاء الله,positive
القاضى هذا مشكوك فيه فى تبييض التعذيب فى السجون,negative
القاضي هو الحاكم بعد الله و من يخاف الله و من يعدل فهو من الله,positive
القاضي يسبيو خاطر راجل,positive
القاعده معروفه لعنده لاكاس هو لماكل الآخر بولحيه ضحيه,negative
القانون القانون,positive
القانون فوق الجميع,positive
القانون فوق الجميع والمعني لقي جزاءه,positive
القانون فوق الجميع يملك قناة تونسنا ولا فرنسسنا,negative
القانون لا يطبق على الاحزاب القوية النهضة قلب تونس تحيا تونس ائتلاف الكرامة الدستورى الحر التيار القانون لا يطبق ابدا على كمال اللطيف كمال اللطيف اقوى من الدولة و من تونس كاملة القانون لا يطبق على قيادات الاتحاد ثراء فاحش لقيادات الاتحاد حتى بعد الثورة القانون لا يطبق على المحامين و القضاة الفاسدين القانون لا يطبق على المصحات الخاصة القانون لا يطبق فى ميناء رادس القانون لا يطبق فى مطارات تونس,negative
القانون يتطبق عل الناس الكل و كان هما إلي غلطوا معاها قبل اتو القضاء ينصفها,positive
القحب,negative
القدية اكبر مشروع في العالم تأكدت أن صوتنا لا يصل,negative
القذارة تدافع على القذارة,negative
القراية max أسبوع و بعد ارجع كمل العطلة هه العمومية و مع الايطار التربوي في حد ذاته إمكانيات الدولة قليلة و ضعيفة جدا أنا كمربي و من وجهة نظري الشخصية الدولة كان الأجدر بها قبل أن تأجل العودة المدرسية أولا و من ثم تحل مشكل مصنع الورق في المقصرين المغلق قبل أن تسعى إلى دفع عجلة الاقتصاد على حساب المواطن التونسي الزوالي و على حساب المعلم و التلميذ و ديمة مصلحة التلميذ الصحية و النفسية قبل كل شيء,negative
القروى و آش مدخلو في الحكومة,negative
القروي اش دخلو,negative
القروي الحزب الثاني في تونس,positive
القروي تفكيري محدود جدا لامجال للمقانة ولو واحد با المئة قيس السعيد لن تمل منه ابدا بحر من العلوم ماشاء الله مبروك عليك تونس,positive
القروي شرير ولد b b,negative
القروي غير محترم وليسى مؤدب على حسب لفظه استهزاء بالشعب وال القيس,negative
القروي ليس مقتنع بما يقول,negative
القروي مثل السيسي,negative
القروي نفس صوت زبير بيه,negative
القروي و الطبوبي الفساد,negative
القروي يبان ضايع تايه مش عارف وش يقول هه سحقه قيس سعيد سحق,negative
القروي يبغا التطبيع بس خاف من الأسد قيس قال أوافق على قرار تجريم التطبيع وهو ينتفض,negative
القروي يليق بكم,positive
القصاص الإعدام و ليذهب اعلام الفاحشة الى الجحيم,negative
القصة يعيبها النهاية العنيفه الاحداث الغير المترابطة على امتداد الرواية فجاه تغير مسار القصه تماما ربما كانت القصه تحتاج تمهيدا اكثر للاحداث الاخيره بالتاكيد ليست فى مستوي ثلاثية غرناطة,negative
القصه الكلها فيلم زعما زعما راهي العباد كيف كيف ولا فرق بين زوجة الرئيس و زوجة مواطن عادي,negative
القصه تندرج تحت قصص البنات مكتوبه بلهجه عاميه وبتحكي قصه قد تكون موجوده في ارض الواقع من وجهة نظري الكاتبه عندها اتجاه ديني حابه انها توصلو للقراء خاصه ان الخلاصه للقصه هي يافتاه احتشمي تحجبي والافضل ان لبستي الاسود وتنقبتي ولا تصافحي ولا تتحدثي مع الشباب لان الحب الحقيقي يأتي بعد الزواج واي حب غير ذلك خطيئه سيعاقب الله مرتكبها ونست ان الله غفور رحيم القصه تنفع للمراهقات لكن كوني فتاه ناضجه لاتجذبني هذه النوعيه خصوصا انها ترسخ المفهوم العام اللي بيسمح للشاب التلاعب على هواه ونراها خلال القصه تبحث له عن المبررات في حين انها ايضا تبحث عن المبررات للفتاه ولكن مبررات غير مقنعه من وجهة نظري الشاب القذر فقط هو من يختبر الفتاه بطريقه اللمس لان الانسان سوي الفطره الصادق لا يتعامل مع فتاته بهذه الطريقه والاهم من وجهة نظري الحب الصادق قبل الزواج سيباركه الله بعد الزواج وطالما ان الكاتبه تلجأ الى سرد الاحاديث النبويه رسولنا عليه افضل الصلاه والسلام قال لا ارى للمتحابين خيرا من النكاح بمعنى ان رسولنا الكريم لم ينكر الحب ولم يصوره كخطيئه,negative
القصه جيده لكن مستوي الحوار الألفاظ متدني الي أقصي حد لدرجه الصدمه,negative
القصه غامضه بالنسبه للعم كله كلامه معقول و مقبول أما صبري حتى انت نفس شيء معقول و مقبول الغلط من الجد المفروض كاتب رزقه لاولاده,positive
القصه فى مجملها جيده ولو ان بعض الاحداث تحتاح لاعاده صياغه لتكون اكثر ايضاحا وتشويقا,positive
القصه مضمونها مش جديد لكن طريقه السرد حلوه طبعا,negative
القضاء حتي ينفذ الاحكام ضد إلي شاكيين بيها اك نواب متاع الاخوان في المجلس و اكثريتهم عندهم احكام بالسجن غير منفذة,negative
القضية الحقيقية لكل تونسي وطني هيا القضية التونسية بالاخص في الوقت الصعيب هذا,positive
القطوس كيف ملحقش الشحما قال آخيه مخيبها,negative
القفاف جملى,negative
القلب يوجع و اللحم يقشعر شنوا هذا الله الله عليك يا بلادي راك ماضية بشعبك,positive
القناة مزالت ادجيب في الماسط كريم و الجبري المازني تفووه عليكم,negative
القهاوي والجوامع تسكر والمدارس تقراي,negative
القهوه ب عشرين ألف مشبعتوش,negative
القوة الربي كل مرة أمسط ماللي قبلها تي برا روح,negative
القيروان بلاد الصحابة وجامع عقبة ولت هك من تخلف الفكري والتصحر الديني الموجود خاصة في أطرافها و في ضواحيها ستين سنة من غياب الوعز الديني و الفقر الشديد أنتج بشر بلا ضمير ولا أخلاق ولا حتى طرف إنسانية في قلوبهم,negative
القيروان سباقة في جميع مجالات الكوارث,negative
القيروان لازم يعمللوها كيما قال خونا يبيشوها و يزرعوها دلاع و المواطنين يفرقوهم على باقي الولايات,negative
القيروان هيا رابع أهم مدينة إسلامية في العالم بعد مكة و المدينة و القدس الشريف يا ناس فيقول راهوا العذاب جاي,negative
الكاتب اسلوبه حلو الروايه ضعيفه وغير واقعيه بالمره,negative
الكاتب يحلل شخصية اللامنتمي ويعتمد في ذلك على عدد كبير من الاعمال الادبيه اعتبرت الكتاب مرجع للكتب حيث انه يعطي نبذه عن كل كتاب وشخصياته واحداثه اثناء تحليله لشخصيه اللامنتمي اما تحليله للامنتمي قد اشعرني بالملل,negative
الكارثة متاع الرادسة متاع امك يا بهيم يا جااهل,negative
الكارثة هو انك منعت من الكارثة في بداياتك,negative
الكاميرات الخفيه اليبيه الكاميرا التونسية اجمل مافي حياتي ويستحقون التكريم من قبل قنوات الدول العربيه يجب أن يكرمون من قبل ااشعوب العربيه رحيم من العراق,positive
الكبده هه,negative
الكبير ديما يقعد كبير يا فوزي عندك ذوق في كل شيء أما لا زمك توسع بالك على خاطر موش انت إخترت ضيوفك زينة ناقصها كان تولي تطلب,positive
الكبير كبير صديقي ثلاثة,positive
الكبير كبير,positive
الكبير كبير يا بابا,positive
الكتاب اسمه البوصلة القرانية ولكن اغلب الكتاب كان لا علاقة له بموضوع الكتاب حيث انه خصص جزء كبير من كتابه للف والدوران حول موضوع واحد وهو ما كان يهاجمه شخصيا من خلال الكتاب فعلا من اسوء ملفات الدكتور,negative
الكتاب الأول كان أحسن بكتير فرق شاسع,negative
الكتاب الاسطورة,positive
الكتاب بدأ بداية جيدة جدا بعدين قلب مدح في الذات شرشحة للآخرين كنت ناوي أكمل الثلاثية بس كويس اني مشترتش الكتابين التانيين,negative
الكتاب بسيط يطرح الموضوع بشكل بسيط جدا وخفيف بدون الدخول في عمق الموضوع في بعض الفصول كان التناول سطحيا جدا ولا يحتوي على اضافة استخدام الامثلة قرب الموضوع وبسطه اكثر خاصة باستخدامه اللهجة العامية,negative
الكتاب بيسرد بدرجة عالية من الرشاقة الخفة,positive
الكتاب بيندرج تحت مسمى الأدب الهزلي شئ طبيعي يكزن مضمونو ساخر والكتاب يلي يسخر منو انا قرأتو من زمان كتاب الرجال من المريخ مالنساء من الزهرة ما موجه لمجتمعنا لحتى قارن هذا الكتاب بالتاني الكاتب ايهاب معوض ذكر مواضيع موجودة بمجتمهنا ما ضروري يكون بكل منزل بس موجودة ولا يمكن انكارها كتاب الرجال من المريخ والنساء من الزهرة جعلني اعيش بكوكب عطارد كتاب الرجال من بولاق والنساء من اول فيصل ذكر واقع بطريقة ساخرة واهذا يلي خلى معضم القراء يكرهو الفكرة,positive
الكتاب تناول عمر العدل عمر الفكر عمر الحضاري اتكلم عن سيره سيدنا عمر بطريقه مختلفه تمام عما عهدناه من كتب السيره مجرد حكاوي او تاريخ حكى لا كان بيتكلم عن عمر رضي الله عنه كيف فهم الدين والرساله وكيف لازم نسترد فهم عمر ونسترد كل ما ضاع وكل ما ضيعناه كتاب رائع بكل ما تحمله الكلمه من معنى كنت ابغى اكتب ابرز المواضع اللي اثرت فيا لكن فعلا ما قدرت احدد الكتاب كله مثر مو بس مثر الكتاب حيخليك تعيد النظر في حياتك في افعالك وكل شي من حولك,positive
الكتاب جميل بشكل عام بالنسبة لي لاني قرات الكثير من الكتب المشابهة او كتب لكريم الشاذلي فكان الاسلوب جدا قريب وما اضاف معلومات او افكار كتيرة لديا عجبني استشهاده باحاديث وقصص عربية واسلامية واستمتعت بالنصف الثاني من الكتاب اكتر من الاول انصح بقرائته للاشخاص اللي ما قرأوا لكريم الشاذلي من قبل او الاشخاص الجدد على كتب التنمية البشرية تطوير الذات,negative
الكتاب جيد لكن ماهو بالمستوى الي كنت متوقعه الكاتب تكلم كثيرا عن الديانات وربطها بالاسلام نعلم ان الاسلام دين عظيم وهذا امر مفروغ منه لكن بالفصل العاشر بالكتاب ربطه بالعلم والنظريات الموجوده كنت اتمنى من الكاتب على الاقل يفصل اكثر بالعلم وانها نظريات بعضها مثبته وبعضها علماء كبار بالفيزياء يمنوا بها بغض النظر عن الديانه لم استمتع بكل فصول الكتاب,negative
الكتاب جيد ولكن فكره الصور لم تناسبنى كثيرا بها ابداع وكسر لملل القرائه ولكنها جعلت منه كتابا للاطفال او على الاقل ليس كتابا نمطيا بالمعنى المتعارف عليه اشكر طارق على شجاعته فى تقديم الفكره,negative
الكتاب زي ما ناس كتير قالوا خفيف عجبني إلى حد ما بس في بعض الأجزاء حسيت بالتكرار الملل الاستخفاف لكن كمجمل هو كتاب لطيف,negative
الكتاب شهادة مهمة عن مرحلة نشيطة من الحركة الطلابية الحركة الإسلامية بصدق صراحة شجاعة الاعتراف بسذاجة تطرف بعض الأفكار حينها,positive
الكتاب عبارة عن حوار داخلي يجريه الملف مع أساطين علماء الطب والفيزياء والأحياء التطورية والفلسفة وعلم النفس نقل فيه خلاصة أفكارهم باسلوب روائي يمزج بين الخيال والحقيقة العلمية أغلب الكتاب ملفت للنظر لكن لفت إنتباهي معلومات مثيرة ذكرها الملف تحدث راماشاندران عن خلل عضوي يثر على وعينا فهناك متلازمات مرضية تنشأ نتيجة تلف الدوائر العصبية المخية الموصلة بين مراكز تعرفنلعلى أنفسنا وعلى الآخرين وبين مراكز العاطفة مما يدي إلى إضطرابات في الوعي عندنا متلازمة كابجرا يعتقد أن والده مدعى وأنه شخص آخر يشبه والده متلازمة كوتارد يفقد تعاطفة اتجاه نفسه ويشعر انه محارة فارغة أو أنه مات وصار جثة وقد حاول عدد من هلاء المرضى الإنتحار متلازمة فريجولي يخبرنا المصاب أن كل الآخرين يشبهون فلان الذي يحبه أو يكرهه ويشعر اتجاههم بنفس ما يشعر به اتجاهه وقد يكتسب كل ما يحيط بهذا الشخص معان أعمق فيحس بالتسامي والتوحد مع شيء خالد فيستشعر مثلا أنه متوحد مع الإله متلازمة كوفاد يشعر الزوج بأعراض الحمل كانتفاخ البطن والغثيان مشاركة منه لزوجته الحامل متلازمة المخ المنقسم أصيبت ألس بجلطة في الشريان المغذي للجسم الجاسئ الذي يصل نصفي الدماغ ببعضهما فكانت تمد يدها اليسرى لعنقها وتحاول خنق نفسها ثم تمد يدها اليمنى لتنزع اليد اليسرى فكان التفسير أن المراكز الشعورية في نصف المخ الأيمن تعاني من الإكتئاب والرغبة في الإنتحار فتدفع اليد اليسرى للقيام بهذه المهمة يعتقد بروس ليبتون مسس علم البيولوجيا الجديدة للخلية أن النواة قد لا تكون هي دماغ الخلية بل مثلها مثل الخصيتين تستخدم للتكاثر فحين انتزعت من الخلية ظلت تعمل بدون نواتها لمدة شهرين بابتلاع الطعام والتنفس والهضم والإخراج قد يكون مخ الخلية هو الغشاء الذي يحمل المستقبلات والذي يحميها من الخارج والذي في حالة فساده تموت الخلية فورا كذلك ثبت أن للطاقة الكهرومغناطيسية كفاءة أكبر من الوسائل الكيميائية مرة في نقل المعلومات إلى مختلف أجزاء الخلية مما يفتح الباب لإستخدام هذه الطاقة للتدخل في وظائف الخلية مستقبلا بشكل أكبر حيث مازال استخدامها محدودا في الصدمات الكهربائية لعلاج الصرع مثلا لفت انتباهي تحمس الملف لمبدأ التطور الموجه الذي تبناه والاس في مقابل التطور العشوائي الذي تبناه داروين وهو بذلك ينابذ نظرية الخلق المباشر التقليدية والتي يقول بها أغلب علماء الأديان السماوية اعتقد أن نظرية التطور ستتغلب على نظرية الخلق في ثراثنا على ما فيها من عيوب وأخطاء لأنها ربما تكون في الوقت الحاضر الأكثر علمية ومنطقية في أغلب الأوساط العلمية,positive
الكتاب عبارة عن فخ ان الفخ الأول هو ما أوقعنا به الكاتب والناشر من ناحية تسويقيه بعنوان الكتاب وغلافه فيتوه القاريء أن الرواية تتناول جرح عربي جدير بالقراءة وجاء الواقع مغايرا مخالفا للطموحات الفخ الثاني نصبته الكاتبة لنفسها فالجزء الأكبر من الكتاب لا يعدوا كونه مجموعة خواطر شاعرية عن ترسبات قصة حب مبهمه آلت للخيبة وتركت كسرا لا يجبر تفتقر المذكرات لعنصر التشويق والإطالة الغير مبررة وافتقار الأحداث للتسلسل لبناء درامي واضح المعالم وعمق ببناء الشخصيات الروائية نجمتان وكفى,negative
الكتاب عبارة عن مسرحيتين شهرزاد التي كتبت باللغه العربية الفصحى والزمار التي كتبت باللغه العاميه ثالث تجربة مع الحكيم ولكن هذا الكتاب لم يكن مميز الأسلوب عادي اللغه جيده القصه جيده واجهت بعض الصعوبة في فهم اللغه العاميه في مسرحية الزمار ولكن بشكل عام المسرحية عادية,negative
الكتاب عباره عن هراء غير مرتب ينقصه كتاب اخر حتى تتضح الفكره ويصلنا ماذا يريد الكاتب لم تلمسنى اى كلمه فى الكتاب الا اول كلمه افتتح بها الكاتب كتابه لكل منا كو نحو الله تنفتح إن اغتم وتت سع رحابتها إن اشتد عليه الغم اعطيه نجمه لتلك المقوله فقط,negative
الكتاب غير المسلسل فرق كبير,positive
الكتاب فقير للأسف لم يعجبني ليت الملف رحمه الله حرص على دراسة عدد أقل لاستخلاص الدروس والعبر لكن المادة التاريخية طغت وحرص الملف على جمع عدد كبير أضاع الفائدة,negative
الكتاب فلسفي بحت يعني طول الكتاب انت بين فكرتين يا ام سل تسلم وآمن بلا جدال يا ام قبول التحدي وديننا دين عقل يأمر بالتفكير ولا يحظر إعمال العقل إلا في منطقة واحدة وهي الذات الإلهية بس انا مش مبسوطة,negative
الكتاب في خلاصته اكد على ان عالمنا اليوم يعيش ثلاثة اختلالات اولها ثقافي يتصل بصراع الهويات حيث يتوقف طويلا عند العلاقة بين الشرق العرب تحديدا والغرب مستعيدا جدلية الصراع في تبدياته المختلفة وصولا الى احتلال العراق والبعد الاخلاقي السياسي الذي حكم تلك المعادلة الشائكة راصدا الحدث من جوانب مختلفة ومسلطا الضوء على تفاصيل حساسة انعسكت على النتائج التي رآها كارثية بحكم اختلال النظرة المسبقة عند الغرب والاميركان تحديدا وسوء ادارتهم للامر وما ترتب عليه من كوارث دمرت الدولة والشعب واصفا الديمقراطية الاميركية في العراق بـ الهدية المسمومة ويقصد تكريس الطائفية التي يراها خزيا وعارا ومثبتا موقفا جديرا بالاحترام الاختلال الثاني اقتصاديا ويعالجه في اطار نظرة عميقة لا توفر المنهجين معا واقصد الشيوعي الاشتراكي والراسمالي فعدم العدالة في توزيع الثروات في العالم الراسمالي وخطل التجربة الاقتصادية في النظام الاشتراكي اوجد حالة من عدم التوازن وما جرته من استتباعات خلقت ارباكا في العلاقة بين بني البشر ولعله يريد القول ان هذه هي جوهر المشكلة في الخلافات التي تعصف بعلاقات الدول وتعصف بالدول في الداخل وان تسترت تحت واجهات متعددة ليس اقلها النزاعات ذات الطابع العرقي والطائفي فالدول الفقيرة تغدو مفارخ لحركات التطرف والنزعات الشاذة المسألة الثالثة او الاختلال الثالث هو الاحتباس الحراري الذي يتهدد مصير البشرية لكن من يا ترى يسمع وقد أصبحنا على مشارف الخطر في كل شيء اختلال العالم صرخة قوية وعاقلة في زمن لا يزال للاسف مجنونا ولعل معلوف يدرك هذا وهذا ايضا هو ما دفعه ليطلق صرخته التي بدأها بمقولة وليامز التي تستبطن مقولة ان العالم المزدحم بالسلاح النووي والمنفلت صناعيا من دون احترام البيئة وهو المدرك لكل هذه المخاطر عليه ان يفني نفسه او يوقف عاداته او العادات التي اتى عليها امين معلوف بكتابه هذا الذي اربكني بقدر ما اسعدني,positive
الكتاب فيه الكثيير من التفاصيل والاسهاب بوصف عالم أوقانيا مما يدعو للملل ونهايته رغم انها غير متتوقعة وان وفيها توضيح عن كيف يقوم الدكتاتورين بتحطيم نفوس اعدائهم وجعلهم مهزومين من الداخل بحيث لا تقوم لهم قائمة ابدا بعدها بشكل جميل جدا الا انها ايضا تحوي الكثير من التفاصيل التي لا فائدة منها اما الكتاب فيحوي على شرح لنظم سياسية ولطرق الدكتاتورية بالسيطرة على الشعوب وتحويلها الى شعوب بروليتاريا تنصاع لها كالعبيد وهو شرح جميل جدا وذكي خاصة عندما يشرح فكرة التفكير المزدوج,negative
الكتاب كان رائع اعجبني فكرة مضمونا كما توقع الكاتب ان يكون هذا الكتاب صرخة في الوطن العربي قي رواد المثقفين طبعا الا ان صداها لايزال الى عامنا هذا انصح كل من نيوي قراءة هذا الكتاب ان يأخذه على شكل جرعات بسيطة فهو يستحق التأمل والتفكير فيه مادة دسمة لعقل والروح يغير بعض المفاهيم التي اعتدنا عليها هو قائم على اساس البحث العلمي لا على الخرافات بل هو في الفصل الخامس الاخير يحاول الدكتور تفسير اعمال المتصوفة بدليل العلمي انه متعه علمية رائعه تستحق اكثر من قراءة واحده,positive
الكتاب كان مليئا بالرمزيه وصعب المنال والفهم على القارئ العادي كان هناك بعد النصوص الجميلة والواضحة وذات المعاني والفلسفة القيمه كيد التمثال وإن اردنا وفي صحبة الأشياء ولكن معظم النصوص الاخرى كنت سرياليه جدا كلا انتبه وعال هو الجبل وأعلى وأبعد بالمختصر الكتاب قد يكون نخبوي في معظمه وإن كان إحتوى على بعد النصوص القيمه,negative
الكتاب لا باس به اعطيته نجمتين فقط الغلاف رائع لكن للكتاب عيوب اهمها هي اللغه فاللغه تكاد تكون معدومه تقرا الكتاب كانك تقرا رسائل دردشه كما لم يعجبني عدم الواقعيه في بعض تصرفات الشخصيات والمثاليه الزائده عن الحد في بطل الروايه كما ان النهايه تقليديه جدا وليس بالروايه الكثير من المفاجئات,negative
الكتاب للأسف من أسوأ الكتب التي قرأتها شخصيات سطحية ابتذال في الأحداث الخير في قمة الخير الشر في قمة الشر الخير يصبح شريرا الشرير يصبح خيرا في جملتين سفك دماء من أول الكتاب لآخره من غير أي معنى نصحني بقرائته مجموعه من الأشخاص الفكرة شدتني فكرة آخر عهد الجن قبل البشر لكن منذ أن بدأت بالكتاب لاحظت الكتاب ليس فيه ذرة خيال فوصف الجن كأنهم بشر يموتون كما نموت تركيبتهم مثلنا كالبشر لأن الكاتب فشل في وضع أي وصف لهم غير الصورة المبتذله في غلاف الكتاب ربما الفرق الوحيد أنهم أشد غباء من البشر نتيجة سفك الدماء الحروب العشوائية مما أدى أنني ازدت غباء لمجرد قرائتي لها,negative
الكتاب لماذا اسلمت انه ميعاد اخر مع رحلة زمنية في واحد من افضل العقول الفلسفية روجيه جارودي رائد المرونة الفكرية والفلسفية الرجل الذي بدأ رحلته من الصفر لوالدين ملحدين ثم اصبح بروتستانتيا ثم مرحلة الشيوعية والمادية الديالكتية ثم نقد وتفنيد الشيوعية وصياغه والدخول في مرحلة اشتراكية التسيير الذاتي مخالفا وناقضا لماركس ولينين ومنحازا قليلا لانجلز وفي كل تلك المراحل لم يفقد الرجل ايمانه بالله فحين كان عضوا في اللجنه المركزيةفي الحزب الشيوعي الفرنسي كان رئيسا للجمعية الشبان المسيحيين البروتستانتية ثم دخوله في نظري لمرحلة النضج الحضاري حيث بدأ ينادي بعدم مركزية الحقيقة فالغرب هم الصواب في الثورة الصناعية ثم في انتشار الرأسماليه ثم الشيوعية دوما الغرب في نظرهم في هذا الوقت هم محركي العجلة الحضارية والتي اشار لها بالبعد الواحد في الحوار الحضاري او سماه منتقدا المونولوج الغربي والذي يقوم على وهم وعقدة التفوق الغربي حيث الراسمالية نتيجه للثورة الصناعية والشيوعية وانتشارها كرد فعل لفشل السياسات الراسمالية بعد الازمة العالمية بدأ الرجل ينادي بوجود اطراف حضارية اخرى في الهند وحضارتها وفي مصر والاسلام الحضاري وهنا الف احدى روائعه وهو كتاب حوار الحضارات والذي انطلق فيه من ان الغرب عرض حضاري وان عصر النهضة قد هدم حضارات اسمى من حضارة الغرب باعتبار علاقة الانسان فيها بالطبيعة وبالمجتمع وبالالهي بدل ان يكون الغرب ذروة النزعة الانسانية واسترسل فيه ذم الجانب المادي حتى انه وصفها بالحضارة المهلة للانتحار وذكر اسبابه وتلك ما نشير نحن اليه كثيرا بالخواء الايماني لدى الغرب وكيف انها حضارة مادية لا للروح فيها مكان وان كان ذلك تغير قليلا بعد ذلك والرجل دعى الى المشروع الكوني والى التبادل الحضاري ورأي ان انفتاح الغرب على الحضارات الشرقية يغطي الجانب المفقود لديها كما ان التبادل الحضاري يصب في مصلحة اسيا وافريقيا ودول الشرق قاصدا التقدم التكنولوجي واشار الى انه اذا اردنا النجاة حضاريا فلا بد من تنمية الانسان لا تنمية المادة وتنمية الانسان تستلزم احياء التراث الروحي لكل الحضارات السابقة على الحضارة الاوروبية والممهدة لها مما يعني حتمية حوار الحضارات ونادى بالحلف الثالث الحلف الاول هو ميثاق يهوه مع الشعب اليهودي والحلف الثاني هو بعثة المسيح والتخلي عن فكرة الشعب المختار واردف ان ما يميز الحلف الثالث هو الحوار الذي يعرف فيه كل طرف كيف ينفتح على حقيقة الاخر دون ان ينحل اليها اي اخصاب متبادل بين حكمة وثورات اسيا الاسلام افريقيا وامريكااللاتينية وبين ما يماثلها في الغرب ان الحلف الثالث هو الايمان الذي يعثر من جديد على جذوره في صميم الشعوب هذا كله قبل ان يصل لمرساه الاخير في تلك الرحلة الفكرية المضطربة والى ذروة بحثه النهائي وهو الاسلام ففي عام اصدر الرجل كتابه وعود الاسلام او ما يعد به الاسلام ورأى فيه حلولا لمشاكل الانسان والحضارة الذي يجعل من الاسلام الاختيار الوحيد امام البشرية للخروج من المأذق والنجاة من الهلاك الحضاري المحقق هذا طبعا قبل ظهور القاعدة واخواتها والرجل دأب يوضح اسبابه للانتقال الى الاسلام واشار لثلاث اسباب رئيسية بخصوص قدم الرسالة واصولها الابراهيمية وكذلك بخصوص الغايات والبحث فيها لدى الاسلام والحكمة والوحي حيث اشار حينها لذلك بكلمة جامعه بالغه وهي الايمان عقل بلا حدود فجعل الايمان بالتوحيد ذروة العقل ومنتهاه والسبب الثالث هو الاسلام والعقيده والسياسة وما بينهم وذلك كان في لقاء مع جريدة لوموند والذي اختتمه بقوله هذا هو معنى اختيار عقيدة التوحيد وهو في نفس الوقت علم اخلاق العمل ويشير الرجل في وعود الاسلام وتلك المرحله الفكرية له الى جوهر الاسلام وروحه انفتاح الاسلام وتسامحه ورد زعم انتشاره بالسيف ثم وحدانية الاله وتعاليه وكرجل عاش ماديا كثيرا لا بد وان ينتبه ويعجب بالصوفية الاسلامية وسماها ملحمة الايمان وكذلك عقيدة وسياسة الاسلام ثم تطرق الفيلسوف المسلم في تلك المرحله وهذا الكتاب الى الكثير من التفوق الحضاري للاسلام وذكر الامثلة التاريخية وكل شئ من هذا القبيل كتاب رائع ورحلة عقليه ممتعة وبداية جيدة لدراسه نمط من انماط التفكير لدى نموذج غربي مخلص يريد الخير للبشرية وليست عنده عقدةالتفوق المعهودة,positive
الكتاب مجموعه من المقالات المترابطه التى تتحدث عن موضوعات تاريخيه اغلبها عن التاريخ الاسلامى دائما ما نسمع ان التاريخ هو من الغنائم التى يغنمها دائما المنتصرون فنرى ان المنتصر يكتب التاريخ الذى يجعله بطلا مغوارا فاتحا عظيما تناول الكتاب لكثير من الشخصيات المواضيع التاريخيه الشائكه من وجهه النظر المحايده فأعطى ما لها ما عليها الكتاب ينصح به للقارئ المبتدئ فى التاريخ,positive
الكتاب مقسوم إلى شقين الاول عن غاندي الاخر عن رحلة التأمل اعجبني الجزء الثاني اكثر من الاول ربما لواقعيته لاستشعاره للحاجه الى الخلوه,negative
الكتاب ممتع يسرد القصص ببضع جمل بسيط يصلح للقراءه السريعة ولهاوي القراءة يقفز بك من واقع إلى واقع قد يكون ممتع ومله حب ام يحزنك على انفطار قلب وخيانه بالتوفيق لأسرار,positive
الكتاب من اوله ما يشجعش ابدا انك تكمله حسيت بملل في معظم اجزاء الكتاب اكتر جزء عجبني أن تنسي وبعض الأجزاء الاخري في اخر الكتاب,negative
الكتاب يتكلم عن تأثر الإقتصاد كعلم إنساني بعوامل ليس لها علاقة بالعلم وإنما مبنية على قناعات شخصية للإقتصاديين القدماء على الرغم من أن الكاتب يرى أن أغلب العلوم سواء كانت طبيعية أو إنسانية تتأثر بالقناعات الشخصية للعلماء إلا أنه لا يقدم أي دليل على تأثر علم طبيعي حديث بقناعات شخصية لعالم الجزء الذي أعجبني في الكتاب هو الأفكار الإقتصادية نفسها أما مناقشة الكاتب لها فكانت على درجه كبيرة من السطحية والتكرار يبني الكاتب أكثر أفكاره على ما قرر علماء الإقتصاد إستبعاده من النقاش واعتباره خارج علم الإقتصاد ومتروك لعلوم أخرى للبحث يعود الكاتب أكتر من مرة للتذكير بأهمية البعد الإنساني للإقتصاد وبإستحالة قياس التكلفة والثمن عند دخول البعد الإنساني وأعتقد أن هذه طبيعه في كل العلوم الإنسانية يكد الكاتب في أكثر من موضع أن العديد من النظريات هي مجرد حقائق منطقية بديهية وليست نظريات علمية يمكن إثبات خطأها وبأن الكثير من من تلك النظريات يمكن إعادة صياغتها ولا تتأثر الحقيقة العلمية لأنها مجرد كلام بديهي ينطبق على أي شيء في رأيي أن هذا أيضا جزء من طبيعة العلوم الإنسانية الكتاب يفتقد لأي إثباتات رقمية وهو مبني بشكل أساسي على مناقشات فلسفية لا تستند لأي إثباتات رقمية أو دراسات لتطبيقات على الأرض,negative
الكتاب يحكي السيره الذاتيه لمليكه اوفقير بنت الجينرال اوفقير اللي قاد انقلاب فاشل على ملك المغرب الحسن الثاني وبسببه سجنوا عائلته سنه ماتوقعت انهيه بهالسرعه الكتاب ممتع خصوصا انه يحكي التفاصيل الدقيقة لحياه العائله الملكيه المغربيه وحياه الطبقات الغنيه وانا عندي فضول من اول عن حياه الناس في المغرب العربي وعاداتهم الشيء اللي طلعت فيه من الكتاب ان الصبر والايمان تقدر تهزم اي شيء حتى لو كانت سنه سجنفي ظروف بائسه جميله وانصح بقرائته,positive
الكتاب يحكي قصة حقيقة حدثت في الأردن لسائحة نيوزلندية تزورالأردن مع صديقتها وهناك تتحرك مشاعرها إتجاه أحد بدو البتراء لينتهي بها المطاف لتكون زوجته وأم لأطفاله حكاية مثيرة فعلا كيف لفتاة تعيش حياتها تعيش مع البدو حياتهم البسيطة البدائية كما نراهم في المسلسلات البدوية لغة الكتاب عربية فصحى مع كلمات بدوية للهجة الأردنية وما ساعدني على فهمها اني كنت في طفولتي مشاهدة جيدة للمسلسلات البدوية الكتاب يصف الحياة كما شاهدناها في المسلسلات وكنت قد اعتقدت انها ليست واقعية في طفولتي قد يصعب على القارئ تخيل أناس عاشوا في كهوف لكني شاهدت فيلما وثائقيا في أحدى القنوات الأجنبية لحياة البدو في كهوف البتراء وذلك قبل شهر تقريبا من قراءة الكتاب مما سهل تصوري لحياتهم وجعل خيالي يسرح ويمرح الكتاب فيه بعض الأخطاء الإملائية وفيه بالنسبة لي بعض الكلمات الغير مفهومة لكنه بوجه عام مفهوم وكتاب خفيف وممتع أنصح بقرائته وخصوصا لمحبي السفر,positive
الكتاب يحوى نفائس ودرر قرأت فيه سورة البقرة كما لم أقرأها من قبل من الكتب التى تزيل الشك وتزيد اليقين ناهيك عن أسلوب الشيخ وبلاغته إن أطال الله العمر فلن يكون أخر ما أقرأه للشيخ دراز بإذن الله,positive
الكتاب يرسم حاله الاسلامين قبل الثوره لمن انضموا لها قريبا مثلي قد لايكون عميقا الا انه يضعك في الصوره وهو منصف ايضا,positive
الكتاب يعرض تجربه شخصيه لكاتب استطاع خساره كجم من وزنه عن طريق عرض المواقف المحرجه التى تعرض لها عندما كان سمين بأسلوب يدعو الى السخريه لكن عندى من الفضول ان اعرف كيف استطاع خساره هذا الوزن فهو لم يذكر كيف تحجج انه ليس خبير تغذيه ليكتب كتاب موضوعه كيف تخسر الوزن الزائد لكن كان بالاحرى ان يذكر تجربته اليته المستخدمه فى خساره الوزن من باب عرض التجربه كما عرض المواقف التى كان يواجهها فى النهايه الكتاب من الكتب الخفيفه,negative
الكتاب يعطيك فكره ممتازه عن علامات الساعة الصغرى والكبرى استنادا على ادلة لكني شعرت ان الكتاب كله عباره عن تجميع لأدلة من القرآن والسنة فقط,negative
الكتاب يناقش تاريخ القراءه على مر العصور مع التركيز على التاريخ المسيحي لم يجذب اهتمامي لتعمقه في ضرب الامثله من القرون الوسطى وهذا جعله ممل في كثيير الاجزاء من وجهه نظري,negative
الكتب اش نعملوا بها,negative
الكذاب و السارق,negative
الكذب و الرخس,negative
الكرزة يحب يبيع الشراب يعطوه رخصة و لوكال و قرض من البانكة يعاون بيه روحو و الزوالي كي يبيع نفس المنتوج يمشي للحبس لي يحب يعاقب يعاقب المواطنين الكل على حد سواء و القانون كيف كيف عالناس الكل,negative
الكرونيكور يبدو أن الوافى أتى به كمتفرج,negative
الكزدغلي فوور أنا امو امو امو هه تهبل,positive
الكزدغلي و الله معلم الكزدغلي جاكسون,positive
الكفان ما فيهش جيوب كلمة كاسحة إنشأالله تكون مفهومة,negative
الكلاسن يدافعو على بعضهم هه,negative
الكلام إلي اتكلمه إلي على الليمين,positive
الكلام الكلو زايد كان ما ربي يرحم هلبلاد,positive
الكلب اشرف منك يا راس البصل,negative
الكلب الارعن لعنه الله,negative
الكلب اوعر من مولاه,negative
الكلب عمرو ما يكون حيوان خطير قول العباد اخطر من الحيوانات أما كان جاو عاملين محميه ليهم و ماكلين راهم لباس أما باش يقتلوهم مش حل مقنع,negative
الكلب كلب زايد,negative
الكلب هذا أقسم برب العزة إلا ما ينتقم منو ربي أشد أنتقام وتذكروا كلامي فماش مرة ما حاربش فيها ربي والرسول الله لا ترحملو عظم آمين,negative
الكلب والعفرت,negative
الكلب يحب خانقو,negative
الكلب يعرف خوه,negative
الكلب ينبح على الطيارة,negative
الكل سوف ينام تحت التراب,negative
الكلكم طحانه,negative
الكلكم كيف كيف لا دين لا ملة,negative
الكلكم منافقين في البلاتوات تحكوا زعم على غلاء المعيشة و البطالة وانتم تضربو في الفلوس يا كلاب,negative
الكلمات,negative
الكل ماسطين,negative
الكلنا اولاد تونس يزي من الجهويات وخلي الناس تخدم على ارواحهم,positive
الكل نخرجو معادش فاها,negative
الكلها الشكارة و البحر الزور مناظر مقلبة تفووه,negative
الكلها تسرق في تونس معروفة وإلي يسرق يزيدو يشجعوه باش يزيد يسرق ولا محاسبة لا والو حالة مزرية,negative
الكلها سموم تدخل للبدن مخيرش من طبعي,negative
الكلها ولات ما تعرفوش منافقين,negative
الكلوشارة الحقيرة تقود في أذيالها نحو الهزيمة النكراء,negative
الكلوشارة الزغراطةالهارب المخلوع وحرازة ليلى الطرابلسي الحجامةالي ضربت المخلوع بكفن و هيا تاثير الخمر والمخدرات,negative
الكلو من الترجي و شيبوب و الرشوة متاع الترجي,negative
الكليب كلن ينجم يكون ما خير كان البنات لبسو لبسة تونسية متاع بنات موش دنقري و كان عملو tableau de dance مزيان مش الكل نفس الحركة,negative
الكل يحبك و سيبق يحبك يا اميرة كلنا نحبك عيون تبتسم و تنظر الى بعيد داالك البعيد سيقترب و يسعد حياتك رغم كل حال الله يسعدك و ينجحك في حياتك,positive
الكمال لا يطلب في الشدائد والواجب التمسك بالمنجيات فقد يكون التمسك بالكمال مهلك ففي البحر ينجي عمود الخشب و يغرق عمود الذهب,positive
الكنام أكبر سارقة وناهبة لأموال الشعب يتعاركو مع الأطباء و المواطن يخلص كل شيء من جيبو وما فماش استرجاع مصاريف وفوق هذا يقصو عادي من الشهرية ولاحياة لمن تنادي حسبنا الله ونعم الوكيل يعبو في الصندوق من عرق الشعب الزوالي يا سراق في عوض تهدد يلزم الشعب يعمل ثورة على السرقة متاعكم عيني عينك,negative
الكنام كي الكلب يأكل وينبح و طول عمرو يقعد هكة لايشبع ولا يفضل كالبهيم,negative
الكنام ميتمتعش بيها الزوالي معندوش الحق زعما شكون فلسها إن شاء الله تتحل مرة واحدة برشا منظمات في عوض باش تكون عون للشعب ولت عبئ على الدولة وشعبها,negative
الكنام هيا شركة مختصة في سرقة المواطن و لا تصدي اي خدمة اليه في المقابل اعوانها يتمتعون بمنح لا تحصى و لا تعد,negative
الكنام يتألم و لا يتكلم,negative
الكنام يندب,negative
الكنام يندد و يهدد و يخرا فيه  سكروا علينا الخربة كان حتى جى سرفيس يصلح,negative
الكورونا باش تهج من البلاد بعد ما تسمع هالخبر,negative
الكورونا تقتل والشر ما يقتلش تنجم تدبر راسك وتاكل,positive
الكورونا مكرزة تستنا في الصباح,negative
الكورونا و الديمقراطية الهدف فقط تم التلاعب بالفيروس صناعيا,negative
الكوميديا ماتواتيكش شد الدرامة و ربي معاك,negative
اللباس الامازيغي التقليدي هو لباس مشترك بين كل بلدان شمال افريقيا لاننا اصل واحد و ثقافة واحدة اخطيكم من التفاهات ماشي مشكل يلبسوا لبستنا و ماشي مشكل نلبسوا لبستهم في جربة تونس عندهم لباس يشبه اللباس القبائلي عادي اين المشكله,negative
اللباس الامازيغي حاضر لكن لو تموتوا لسنا امازيغ من كان لقبه كلمة عربية لها معنى في القاموس العربي لا ينسب نفسه للامازيغ يزي مالبهامة,negative
اللباس جزائري و إلي ما عجبوش الحال يروح يقود ماصح وجوهكم تسرقوا و زيد تحلوا في التوالات نتاعكم,positive
اللة يبارك كلام جميل برافو,positive
اللصوص والارهاب,negative
اللططف اللططف اللططف اللططف اللططف اللططف اللططف بممييممتي الموت سترا حسبنا الله ونعم الوكيل حسبنا الله ونعم الوكيل,negative
اللطف اللطف اللطف,negative
اللطف تقول حجر,negative
اللطف حطبة جهنمم هل عزوزة تخيير وسخ دنيا و فلوس و دار على بيت ربي مراه عزوزة و باقي مش اجع ربي يقديلها دار تموت و تخلها و عمره لي تغفرلها ذنوبها لا اللطف,negative
اللطف حيوان,negative
اللطف ربي يقدر الخير,negative
اللطف عليك أختي ربي ياخذلك حقك منهم,negative
اللطف عليك ربي يحنن عليك خلقه وربي إن شاء الله يفتحها في وجهك,positive
اللطف عليك ربي يعطيك ماتتمنا,negative
اللطف علينا ربي يستر,negative
اللطف علينا ربي يسترنا إن شاء الله,negative
اللطف ولاو يتاجرو بالبشر اللطف والله,negative
اللطف ولد حرام و جاب ولد حرام و باع ولدو,negative
اللطف يارب اللطف يارب,negative
اللطف يا ربي الهموم الجامدة كان التشؤوم هات حلول سي الخبير و إلا سكر جلغتك ناقصين أحنا اشكون ينكد علينا,negative
اللطف يا ربي توا السيد إلي يصب في الشبكات عادي هذا يحس مسلم شنوا هذا,negative
اللطف يا ربي حسبي الله هو نعم الوكيل,negative
اللطف يا ربي سبعة الطاف هذي علامات الاخرة,negative
اللطف يا ربي قلوبهم كحلة شنوا هذا يا ربي فكرتني بوحدة قرات معيا مسكينة ا من نفس البلاصة كانت تشكي من خواتها اش عملو فيها كيف هكة ربما الفقر هو إلي خليه العبد اولي خايب و قتسي هكا,negative
اللطف يا ربي,positive
اللطف ياربي,positive
اللطف يا ربي,negative
اللطف ياربي,negative
اللطف يا ربي ملا حيوانات,negative
اللطف يا صاحب اللطف,positive
اللطف ياصاحب اللطف,negative
اللطيف الخبير الحاكم الرؤوف الجبار الجليل السلام المجيد سبحان الله وبحمده سبحان الله العظيم,positive
اللعنة اللعنة اللعنة على ها الرهوط إلي ما يحشموش و الأغرب من هذا ماد وجهه وما يحشمش لا خير لا فيه ولا في إلي إستدعاه,negative
اللعنة على ال سعود و على اهل الخليج,negative
اللعنة يكرهوك في ريحة العرب الجهل مصيبة أف,negative
اللغه عاديه جدا الصور الش عريه به معدومه الروايه باكملها عباره عن كلام موجه لجمان والكلام الموجه ممل جدا شخصيه عبد العزيز تافهه جدا يمكن لان اثير تقمصت شخصيه رجل لكنها ما كدرت تتخلص من انوثتها وهي تتقمص الشخصيه الرجوليه لذلك شفت عزيز يبكي دائما ويهدد ببلع شريط الحبوب وهذي امور انثويه اكثر مما تكون رجوليه قرأت صفحه فقط لكن الروايه ما عجبتني كل الكلمات تتشابه بهذي ال صفحه وعنصر المفاجئه وشد القارئ غائبه تماما,negative
اللقطه حسيتها وكانها واقعيه من كثر ماابدعت مفيده فيها وحيده الدريدي ممثله عالميه,positive
اللكزة,negative
الله أرحم من أن يضع أمامك كل هذه الحواجز بلا أن يزرع بك القدرة على تجاوزها,positive
الله أكبر أنا لله و أنا اليه راجعون,positive
الله أكبر الله أكبر الله يرحمه,positive
الله أكبر جى المثقف باك ناقس عشرا,negative
الله أكبر عليك يا شطرة,negative
الله أكبر,positive
الله أكبر ملا فضايح يا لطيف ما عادش حشمة,negative
الله ؤباركلك,positive
الله إبارك فيه و في ذريتو ونعم المسؤل ربي إكثر من أمثالو,positive
الله ابارك ربي اعيشلك لاميمه اكون في عونك,positive
الله ابارك ظرب في الصميم هده هيا الرسالة الصحيحة من المرأة التونسية,positive
الله ابارك في الأم إلي جابت و الله يرحم الأب إلي ربا وكبر ماشاء الله و تبارك الله هذي شرف لي ولكل مواطن تونسي هذي إنسانة مميزة للأسف ماتشفهاش في حتى قناة تونسية للاسف إدارة الفايسبوك إدارة صهيونية,positive
الله ابارك فيك يااختاه,positive
الله ابارك قستوني في قلب,positive
الله ابارك لكل من ساهم في تنظيفها وزينتها,positive
الله احد عليه ماشاء الله ربي يحفظه ويعطيه ما يتمني,positive
الله احن من ان يرى قلبك متعلق بشئ ولا يعطيه لك فلا تيأس فقط اصبر,positive
الله اطول في عمرك ياامي عيشة معاك البركة ساعدوها المسكينة هيا أمنا نحن كدلك المغاربة,positive
الله اكبر الله ربي كبير,positive
الله اكبر على ها الزين,positive
الله اكبر عليك بسم الله ما شاء الله ربنا يحرسك وربنا يكثر من امثالك,positive
الله اكبر,positive
الله اكبر ياربي اهتمو بيه ربي يجازيكم بالخير ياربي,positive
الله العظيم طلع راجل,positive
الله الله الله الله الله راك لمعلم امبعتك تحرم,positive
الله الله الله يا معلم ملا مرا,positive
الله الله,positive
الله المستعان بالنسبة لمقدم الحلقة و الله انسان حلو لدرجة كبيرة أما ضيوف الحلقة و الله خسارة فيهم حتى التفة في وجوههم كنت صابى معاه ومتاثر بيه حتى قال مشيت للمشعوذين و الدجالين لا حول ولا قوة الا بالله هذا انيان كافر و العياذ بالله وما فصحه الله الى لعاره هذا عار لعنة الله على الكافرين كيفو كيف بنتو,negative
الله المستعان ربي معاك خويا ربي يفتح عليك,positive
الله المستعان ربي يحميك إن شاء الله,positive
الله المستعان ربي يحميه و يحفظه,positive
الله المستعان عندى استعداد عليا و على أعدائي داخله,negative
الله المستعان,negative
الله المستعان هناك مثل مغربي يقول الولد قال لأبوه وصي عليا عمي قاليه يا وليدي لمخفتيش من عمك ماتهف من حتى حد,negative
الله المستعان ويا ابني شوف شغل آخر وستمر حتى اتحقق ما تتمناه ولا شيء يااتي بي ساهل و الاهم لن تجعل الاحباط اسيتطر عليك و كل ناجح في الحياة لازم الكثير من الصبر وكون انت الأقوا و استمر ولكن بالحلال وتوكل على الله فهو حسبك ولن تيأس من رحمة الله وبتوفيق في كل أعمالك ابني و الله المستعان,positive
الله الموفق,positive
الله اوفقك يا سي سعيد من المغرب,positive
الله ايبارك فيك استاذ جعفر تحيه من ابن العراق الاء شعب تونس,positive
الله بحميك الله يباىك فيك ماشاء الله علبك ربي يحفضك,positive
الله رائعه,positive
الله صوت راائع للاسف من اجمل الاصوات الحلوة والمدهشة عنا في تونس لكن تلقي كعبتين بركا معروفين في الوسط الفني,positive
الله على كل ظالم ومستبد ومتكبر والى جهنم وبئس النصير ولا لعنه الله على الظالمين,negative
الله عليك,positive
الله عليكي و على صوتي لك صوتك بجنن,positive
الله عنيك كل شيء منك حلو,positive
الله غالب إن شاء الله إلي جاي خير,positive
الله غالب بعد ما رجعت في الشوط الثاني ومع بداية الشوط الثالث كنت أقرب للفوز خيرها في غيرها فخورين بك,positive
الله غالب سنو باش نعملولهم هذا امر الله,negative
الله غالب صاحبي هاكي هيا بلادنا,negative
الله غالب عباد معادش تعرف ربي صحة klay bbj صدق كيف قال مانيش ولد برقيبة و زعيم زعيمكم و حشاك بية أما تستاهل وخيتي يا راني راميه من بلاد الغربة,negative
الله غالب,positive
الله غالب كمشة طاحنة مخالين الكورة و يتفرجو في قحاب مفيدة,negative
الله غالب مااصطا ماعندهاش القبول,negative
الله غالب ما تعجبني في شيء,negative
الله غالب ما يحبوش الرجال يحن العبودية وسيدي حناني والزغراطةوالله و الله وحد,negative
الله غالب معناش بلدية تنظف في الظروف هذه,negative
الله فرج عليك ابنتي بسمة أنت ولدك وكنشكر اخوي جغفر احختكم من المغرب,negative
الله,positive
الله لا الله ونعم الوكيل فيكم,negative
الله لاايباركلكم يا طحاانه وربي يفضح ستركم,negative
الله لا ايرد,negative
الله لا تبااركلكم لا دنياا ولا اخررة بلاد طحاانة و سرااقتفوه على المخير فيكم يااكلاب,negative
الله لا تباركلك تلقاه في صحتك تاكل في عرق الناس,negative
الله لاتباركلك غرقتونا,negative
الله لا تباركلكم شطر العباد ماهيش باش ترجع أولادها تقرا براو امسحو بيه,negative
الله لا تباركلكم في ها الشهر الفضيل,negative
الله لا تباركلكم يا منضمات الدفاع عن حقوق الانسان,negative
الله لا تباركلك يا سامي الفهري يا رب يورينا فيك ايام سودا وتكون عبرة لغيرك إلي يفسدوا في الشعب و يولي كل شيء مباح,negative
الله لا تباركلهم حسبي الله ونعم الوكيل,negative
الله لا تباركلهم حيوانات,negative
الله لا تباركلهم,negative
الله لا تبلغها غاية عبير وينصر كل من عاداها,negative
الله لا تخلسلكم وحلة,negative
الله لا ترابحكم بجاه أشهر المفضل,negative
الله لا تربح التجمعين في كامل تراب الجمهورية وخاصة أقارب الهارب بن علي,negative
الله لا تربح الحيدوسي هو السبب,negative
الله لا تربح بن على ولي يحب بن على رئيس بمستوا تعليمي ثلاثة إبتدائي,negative
الله لا تر بحذا إلي كان سبب ف كل شيء الكورونا و حلان,negative
الله لا تربح سامي الفهري عالتفاهة وقلة التزبية متاع الساقط شكيب احد صناع البحيري وقفاف النهضة,negative
الله لا تربح كل من يقفف الى بن على السارق و تفووه على كل كلب تجمعي,negative
الله لا تربحكم الكل,negative
الله لا تربحكم بتقتلوا العباد يا هموم جايبيلهم خردة حتى حيوان ما يركبش فيها و بعد لا قدر الله تصير كارثة يحطوها على القدر و يحبوا تونس تتقدم يا ناري يا بلادي وين ماشيين بربي وين,negative
الله لا تربحكم تونس تهردت من وجوهكم الحرف في جرت الصبايحية متاعكم إلي حلولكم الحدود قال شنوا سياحة,negative
الله لا تربحكم ديما بفضايحكم,negative
الله لا تربحكم ساعة و أنا نبكي دمعة و خنونة مع اللخر غير حلم,negative
الله لا تربحكم سياسيين و نواب الكل يا وجوه اللوح,negative
الله لا تربحكم قناة الفسق و الفجور,negative
الله لا تربحكم,negative
الله لاتربحكم كل عام بعدماالواحد يصرف دم قلبه تظلعولهم العام ابيض مرة اضرابات ومرة اخرى مرض الله ياخذ حق الصغار منكم ضيعتوهم دولة كلبة ومسؤولين سراق بللهم,negative
الله لا تر بحكم لا تجيب خبرافرح,negative
الله لاتربحكم لا دنيا ولا آخرة,negative
الله لا تربحكم ممثلين و مخرجين و منتجين و متفرجين على ها الريق البارد و خاصة سامي الفهري,negative
الله لا تربحكم واحد واحد عندالله تتقابل الخصوم حسبي الله ونعم الوكيل تكفي,negative
الله لا تربحكم ولا تخلصلكم وحلة,negative
الله لا تربحك و لا تربح إلي جابك في البرنامج و لا تربح الإعلام إلي يحب يروج للخمج إلي قاعدين نشوفوا فيه كل يوم,negative
الله لا تربحك ولا تربح إلي جابك للتلفزة تفوه عليك و على والديك أتقو الله في هاالبلاد الله لا تربحكم,negative
الله لا تربحك يا آمين قارة ما لقيت ما تعدي وفات المواضيع مثال كيف نهيء التلميذ نفسانيا للإمتحان مهزلة يا ناري على تونس,negative
الله لا تربحك يا قناة المخور تفوو عليك واحد واحد,negative
الله لا تربحك يا هادي زعيم الرهوط تجيب فيهم و تعاود شنيا الفايدة الى تقدم فيها,negative
الله لا تربحك يرزينا فيك ان شاء الله,negative
الله لا تربح من كان السبب,negative
الله لا تربحهم ان شاءالله حسبي الله ونعمة الوكيل فيهم ملا حيوانات,negative
الله لا تربحهم خاطر هما يمصو في عرق الناس ربي يزيدهم,negative
الله لا تربحهم عباد حيوان يخمم خير منو حسبي الله ونعم الوكيل اعدم لخراا,negative
الله لاتربحهم,negative
الله لا تربحهم لا دنيا لا آخرة حيوانات,negative
الله لا تربحهم يهلكهم,negative
الله لا تربحه و لا توريه فرحة,negative
الله لا تربحو إن شاء الله,negative
الله لا تربحواا,negative
الله لاتربحوا خوانا راهوا عيب عليه الله لا تبركلوا,negative
الله لا تربحو,negative
الله لا ترحم الإعلام والموبنا إلي كيفك يا يا فرخ النيك تونس باش تردوها الهند عليكم اللعنه إلي يوم الدين,negative
الله لا ترحملكم و الدين ولا تربحكم يا بيوعة يا حكومة العار و السرقة والغورة وفضايحكم فاحت ريحتكم اقراست الله لا ترحملكم و الدين النهضة والي تبعها فيران حبس وخوارج يحكموا في شعب ديوث الله غالب,negative
الله لا تردو,negative
الله لا كون فيهم,negative
الله لا يبارك لهم,negative
الله لا يربحكم يا جماعة قناة الدعارة,negative
الله لا يربحهم المسؤولين إلي شادين الكراسي حسبي الله ونعم الوكيل فيهم جوعون وهمشونا,negative
الله لا يرجعو هو و هوما كرهونا في حياتنا,negative
الله لا يرحمك يا عدو الإسلام المحارب للشرع المحرض على الفساد الداعي على الدعاره إلي خلي المرأة تساوي الرجل حتي في شرع الله إلي منع التعدد إلي الشعب بتاعو عمل مظاهره ضد الصيام وقال مش بالسيف إن شاء الله عليك من الله ما تستحق قولي ها الان نفعك النهج الفرنسي,negative
الله لا يردك إن شاء الله العاقبة لاستقالة بو جلغة,negative
الله لا يردك,negative
الله لا يردك ولا يكون فيك ملا راحة من الوجوه الحرفة و العاقبة للشيخ مسيلمة الكذاب,negative
الله لا يرده ريح السد يهز ما يرد,negative
الله لا يردهم هوما واتباعهم,negative
الله لا يردوا هو و امثالوا,negative
الله لايستركم اتزيد فى العار على مابيه,negative
الله لا يشبعهم,negative
الله لا يشغلنا الا بطاعته المصيبه تقول اترزق الله,positive
الله لا يفرج عليه,negative
الله لا يقطع عليتا عاده ولات في سبرنا شبيكم هه,positive
الله لا يكتب لي نهايه معك الله يديمك لي لأخر نفس في حياتي,positive
الله لا يكون فيهم الشعب بطال وجيعان وهما يصدروا فالغذاء الله لا تربحكم ويزيدكم ربي مرض آخر فوق الكرونا,negative
الله لايلحقنا لهذه الاوضاع و هذي نتائح الحرية الزائفة و حصاد الانفتاح لي راه في مجتمع,negative
الله لتربحهم,negative
الله لطيف,positive
الله لو كان في ستار بكس في الجو هذا,negative
الله ليردو ريح السد يدي ميرد,negative
اللهم إني أعوذ بك من شر المنافقين,negative
اللهم اجمع شمل اليبين وأهديهم على بعضهم ويبعد عنهم قتل بعضهم,positive
اللهم احشره مع فرعون وقارون وهامان,negative
اللهم احفظ تونس وشعبها وانت خير الحافظين,positive
اللهم احفظ مدينة كنعان و أهلها الاصليون هيا مدينه يعقوب عليه السلام,positive
اللهم احفظنا,positive
اللهم احمي لبنان من الكيان الصهيوني,positive
اللهم احمي هذا البلد وشعبه,positive
اللهم ارحم ابي و اغفر له وارحمه واسكنه فسيح جناتك الرجاء الدعاء لابي المتوفي,positive
اللهم ارحم ابي و اغفر له و الله تقول بابا الله يرحمو بنته المفضلة المدللة يقول ربي و بنتي فخور بيا خلاه و الحمد لله كنت مهزيتلو راسو و لحد الان كل ما نحقق حاجة في حياتي نقول ياربيت بابا كان معايا راو فرح بيا الله يرحمو و ينعمو,positive
اللهم ارزقنى زوجة صالحة من غير هذي البلاد,positive
اللهم ارفع عنا البلاء اننا عبادك الضعفاء اللهم آمين آمين يارب العالمين,positive
اللهم ارفعنا الوباء,positive
اللهم استرنا بسترك الجميل اللهم استرنا ولا تفضحنا,positive
اللهم اصلح المسلمين,positive
اللهم اعن هده الاسرة حقق مسعاهما يارب,negative
اللهم الغلاف تبعي غير فضي وازرق,positive
اللهم ان كان سحرا فابطله,positive
اللهم اهدى وانصر امه محمد عليه الصلاة والسلام,negative
اللهم اهديهم إلي طريق المستقيم إلي طريق الهداية هذا الجيل ضائع و بعيدعلي طريق ربي,positive
اللهم بارك في شعرها,positive
الله محمد في غاية الأدب و امي عيشوشة خايفة,positive
اللهم سلط عليه جند من جنودك هذا المجرم في حق الانسانية,negative
اللهم سهل طريقهم الى الجلاز و اجعلهم من الاموات الصالحين,negative
اللهم صلي عالنبي على خونا كافون برا بابا برا الصلاة ع النبي بصوت وجدي,positive
اللهم صلي على سيدنا محمد الله اكبر جزاك الله خيرا,positive
اللهم صلي و سلم و بارك على سيدنا محمد و على آل سيدنا محمد عدد خلق الله و عدد كمال الله,positive
اللهم صيبا نافعا لا بيضار,negative
الله معاك إن شاء الله,positive
الله معاك يا شباب وربي يفتحها في وجهك,positive
الله معكم abonne khoti,positive
اللهم عليك بهم,negative
اللهم فتح اسلامي عن قريب لدولة تونس راكم في الحضيض ياخو اووه عليا عليكم التربية والأخلاق,positive
اللهم لآ تاخذنا بمافعل السفهاء منا لأ ينفع العقار في مافسده الدهر هذي الحقيقه الملموسه الآن كلهم مدفوعي الأجر والسماسره والمتمعشين المرتزقة والمتمعشين لاتبركلهم لاتبركلهم,negative
اللهم لا تآخذنا بما فعل السفهاء منا,negative
اللهم لا تحاسبنا بما فعل السفهاء منا,negative
اللهم لا تحاسبنا بما فعل السفهاء منا يارب,negative
اللهم لا نسألك رد القضاء بل نسألك اللطف فيه,negative
اللهم لانسالك رد القضاء ولكن نسالك لطف فيه,negative
اللهم يا رب السماوات و الأرض يا ناصر المظلومين انصرها وأجبر خاطرها وعليك يا الله بكل مجرم انزل قدره واكتشف ستره وخذه يا جبار أخذ عزيز مقتدر,negative
اللهم يسر لنا الحج و العمره عاجلا غير آجلا يا,positive
الله هما ارزقني مرة بنت حلال عمرها أربعة سنة وزوينة بنت فاميليا طيبة,positive
الله واحد على انتاج العام هذا و التقدم الله يبارك لكم كل من عمل عمل واخلص فيه,positive
الله واحد عليه ما شا الله لازمو يشوفلنا vacin ل كورونا,positive
الله واحد,positive
الله واحد للجميع,positive
الله و حد عليها,positive
الله ورسوله برائة منهم دواعش حثالة أنتجهم تخلف العربان أحسنت بو,negative
الله ىرحم ولدىه واشدوا بصحه البدن,positive
الله ىشفى كورونا من عبىر موسى,negative
الله يا الشعر,positive
الله ياربي لو كانو اولادها رجال يقومو يخدمو على امهم ويمتعوها لكن الله المستعان,negative
الله ياسي علولو حلقة الليلة تهبل الله يوفقك في برنامجك المفظل,positive
الله يباارك ربي يفرحني بولادي وجميع اولاد المسلمين,positive
الله يبارك إيمان مسرارة ماشاء الله نتمنى القصة تبقى عبرة للآباء والآزواج ونتمنى ربي يرزقك كل خير,positive
الله يبارك احلى خلفة زي مايقولو المصريين بناتو كي العسل يرحم ميمتهم لي ربات جزائرية,positive
الله يبارك الشاب هذا عجبني كلامك ماشاء الله ربي يكون في عون الجميع,positive
الله يبارك امراء حراء واصيلا,positive
الله يبارك اميمة صوتك آلة,positive
الله يبارك بوقوصة,positive
الله يبارك تحياتي ليك,positive
الله يبارك صوتها قرمة,positive
الله يبارك على كلامك وصراحتك خويا العزيز,positive
الله يبارك عليها الراجل لي عندو محضوض,positive
الله يبارك عليها شريفة عفيفة طلع الراس و راجل قمة ربي يدوم عشرتهم هذ الشئ مايتشراش بالدراهم يازهرو لي طاح ببنت الحلال و راجل الحلال,positive
الله يبارك عليه شاب طموح وشجاع وحاكم في ربي ربي معاك وخي وفرحت مي لقيت شباب كيفك,positive
الله يبارك عليهم وربي يحفظهم,positive
الله يبارك في ترابك يا تونس يجب الكشف عن التقرير المالي لسنة ألفين وسبعة للبنك الفرنسي التونسي الذي قام بتزويره توفيق بكار للتستر على الأموال المنهوبة مما أدى للسيد عبد المجيد بودن صاحب الأغلبية في الأسهم التشكي للمحاكم الدولية بعد افتكاكها له من طرف دولة بن على الظالم والغاشم حينئذ كان بكار مسؤولا بالبنك المركزي وصاحب نفوذ في تزييف الحقائق للرأي العام وادارة المحاسبات العامة الى ان انتهت القضية بإدانة الدولة التونسية وتغريمها بمبلغ يناهز خمسة آلاف مليار اليوم ونحن في غنا عنها جراء سوء تصرفه هو و أمثاله ماذا تفعل يا سي المشيشي هذي التعيينات ستجعلك محل شبهات ولا بدا من التريث والتثبت في مثل هذي المساءل ورقتو محروقة يا سي المشيشي قلو يا بابا وقتاش نوليو شرفة قلو حتى يموتو كبار الحومة الفاهم يفهم يا فاهم,positive
الله يبارك في صحة ان شاء الله,positive
الله يبارك في صحتو,positive
الله يبارك فيك اسبوع اقل ما يقال عنه خورافي,positive
الله يبارك فيك خويا الباهي,positive
الله يبارك فيك هدا الشاب صادق في كلام دعموا شباب تونس ولا البحر هو الحل,positive
الله يبارك فيك وبعمرك ويسعدك ويسعد مساك الجميل والطيب يا طيبة,positive
الله يبارك فيك وفيمن رباك و الله كلامك ميتملش يا حبيبتي,positive
الله يبارك فيه راجل,positive
الله يبارك فيه و في صحته,positive
الله يبارك,positive
الله يبارك كلام روعة الله يحفطك إن شاء الله تحرار فلسطين,positive
الله يبارك لبنات هاذو باهيين بزاف ويسكنو القلب,positive
الله يباركل في صحته قليل وجود امثال ما زال عندنا رجال في تونس,positive
الله يباركلك شيخ الإسلام,positive
الله يباركلك في صحتك,positive
الله يباركلك في صحتك واصغارك,positive
الله يبارك لكل من خدم خدمة واتقنها,positive
الله يبارك لكليب والاغنية قنبلة,positive
الله يباركلك ويحميك,positive
الله يباركلك و يوفقك يااسر ملااك,positive
الله يباركلك يا سي محمد بغلاب إلي تحكي فيه الكل صحيح من الحكايات toilette مصيبة و كارثة كبيرة من الشمال إلى الجنوب لا توجد toilette لا في مطاعم ولا مقاهي ولا أماكن عمومية محترم السبب الاول هم المسؤولين إلي ينطوي الرخص المقاهي و المطاعم من غير مراقبة مطعم أو مقهى عند ما اقلش عشرين طاولة توجد فيها كان toilette واحدة هل معقول هاذ وزيد على هذا اكثريتهم عاطلين اش يقول السايح أو اهل البلد عار على تونس,negative
الله يباركلك يا وليد احسن كلمه لأنها مانحب كان رضاء امي وربي كفيت ووفيت مدام عندك هذا ارقد مكان سوف ياتيك الرزق من حيث لا تدر قول أن شاء الله,positive
الله يباركله في صحته وصغاره وربي يكثر من امثاله,positive
الله يبارك له وييسر أموره يا رب,positive
الله يباركلو في صحتو,positive
الله يباركلو في صحتو و في اولادو و في رزقو زايد ولد حلال الله يكثر من امثالو,positive
الله يباركلو كل الاحترام و التقدير له,positive
الله يباركلو,positive
الله يباركلو و يرحم و الديه,positive
الله يبارك ما شاء الله امراة مثقفة و بنت اصل ربي يحفظها لوالديها تحيتي و تقديري لها,positive
الله يبارك ما شاء الله تبارك,positive
الله يبارك ماشاء الله ربي يقويك عليهم وربي يحفظك,positive
الله يبارك ماشاء الله عليه فصاحة اللغة إلي عندو بركا تخلي الناس إلي ما تخممش في حياتها و مسؤوليتهم تجاههم تخليهم يحشمو على رواحهم,positive
الله يبارك مشاءالله ونعمة المرأة وتفكير,positive
الله يبارك موهوبة,positive
الله يبارك ها الهدرة زينة bravo عليك,positive
الله يبارك واصلي,positive
الله يبارك و مشالله يرحم و الديك انت إنسان مش موجود منك برشا ربي يكملك بعقلك,positive
الله يبرك عليك كلام في الصميم,positive
الله يبهدلك اخويا سمير الوافي كنت نحتارمك بزاف,positive
الله يتوب عليك,negative
الله يتولئ امرهم يارب,negative
الله يجمعني معاك بفردوسه الأعلى يارب,negative
الله يحرقكم في الدنيا قبل الاخرة ياحثالة المجتمع الشباب يحرق ويموت في البحر وانتم تحرقو في الفلوس الله يهلكم كل روح ماتت على خاطر من القاتش حقها في البلاد هذي ربي يتولاكم تفوه ه ه ه,negative
الله يحفضك يا اخي,positive
الله يحفظك سيد قيس سعيد,positive
الله يحفظك,positive
الله يحفظك كلمات قوية ومعبره,positive
الله يحفظك لنا يافخر المغرب وحبيب قلب المغاربة,positive
الله يحفظكم هيا بنت اصل وبوها راجل,positive
الله يحفظكم ويرزقكم الصحه و العافيه ارجوكم كيف ممكن اتصل فيكم للمساعده أنا بألمانيا اريد الاتصال معكم,positive
الله يحفظك ويبارك فيك,positive
الله يحفظك ياولدي إإن شاء الله يبارك فيك ونعم الرجال,positive
الله يحفظهم,positive
الله يحفظهم ويبارك لهن,positive
الله يحفظه و يستره ويكثر من امثاله امين,positive
الله يحمر ترمكم أن شاء الله حليتو الحدود و قتلتونا,negative
الله يحمي الجميع,positive
الله يحمي اهل تونس,positive
الله يحمي رءيسنا الفاضل الوقور السيد قيس سعيد ويبارك له,positive
الله يحميك تاعب ولا محتاج,positive
الله يحميك,positive
الله يحميكم,positive
الله يحميكم ويحفظكم خاصة إلى الشباب إلي احب يخدم على روحهم لا يقتل ولا يسرق الله اكون في عونكم ربي ابركله أما إلي ينهب ايقتل ويبركجي الله ادبدبه,positive
الله يحميك يابنتي وينصر فلسطين يارب,positive
الله يحميكي من الاعملاء والخونه,positive
الله يحميها ماحلاه صوت الحق كي ينبض من روح بريئه,positive
الله يحميها وينور دربها,positive
الله يحميهم وينصرهم,positive
الله يحيكي طبعا بالف رجل تحي تونس واهلها,positive
الله يخلص وحلك,positive
الله يخليك ضحكم يجيحين من الجزاير بيتين يسكرو يقول لك امن امن وحدو ليكفي الله اذلكوم,positive
الله يخليكي يا قلبي كلك ذوق عيونك هي الحلوة دايما,positive
الله يدمر هم,negative
الله يدي,negative
الله يديم لنا ناس نصادفهم بالحياة و يرفضون ان يرحلوا من حولنا,positive
الله يذلكم و يلعنكم يا اعلام العار و الفضايح,negative
الله يذلك يا ديوث,negative
الله يذلهم ربي,negative
الله يذوقك نفس الالم ونفس الوجع ونفس الشعور كلمه لشخص خذلك,negative
الله يرتحنا منكم و من امثالكم,positive
الله يرحم ابوك الذي احسن التربيه,positive
الله يرحم ابوها اخلاقها ما شاء الله تبارك الله قمه,positive
الله يرحم الأم إلي جابت,positive
الله يرحم الرئيس السبسي استغراب إساءات بعض العرب لرئيس تونسي الراحل على الاقل احترم الشعب التونسي الذي لم يسيء لكم او بلدانكم او حكام بلدكم إذا كان لك حكام,negative
الله يرحم الزعيم بورقيبة,positive
الله يرحم الميمة إلي جابتك,negative
الله يرحم الوالدين,positive
الله يرحم اليفاد إلي تخبط فيه,positive
الله يرحم بن على كنا لباس علينا هكي الثورة اليحبها وين وصل حالنا ومفما شيء يفرح,negative
الله يرحمة ويدخة الجنة,positive
الله يرحم شهدا فلسطين وتحيا الشعب,positive
الله يرحم صدام,positive
الله يرحمك سيادة الرئيس فقدناك,negative
الله يرحمك عمر و مناش باش ننساوك,negative
الله يرحمك,positive
الله يرحمك ويغفر لك يارب ويجمعنا معك في الفردوس الأعلى,negative
الله يرحمك يا أمي,positive
الله يرحمك يا بابا لعزيز توحشتك بزاف و الوحش كواني,negative
الله يرحمك يا بن علي,positive
الله يرحمك يا بن علي,negative
الله يرحمك ياتونس و الله من ألفين و حداش لاسمعت خبر يفرح,negative
الله يرحمك يازين العابدين,positive
الله يرحمك يالباجي,negative
الله يرحم معمر,positive
الله يرحم موتانا و موتاكم,negative
الله يرحمنا برحمته الواسعة,positive
الله يرحمنا,positive
الله يرحمنا و كهو,negative
الله يرحمنا ويرحمكم,positive
الله يرحمه,positive
الله يرحمه و الديك يبوغلاب,positive
الله يرحموا بجبوج,positive
الله يرحم والاديه,positive
الله يرحمو البجبوج,negative
الله يرحم و الديك إلي يوم الدين,positive
الله يرحم و الديك ربي يحفظ,positive
الله يرحم و الديك على موقفك من الكلب الخوامجي شكيب التافه حطيطو في بلاصتو,negative
الله يرحم والديك,positive
الله يرحم و الديك وربي اباركلك,positive
الله يرحم و الديك ويبارك في صحتك,positive
الله يرحم و الديك يا جلول ويعطيك الصحه,positive
الله يرحم و الديك ياشيخ,positive
الله يرحم و الديك يا وليد التونسي راجل ولد راجل وسيد الرجال اعطيت درس لبعض المايعين والمتخثين وبرفو والف لاحمد الاندلسي على موقفه الرجولي الصحيح,positive
الله يرحم و الدين كل من يخدم بي ظمير وخاف ربي,positive
الله يرحم و الدين و الديك,positive
الله يرحم و الديه حسام من زمرة السواق الطيبين إلي عندنا في الشركة,positive
الله يرحم والديه,positive
الله يرحم و الديه مزال الخير في الدنيا,positive
الله يرحم و الديه وان شاء الله ربي يباركلو,positive
الله يرحم و الديه وجزاه الله خيرا,positive
الله يرحم و الديه وربي يباركلو,positive
الله يرحم و الديه وربي يبركلو في صحة متواضع و إن شاء الله ربي أفرج عليها,positive
الله يرحم و الديه وكثر من امثالو,positive
الله يرحم و الديه و يبارك في صحته,positive
الله يرحم و الديه ويسهل قسمو,positive
الله يرحم و الديه ويعطيه على قد قلبه ويباركله في اعماله,positive
الله يرحمو الشعب الكل يحبو,positive
الله يرحمو,positive
الله يرحم ولديك يا محمد عبرت عن كل شيء نورتنا,positive
الله يرحم ولديه,positive
الله يرحم ولديه وعتيه الصحه,positive
الله يرحمو ونعمو,positive
الله يرحمو و نعمو و يجعل مثواه الجنة,positive
الله يرحمو وي نعمو,positive
الله يرحمو و ينعمو ويجعل مثواه الجنة,positive
الله يرخف اعصابك يا إلي ما تحشمش,negative
الله يرزقك من الواسع ان شاء الله,positive
الله يرزقها الجنه بحق برها باابوها يارب اسعدها وارزقها الذريه الصالحه,positive
الله يرضى عليك امك تابعوني,positive
الله يرضي عليك,positive
الله يرفعكم للسماء خلي نرتاحو منكم مصاصي دم الزواولة,negative
الله يسامحكم في ها المنشط ياسر دمو رزين و ماسط امين,negative
الله يسترنا,positive
الله يسترنا,negative
الله يسترنا لا حول و لا قوة الا بالله العلي العظيم,negative
الله يسترنا من هول المستقبل الغامض هوؤلاء جيل سوف ينضح منهم أطباء مهندسين و معلمين,negative
الله يسترنا يا ربي,positive
الله يستر واكهو,positive
الله يسد منافس كل بلدية ماتخدمش على روحها,negative
الله يسرلك طريقك و الله كلامك فيالصميم مشاكل شبابنا اليوم الله يجيبلنا اشكون اخاف ربي في ها البلاد وشبابها,positive
الله يسعدك كلام جميل من الوقع,positive
الله يسعدك ويبارك فيكم امين يارب العالمين,positive
الله يسهل بغيت الجزء السادس مسلسل فالقمة,positive
الله يسهلها وتروحي وترجعي لي ب سلامة موفقه ي جميلة,positive
الله يشافيها هيا وجميع المسلمين,positive
الله يشافيها ويخليها فيعز والديها,positive
الله يشفيك ويفرجها عليك يا رب,positive
الله يشفيك يا أختي وكي يوم تعوظ أختي لاباس عليها ويفرح فيه باباك ويتمسحو الدموع,negative
الله يشفيها ويطول بعمرها ويخليها لوالديها وتحية للسيد علاء على هذا البرنامج الأنساني الرائع,positive
الله يشفيها و يطول في عمرها و يجعل رزقها كثير و يحنن جميع من يشوفها الحاجة عيشوشة جد عفوية و طيبة,positive
الله يشفيها ياارب احلا طفلة واحلا اب واحلا ام الله يقويهم ياارب تفرجها من عندك وتفرحهم ياا يا رحمان يا كريم تحية لعلاء على وقفتو ومشاعرو,positive
الله يصبرهم تونس و فلسطين شيء مكرز,negative
الله يصلح الحال لكم ولنا,negative
