text,label
ana fil ghorba w sout el athan ahla haja 3ijbitni saha likom ou allah yarahmou sbou3i,positive
j ai adoré,positive
man eheb rasoule mohamed,positive
rabi yerhmou sofiane cha3ri,positive
rabi yarahmak ya sbou3i wou yarham kol om mita,positive
merci beaucoup salime,positive
barsha tfousid,negative
tomson et banane,positive
2020 winkom hhh,positive
chkoun 9a3ed ytfrj fi e5r nhar ta3 20positive9,positive
ahhhhhhhhhh alah yarhmou,positive
3positive decembre 20positive9 n3amkom mabrouk nés lkoll,positive
bonne année tout les algériens,positive
belehi noumrou l7al9a,positive
sa7a bitch hhhhhhhhhhhhhhhhh,positive
lwataniya lyoum be like,positive
chkoun jy mn ras 2020,positive
2004 de choufli hal une bonne partie,positive
chkoun bch yetfarej 3lih ghodwaa hhhhh,positive
2020 ya3ml lik hh,positive
qui aime choufli hal laik,positive
qui love sbou3i allah yarhmou jem,positive
mezelna mad8anech lil 2020,positive
rourou a3malouli abonner mela,positive
chnbki positivepositive yeares ago,negative
éli y7ébe rabi y7ote lake,positive
men mestir inti,positive
chkoun y7eb sbou3i ya3mel abonne lel cont dyeli,positive
j aime beaucoup sbou3i et j ai été très malheureuse quand il est mort,positive
yé 7asra,positive
alah yar7mou w ena3mou sbou3i,positive
hot jaime ida thaib sboui,positive
lah yarhmek sofiane cha3ri sbou3i tahiya min algérie nmout ala choufli hal kamla,positive
allah yarahmik ya sboui ili yheb sboui yhot jaime,positive
allah yarahmik ya sboui,positive
rabi yar7méke y a sbou3i éli y7ébou y7ôte lake,positive
qui regarde ce feuilleton,positive
wlh a7la mosalsel,positive
chron eli yab sboi se lui qui leme fait un layer,positive
allah yarahmek yalkhoooo,positive
wahdik ya sbou3i allh yrhmik bravo pour toujours choufli hal,positive
yahahamke,positive
ili y7b choufli 7al ya3mel j aime,positive
a7la mousalsel,positive
tfarajt 3liih foukk 5 marattt,positive
taw mech el tigani ga y3adi 3an sliman,positive
choufli,positive
hhhhhhhhhhhhhhh j aime beaucoup les vidéos et les photos,positive
j aime beaucoup votre vidéo et votre message et je suis très content,positive
ili yheb choufli hal ydayer jem,positive
alahi yar7mek ya sofien eche3ri,positive
allah yarhemk a sbou3i,positive
allah yar7mk y sofyan cha3ri,positive
j adore bien,positive
j aime beaucoup bien les vidéos de chefli,positive
allh y a rhmek,positive
rabi yar7mek y r7mek,positive
chkoun ytfrg aout 20positive9,positive
rabi yarhmek ya sbou3i,positive
alah yar7mek ya sbou3i,positive
allah yarhmou,positive
allah yarmik ya sboui et kadiga,positive
waaaaaaaaaaaaaaaaaaaaaaaaaaaaaaaaaaaw,positive
allah yar7mek yasofien a7la moumathel fi tunis w 5ir min kamel twati el maset,positive
bien,positive
bravo toooooooooooooop,positive
raby yar7mou,positive
mahleha lamma,positive
alh yr7mk ya sofyn,positive
merveilleux choufli hal n,positive
j aime beaucoup le citcom,positive
allah yarahmek sab3ouna,positive
aminn,positive
alah yarahmek ya sbou3i,positive
alla yarahmek ye sbou3i 9adekch iddahek,positive
nitfarig 3lih min lzaz,positive
moi aussi je t aime regarder au 20positive9 choufli hal,positive
ana toujour netfarege fih,positive
ech3on yetfaraj fi 2020,positive
this is the best,positive
the best of the best rabi yhrmek sab3oun,positive
bravo,positive
rabi yarhmou sab3oun ahsene momatel tounsi,positive
allah yarhmou slimenne,positive
meilleur sitcom de tous les temps,positive
sab3oun ya katcout alla yarhmek,positive
allah yarhmek ya sab3oun,positive
3adit tol 3omry natfrj fi chof hal w 3omry mani badh nansh w dim na3wd fih w mafdtch mano,positive
tbarkallah 3la zaineb,positive
à la yarhmik,positive
allah yarahmik,positive
je le regarde alors toi tu fermes ta gueule de de pigeon qui n arrive pas à fermer sa grande bouche,negative
cvn lbs 3likom nes lkol,positive
ala yarahme,positive
rabi yfathalek,positive
rabi yarhmou,positive
yekhi mouch aka chouha esana3 ta3 mohsen lmou9aouel wakteli janet tged fl balas wlh houa,positive
moi j aime beaucoup choufli hal,positive
allah yerhamhou ili métou,negative
amine,positive
allh yarhmik ya sofyen,positive
je suis alma kallel je suis en 4 éme anné,positive
allah yar7amhom sofwen el chaari kadija esouwisi,positive
chine c est qui ayouta,positive
asba pour,negative
rachid chbi zabour omek mouch 3ajbek,negative
allah yarhmek ya sboui,positive
kol 3am w houma hayyin balf alf 5ir nw rabbi yirhmik ya sab3oun w yij3al mithwebik il janna yarabbi nemin,positive
me non arbie i love chfli hal have good yers,positive
allah yar7mo w yna3mo,positive
hhhh matansawach layk,positive
baro nayko,negative
bilehi chkoun fhem chnya maktoub fil war9a li khaletha zinouba l slimen yfahemni hhh,positive
ni parce que tounsi ama mawloud w n3iche fi fransa meli ena touled w kol sif nji vacances fi tounes,positive
hhhhhhhh tawa slimen may najamech ibadel chemise fi darou mechi yofrek feha howa w dadou,positive
hahaha aya kamlelna enty saison okhra ye scénariste,negative
iheb yethakek 3la dalanda,negative
lea 9atlou w n9ordhellk zeeda hhhh,positive
yahasra,negative
mapanha,positive
pourquoi la pub sur youtube c est enuiyeux,negative
elle est classe et belle j l adore,positive
enti référence 3and baaarcha nsee chbini mafibelich,negative
5atrek mkch ml nsee sehla barcha,negative
trop maquillée trop artificielle,negative
ti brabbi yezziw lkollkom vous faites de la pub sur instagram,negative
habit twarina kwnk thki français bhi weslt lma3louma,negative
très belle,positive
une femme forte aimera surement un homme fort et intelligent 3,positive
m7lha,positive
rabbeni w3efcha,negative
manai moomen wrasek ntir beha w bik,negative
akkari hhhhh wmtwath3a zeda,positive
akkari le mela tw youja3ni 9albi alik lmara jeya,negative
bravo marwoucha 3,positive
a7la marwa 3,positive
tatati ma7lek 3,positive
mahleha,positive
mela toumouh kol tofla twali kifk mathala athika t5dm ala roha wnti 93at kn tnabr,negative
isalem 9raytek fi masreh,positive
hadi z3ayem yeser ta7an lol malla cha9nousse,negative
walhi 3amletha em3aya ma3dech nahtaremha walla,negative
c vrai klemek marwa walah lemra etheb etra rou7a mezyena walaw nhar,positive
nchalh labes chamleeltlk chtkaraha makhyb mant9eek,negative
chnw i7sesek ki y9olek 3abd hakka a ce point ya5i mat7esouch w t7ebou tajr7ou nes b ay tari9a,negative
fi tounes e5dem marra m3a fehri twelli star,negative
ya zibbi yochhrou fiha bissif mathlet marra fi moselse sormha wseh ya zibbi,negative
je la trouve parfaite cette femme bravo,positive
natnak a3la atrannnnnnn,positive
warina wejhek blech maquillage belehi,negative
ezzah mefiha chay naturel hata la façon de parler ezzab,negative
mahlek marwa,positive
manajem n9olek kan rabi iberek,positive
wnti lkolk n7as,negative
el maquillage mal fait l anti cernes est mal mis,negative
wej3a 7ala kont 5eil 9bel,negative
chbih 7nakik kil 3osbana,negative
marwa botox,negative
hetheka les filling w el botox w thess khchamha zed kbir,negative
ouii 3emlet khchamha et lorsque j ai remarqué ça,negative
manel sahnoun walah kifik bedhabit bloketni m3a9da hkina m3aha betorbya matkbilich nsiha,negative
ba9lewa,positive
marzanha,negative
lezemmm la denudation tfou,negative
flower,positive
mabannek ya marwa el ageerbi zyent ma7la 5achmek,positive
oofff menha,negative
wallh konti azyen men tawa nken 5alit ro7ek sampel 5ir mtjmill,negative
simple,positive
mahlek,positive
me7leeha je l adore depuis longtemps,positive
vendu son ame pour largents cest ca la tunisienne moderne quelle honte,negative
klemha 3la pika majebnich pika est très spontanée w todkhel lel 9alb elle avance petit à petit et son style est unique,negative
ma7leha w 9adechha cincere w spontané thebbl,positive
mahlaha,positive
tfoe 3leek ya keddeba takhreh twansa marra wahda masria hebbet tet sauwer m3aaja we tounsia harbit minha qaltilha ma3endeech waqt min waqtha kratha,negative
comme elle est magnifique,positive
a5le9 3alia,positive
brabi yeziw mek jahl 9alou 9at3oha w raychoha yekhi mra w rajl m3arsin ma3andhomch l7a9 ywariw hobhom lness w 9odem zgharhom wela chnowa t7eb rajl yched yfacha5 lmra bch zgharhom yatl3ou m3a9dyn bch enti syetk tethana,negative
dhahkethe ki peka,positive
machala 3leha adorable,positive
insta3saba fi sorm oumk 97ba ya manyk,negative
et surtout bnetik,positive
ena nraha fi barnemej mounawa3at 3le carthage plus haja de qualité masab,positive
elle est tellement rayonnante cette femme bien éduquée,positive
mahlaha elle est très spontanée,positive
adorable sincère bien éduquée sais quoi dire claire une femme originale fière d elle,positive
mahleeeeeha tbarkallah zin w thakafa w khfifet rouh,positive
j ai adoré l interview,positive
maret chkoun kenet,positive
ma7leha farou7a,positive
hethi hia l no9adma lmilyena tha9afa w zin w ana9a l exemple de la femme tunisienne,positive
je l adore cette femmeee très élégante et charmante elle est vraiment une femme exemplaire et pleine d espoir reste toujours comme ça,positive
yesser thkeya fanena fi ettaswi9 el klem fan w jamel w thke w taswi9,positive
el ouedi programme tayara tdhakartou haïfa kenet treeeeés jalouse m en farah,positive
je l adore cette femme big up farah,positive
ma7laha,positive
tofla fargha 3amnilinha 9aw9 hhhh,negative
maryouma c est une belle femme w nhesek hnina love you meriem bon continuation w matasma3 klem hata wehed,positive
laissez la tranquille sobhan allah hyetha,negative
kima 3echet inti fi elhiwar 3achet hiya wentouma ezouz merdha,negative
y a meridh hesibi rabi fikom,negative
hhhhhh sd9t rou7a,negative
mariam allah la trebhek bisou a demain fi tv kahbett l audimat,negative
ya sallou77777777a ya salyyyyyyy hhhhhhhhh,positive
ou sont les parents de cette femme quelle éducation ont t ils donné a leur fille pauvre famille de clochard,negative
la3nat allah a3lik,negative
ya maryam brabii o5rij mil midya rak mas5a bercha w nahchmou bik,negative
mala haw hbat el vidéo bink w bin sami mala 9elet torbia fik w fih klem zayed,negative
meriem a forte personnalité je t en courage,positive
bara o5rij mitalfza 5ir manadir harfa,negative
miskina barcha barcha,negative
la blanchisserie ynathfou fiha mariem dabbegh,negative
hassen souidi iheb mbarki normalement,positive
le plus grande erreur hhhhhh,negative
9alet la plus grande erreur,negative
ouertani tu une merde,negative
bari allah le trabhek ya hemle ya sakta ya mridha wahda mokhhe kifek matnajem tkoun ken mridhe nafseniye ti bari adi ala rouhek maw andek leflous ama entu flousek mayaselhou kem lelkhmaj akahaw,negative
la pauvreté c la pauvreté du servo,negative
tu veut dire cerveau,negative
ma5ybha wallah w hani 5arj,negative
w fi milano ahkilo eshnia konet te5dem 3alem el porno star kazeba ou malhet ye5i makontesh tahki el amin gara 3ala rajlek 3andek meno zouz bnet w mat7ebesh tahki alih 5ater howa may7ebesh hhh 7ayetek kolha kezba,negative
ken jet ommi rani tberret menhe,negative
elle est d une connerie sans limite cette femme,negative
c une grosse merde,negative
ken jet kourza rahi metkhdemech fe tv b 800 d chhar ken 3andha jensia rahi mouch fe tounes ken jet 9arya rahi ta3ref tahki,negative
absolument elle ne sait même pas construire une phrase intéressante,negative
mala niveau tfouhhhhhhhhhh,negative
tfih alik ya 3arbia team mariem,negative
taw inti 3malt koul chay ma5amemtech ta3mel porn,negative
bilahi hal modiin bou dourou eli ejibilna fil komaj hadouma ech koun hathom fil edaara de positive et de 2 hal hahira hady hiya jasousa moktra ou malhat ekbira lazem tomna m en dokholha elaradhi etounisia,negative
insena malade walah,negative
elle se la pete sans arrêt c un métier arrêté de nous prendre pour des c pour kan le prochaine épisode franchement c naz,negative
ti min lekher 7echou houlk,negative
j aime cette femme elle a une forte personnalité,positive
tnjmou tjibou 7ajet interesting akther we don t give a f about her fama ness vraiment test7a9 tet3ada fl tv w ntouma jeyboun dabegh,negative
brabbi fassrouli 7aja wa7da hia jet marra fi émission m3a amine gara w 9alet 3andha 2 garçons w ta7ki comme si elle était célibataire et elle ne s est jamais mariée malla tefha w 9addech fergha fi mo5ha débile malade malade malade,negative
9oulouha ma ach tahki bil francais,negative
enti tahalfi bel coran belehi rouhiii soumi ramadan,negative
wenti bch tt7aseb m3aha ki tsim wela le,negative
tefha,negative
tounes ya tounes,positive
rasha ki zibie,negative
le le le wallah mritha inti wallah,negative
hhhhhhh barra nayik hhhhh,negative
inti w nawfil,positive
yeser matérialiste,negative
nhabha bezaf,positive
mala marca wallah le te7chemha 9a7ba,negative
hahaha yar7em weldik ya naoufel,positive
maryouma je t adore 7ab ihantlik mais bravo t forte bravo ma belle,positive
elle a pas dit dans une autre émission qu elle est mariée avec 2 enfants,positive
vous avez raison,positive
youssef bellayouni koul wa7ed inam 3la ljneb eli iray7ou wa chokran,negative
je suis tout à fait daccord avec toi mais la mechanceté de l autre le rend detestable meriem est differente mais est victime des gens,negative
ma nhebhech w ma te3jebnich ama hata naoufel 5ra fih mebldou w marakkou,negative
tfuuuuuuuuuhhhhhhh 3lik mallla malhat,negative
elle parait franche je trouve qu elle n est pas hypocrite,positive
gaciga alg non vous êtes trop naif sorry,negative
pourquoi pas respecter les opinions des autres,negative
wlahi nhebk,positive
eyfaalem nawfel chbih mes2lech ala accident ta3 adem,negative
tv poubelle rendez service à la planète suicidez vous,negative
jma3it tassi3a 9a3din ytal3ou fi rwe7hom bil 7iwar ettounsi ya wleedi na9sou fil ghira rana kolna twensa c est domage wallah,negative
marmzek wmarakek ya werteni tji fehoum ala baadhoum baaed tetrahden comme quoi tkhamem fil metfarej chnoia ikhamem rak rahden blid rkik,negative
la pauvre,negative
chfeyefha kima taa hmarna lala moch hmarna bhimna lala moch bhimna hacha bhimna ala fikra ana lagerien wallahi choftha khouft kabeltha mara f boite tatmanyek ala rajela rwanssa aaaaib aji lalgerie twa tchoufi kifech yferho bik ala lakhar wala bara la france zada gedi yfarho bik b albehi,negative
mskina la3bou beha karhou feha la3bed w ba3ed tardouha adhika heya tunis,negative
faut être con pour y croire,negative
ya mas5a,negative
son âme pur fait d elle la plus belle des tunisienne net on s en fou de sa chirurgie esthétique n nbravo maryem,positive
yna3enzabour omek w om omek,negative
ti brabbi saybouha tofla hatinha t9oul bête curieuse nkhalliwha t3ich 3ala rou7a yekhi chimdakhalkom,negative
elle a changer on dirait qu elle a 40 ans,negative
mouch kalet ena m3arsa w 3andi 2 s8ar,negative
ki tchouf al i3lam yjib bhal had n as 3raf bila microub dar lilmojtama3,negative
franchement c est une personne détestable je comprends pas ce qu elle fait à la télé,negative
elle vit dans l ignorance totale,negative
très juste,positive
elle se fait payer pour montrer sa gueule en boîte c est de la prostitution c est une escort girl,negative
très bizarre naoufel tu vas jamais reussir un interview dans ta vie t as plein d erreurs,negative
moi perso je l aime,positive
cha3mlt fi kach5tk ya ham,negative
mo5ha feragh miskina,negative
mokhaaa 7achihaaa brcha,negative
mon dieu c est quoi ce monstre elle est tellement refaite qu on dirait qu elle a 55 piges c est juste affreux nnez à la michael jackson,negative
la chirurgie et la mythomanie elle a rompue à cause d un chien,negative
c est du blanchiment,negative
elle est une victime,negative
bravo naoufel t as bien géré,positive
nemchi l tavza bech n9oul eli akber ghalta amaltha hiya el talvza,negative
c est grillé qu elle ment,negative
tnajem tfalem fi tunis khater nes zwewla trah ija falem fi france wala nfi blasa mta3 nes tefhmelha,negative
rabi yfarej 3liha ça me fait mal au cœur,negative
c est vrai elle fait pitié moi aussi elle me fait de la peine elle connaît pas le nom du premier ministre d angleterre elle est vide,negative
ili y3awen ithalem rabi ysaltah 3leh,negative
jma3et tas3a dolarkom ta7 walito tjibo fi maryem dabe8 mbq3ed mataretoha ama intom mochekletkom eli yetared mel hiwar iwali fih la3sal vraiment oslobkom tqfah,negative
wallahi rabi yehdik ya naoufel mella 3amla 3maletha wakahaw,negative
naoufel incroyable,positive
chbik mrida ya maryam wlh yasr mas5a,negative
n importe quoiiiiiiiii haaaaaaaaa,negative
ya3n termet ommkom ezzouz 9 7ab,negative
challak ha w msa7 biha el 9a3a mdrr,negative
ya zah kadech tla3na dhalmineha il dabegha we nawfel kifech yitsakbine we yitrahdine sadakni ya nawfel ken tbatil il tv khirlik rak masset we zid il mochkil ili inti feyik bi rouhik masset we raghim hedha mazelite mwassil fi msata,negative
ya naufel maw 9oul traka7 fi ness elli yetfarjou bech dakel mariem li 9 dhahra 7keytek,negative
malla tafeha w kidhb,negative
maou san3oha fi 9anet 9,positive
inchallah nawfel kif jeee yor9od thamirou maanbouch appart hiya rabi yehdi,negative
ma3neha mn 9ellet les invités jebt 7outhela hedhi zid chalektha w7abit ta3ml biha buz matloumch 3le gara howa 5dem biha buz bl kedheb wenti 5demt biha l buz b dharbenk l gara wt9ach9ich 7nek fi 7keyet 7oula,negative
chleyek,negative
araftha aka tebda fel 5ra lrasek w t9olhom le le jawi behy,negative
walah jawi behy,positive
hamdoulah dima fama chkoun abhem menek fel denya,negative
il ont créé il 9a7ba a toi mouch monstre fhemti tawa sanfara chkoun 9sad kif 9al chkoun ily tala3 l9a7ba dabe8 ye7ki 3al 3amlou menek cha5sseyet l 9o7b ethika kif enti ki8irek chrew themetkom w 3amloukom marionnettes nrml totleb sme7 inti mecha3b e tounsi lkol w eness ely 8lat fi 7a9hom kif inti bgalbek tetkalem wekchf l 5onar lkol 5astan fi l mwathi3 siyesseya mouch chmetta fihom 5ater tardouk ama bech nefehmou bely inti berasmi ndemt 3almo8altat w ta2thir 3la ra2y l 3am ley7ebou eychalkouh ychalkouh welly eytal3ouh eytal3ouh fel fenn fessiyasa 7atta fi sport fil koura chtarha samsara yekhthou fel flouss bech ye7kiw 3la mle3bi mel mle3bi kanek sad9a wndemet watha7 loumour wa3mal 7aja tasla7 edlel y5alef lahbel,negative
hahah tsakhsikha vip,negative
honnetement dhahra 3a9la w khatiha sakhfetni dhaher 3anet m nes,positive
ena melli choftha awel me dhohret fel tv wel nes lkoll y attakiw feha mais kont dima n7ess li heya au fond tofla 7nina w malgre lebes 3leha mais bent baballah melezemch no7kmou 3al nes belli nchoufouh mais t3allmou 7essou chwaya taw ta3rfouh el ensen au fond chnoua,positive
nhesha sad9a fi kol chay,positive
please give her chance to show her soft side stop judging people,positive
ta3mel apparance bch liboite litemchilha tet3raf li hiya tasher feha c d la pub en bref,positive
merci y3aychekk,positive
menıch bech nseb nawfel malgré nakrhou maıs cette foıs ci tla3 rajel w sla5ha b bous3ada,positive
franchement c est une femme très intelligente très mature et surtout pas hypocrite comme la plupart,positive
ken jabet7a 9anet el7iwar ray le9yama 9amet nyeser 3maltoulha 9ima matfehkom,negative
il a trouvé personne pour interviewer que celle là,negative
super naïf cette fille en vrai,negative
ki tchoufha malhoufha 3addenya w te3b3d lflous on dirait ki tweldet lget rouha fel ham bent l3ezz matfachfech kifek matmattelch lmra ettounsia lmra ettounsia esshiha kalti hbiba li bket 3achabeb li metou w malgré me7teja 3andha 3ezzet nafs w ki shalha z3ayyem gatlou hmd manhb chy,negative
makhyb zok omk nikomo mafhmtch win mezyana ya jboura,negative
tfih 3al 97aab,negative
hak taba3 enti zeda medem 3malet commentaire hhh,negative
tfehemna manich ntaba3 yatl3ouli sa3at fl acceuil les video etefhin kima haka mala media fi tounes dima nafss loujouh w nafss lmawadhi3 e tefha wallah c grave a7na win w les europeen win yfoutouna minimum b 500 ssne 5ssara bledna fiha chamss w lb7ar geographiquement blassetha mezyena ama 5ssara la3bed eli yo7kmou kleb wl media akther menhom normalement minimum rana kima l espagne,negative
ta raison,positive
hatta les européens et les américains 3andhom baaaarcha tefehet elly ymachiw tlevezhom w ye5dmou bihom hetheya elly 3amel nharin fi allemagne w jey yboss 3lina,negative
bravo très juste,positive
bey klemek 3jebni oui es7i7 eli 9olto,positive
tatla3chi jasousa amariquia madamik 5demt fi chaych amariqui hhhhhh wahf yhezik rabi a9wa minik ya fer3ouna 9alou 9wiya yhedik rabi ya chleka,negative
9at3elha sormha b sou2elet hhhhhhhhhhhh,negative
wech tetkaber ya binti nhar eli bech tmout makech bech thez sabat eb positive0 mleyen bech thez fi3lek ya7bini,negative
eli 3ejbetou el commentaires ya3mel abonnée fi chaîne mte3i,positive
nas koulha ba3youbha wa rabi houwa hasib li kalkou walahi takfif 3ala nes haja bahiya yalatif toultouf bina,negative
exactement,positive
chwrebk t9ole 3ajla mtaa beskla m7rou9a b nar,negative
tfou alik,negative
leenet allaho alikom ezouz,negative
3maltoulha 9ima we9dar ken ntouma ya ta7ana,negative
all that she tells i swear all lies,negative
yalum rabi,positive
mebldek,negative
amdouni temchich itnayek moch 5ir,negative
imchi chouf haja o5ra ahki 3leha hsan,negative
ok 3ala 5qtir k8f ana blch8 nayik omik m3aya,negative
chalakha lasla33 hhhh,negative
tres grande monteuseeeeeeeeeeeeeeeeeeeeeeeeeeeeeeeeeeeeeeeeeeee mythomane,negative
walah 3reftha 5dmo beha hia eli y3refha dima y9oulo behya much kif télé kalba ti enti l hayawen kalba kif bébé ytraba,negative
c est une grande monteuse,negative
ahmed sa tour meskine faktlou blastou,negative
le pire eli tefhem el klem bil 3arbi w min ba3d tarjmou en français,negative
mridha nafsian wllh,negative
mibouna,negative
9rib bch t9oulna elly heya illuminati hhhhhh,negative
vulgaire,negative
nawfel hantalha,negative
stop making stupid people famous,negative
mabldou naoufel wallah hhhhhh,negative
walah nechhedlek ya ras lebsal cha5sa5et zok omha hal9a7ba beth5ama,negative
maryouma inhbk,positive
hata hna f dzayer ma3andnach nafakh hada hata li thab tonfokh troh ltouns,negative
hyûga hhhhh ouii mazal malahgetnach,negative
alovira 3ad entuma mn dzeyer tjiwna bch dewiw 5ali 3ad bch nel9aw 3andkom chirurgiens w en plus beyen fik 7asa beno9es medmk taichi fl klem,negative
s me khalinalkom nefkh likom bsahatkom,negative
alovira lol le ya 3zizti rakom tjiwna 7ata bch dewiw 3and tbib pck toba mte3na 5ir donc,negative
s me ouii toba ta3kom bien ou njiw ndawiw bswardna nwayno lmochkol,negative
alovira le kn 7abito blech,negative
s me nn khali 3lik rabi yahfdek,positive
quel gros merde pour qui te prend tu fille indigne,negative
bellhi wllh zeyd thiboha 5ittt,negative
bourjouliya chlak ou mon7ata wr5issa 3ale5r a3oudhou bellah,negative
bravo meriem,positive
bari ma5ybk,negative
yar7em bouk y a nawfel,positive
9a7baaaaaaaasa tounsi men suisra,negative
efficace oui,positive
wsa5 moselminnn haha,negative
tfuuuuu 9a7abbbbbbb,negative
ya zibi ala tounis,negative
telmi3 sourt lkleb,negative
ena j adore mariem dabegh,positive
meskina malla mytho,negative
soooo fake n stupid,negative
techbah lweld houmty,negative
5dem beha wtaylawa7 ha nhia beyna gara 5dem beha wrad ha matérialiste w w wzed jeb ha nawfel kamel 3leha,negative
mehech mridha,positive
hhhh 7nina ena bidi 7nin w galbi abyedh,positive
secret y3tk alf saha,positive
hhhh el twaansa allah ghaleb 3lana dyma mashyin b gloubna w dyma meta7shalna,negative
rabi ynte9m menk 7sibk rabi ya as9et 3ibad llah,negative
mrakba yesser non xd,negative
tfouh fom el lamboula mal9it ma tjibelna was5a ma y7ebek 7ad fi tounes hhhhhh 9atlek coiffure adhoukom ynef9ou fik y a go3ra,negative
kalba theb kalba makan hata fara9 binek bin lkalba koun jiti f alger kol ma tokhorji 3a rejlek ybouloulek f wejhek,negative
c est partout les manipulateurs oublie et tournes la page on apprends de nos erreurs,negative
toke3do toul hyetkom mnykin w e3lem 3arr madema mezelt tjibo hé rhot ta wedhny w mnykin w eli ma aandhom hata niveau thotohem yeftiw ly zbobetna w ta3mlolhem kima w kdar w houma w entouma zeda b mkass narr ma thazouch tfiih,negative
el mra hedhi bech inla5asha fi kelma ne9sa 5ebra ou 3morha mabetet ji3ana ama 3la neyatha barcha hetheka elli ye3jebni feha yeser cute elli fi 9albha 3la lsenha,positive
eli tjibou sakih la3sa lih hantilha jetou tam3a fi blasa,negative
hahah yheelkek e nawfel kawert byha tofla meskynaa,negative
tekhdem bina elmandher hedhi,negative
wallah rabi yehdik normalement tounsiya alors themk bledk w chnou sayr f bledk hani n3ich il bara wil9alb mahrou9 3la bledi descend sur terre hata kenk 3icht daloula taw kbikt rak tnajam tsalh min rouhk,negative
bledi w yokhelsou prime 3ala essabba,negative
nes metou ou nes mazelit tkasir fi bradhoum walah ya nawfel la kont nitsawrik nadal lahadarja,negative
hal mibouna botox inhib innikha fi souhma,negative
ma as9atkoum,negative
maki dgouli je suis la plus belle choufnek blech maquillage tefij3i la 3raftik rajil wla mra,negative
elle est malade,negative
oui la mythomanie est une maladie agent secret elle passe de casting bref que des mensonges elle est ridicule,negative
bravo nawfel,positive
surtout kif s2alha 3al politique wallah dhobt fi blassetha,negative
tu raconte des histoires,positive
une menteuse,negative
une fille incapable nul,negative
wallahi 5ritoulna f kifna chalaktouna bel ma9a7ba w lmanadher lemnayka 3lh brabbi dhaw9 lmon7at hal 9odwa ezaboura elli jebthelna tfiiiih 3l zok omkom fard fard,negative
la yanfoul mahich mistann3a hiya hakaka mnayka toul,negative
malla nefa9 ya weldi rana fahminkom yazziou mil nefa9 wel blaf,negative
ya nawfel franchement walit emnayek kont nehtarmek bay,negative
ya ta7an ya naoufel tbayh feha t9olha enti ra2fet haggen ya mnayek ya dehya,negative
uiii hnina w tayba mai 9owetha matbayanch,positive
hhhhh walahi hacheha il basla hhhhh,negative
vraiment marjeelha 9adeh habitha wallah behya barchaa nes ghalta feha,positive
heta7an le97ab kle 3la gelbi,negative
je ne vois pas où il l a insulté au contraire c est elle qui s est moqué de lui,negative
rani nmote menha offffff,negative
mc ok,positive
mariouma nal7siulha sakiha,negative
bravo from brasília,positive
9assoha wallet aandou camaro,negative
video t9oul ma3moul bedhema lel ghneya 5edma 3alameya,positive
en attendant d autres belles chansons,positive
taaml aleha kif wlh,positive
amazing song full of emotion and love,positive
hhh el tawa la fhmt sujet el gonya ye5i 5anetou wala houma as7ab w hwa yigir 3leha,negative
ouuuuff,negative
one of the best tunisian songs i have heard nvery cool and nice,positive
tres speciale cette chanson,positive
waaaw,positive
chkoun mazel yasma3 feha,positive
encore une visite mai 20positive9,positive
bravo,positive
une vrais merveille,positive
bayrem ya sahbi ya ghali vive la tunisie,positive
5edma zaboura sa7bi yaatik esa7a,positive
c la chanson préférée de mon amour je t aime abdou tu es mon cœur netmana l mout tedini w nta b3id 3liya rabi yajma3ni bik alh ysam7ek min 5alitni nta howa dwaya w hnaya w far7i w kolchy f 7yati je t aime,negative
ait mouheb même ana makhalitkch w tu c que tu es mon cœur,positive
top ma7leereha,positive
7left 3omrek ma taghdar bya,negative
the best song in my life,positive
bendiman quoi de neuf on t attend toujours,positive
such a good song and the rythm is so soft and sweet makes me feel the story good job,positive
lahmi 9ach3er,positive
happy that i can still find the real artists in the tunisian music industry well done bayrem and fahmi really proud to listen to you guys 3 nkeep up the good work,positive
ya3tikoum sa7a bravo,positive
magnifique cette chanson le clip est top le rythme jaurai aime la trouvé en boucle de positivehr,positive
j adore,positive
super la musique nesma3ha fréquement,positive
ok i am italian and i study fusha arabic and i still can t understand the dialects,negative
glad you like a tunisian song,positive
adorable,positive
konty dweeya,positive
super star you are the future of music in tunisia,positive
la meilleure wallahh bravo ama cha3b yheb leghna lemthara7 ya lili ya hmama taret ghna chlayek hetha yanjah mech hethi classe et calme,positive
listening to this song on repeat again and again love love,positive
allah isam7k ya fahmi te7ayer fi mouwaja,negative
etofla tchabah el tokyo fi casa just ch3arha twil,positive
photographe tayara barcha,positive
bientôt les 3m vues je l écoute en boucle jour et nuit ahssen ghneya tounsia,positive
5edma yesser mezyena i can t stop listening,positive
clip yesr tayara,positive
rawa3aa bzfff keep going,positive
khsara ya loo mchit 3la rouhek w 5alitna ra5it ekher la7dha khsara,negative
j adoore this kind of music is so soft,positive
vraiment bravo fahmi et bendirman j adooooooore,positive
barvoo tik sa7,positive
bravo bendirman bravo fahmi,positive
tt court c trop agreable nmille fois entendu w jamais 9la9t mnha liiike it so much,positive
positive positive dislike ye bheyem,negative
ntmana lik lmout ki tmchi l4iri matezha w tefra7 ken bia,negative
toooop,positive
7ayertouli wjii3tiii,negative
bravoooo fahmiiiii brqvo,positive
ye5i wini partie 2 3andek 3am meli annoncit bech t5arejha,negative
rkeecht lenna enaa tawa hani nestanna fi mardi lel vrs 2,positive
7louwa barcha bsaraha bravo à vous,positive
i like it from algeria,positive
partie 2 wa9tech,positive
twahachtek yasmine barcha,positive
tooooooooooooooooooooooooooooooooooooooooooppppppppppppppppppppppppppppppp positive mois et d ecoute,positive
nice,positive
hayttt,positive
braaaaaaaaaavoo,positive
le trebhek,negative
j adore un grand bravo,positive
bon mouzica hlowwa clip tayyara el klem mouch laka el koll sinon bon travail,positive
magnifique chanson 3,positive
bravo from paris,positive
bravoooo fahmi une très belle voix une très magnifique chanson bravo pour les acteurs on dirait des amoureux,positive
alesh me taamloush musique b rythme w style hedha haja pure,positive
elli tmathel fl clip tchaabbah l tokyo mtaa la casa de papel,positive
may beya zardi kalet mouch bech yshoufa hadd,positive
j adoooore,positive
bendir man jameayaa zeyd,positive
techbah l tokyou ta3 la casa de papel,positive
magnifique bonne continuation,positive
bravooo,positive
waw yesser mahleha la chanson jadddddore il fikra mta3 clip w lahn mta3 chanson tres simple et tres proche du coeur bravvvvvvo,positive
ayayayyy yesser top l arrangement,positive
hbeeeelll jdgh,positive
netmana lik lmout kif temchi l8iri,negative
20positive8 mazelt nesma3 fihaa,positive
yeser samhni fil kilma zaboooura,negative
tooooop wlaaaaah,positive
nasmaeha f nhaar b 8 marat naaaaez zuz kamlu haka aaaman,positive
tfatta9 bravo,positive
bravo dima nasma3 fiha 7atta fi 5edma,positive
j adore,positive
chkoun mazel yesma3ha,positive
maalemm wlh bravo,positive
une très belle chanson,positive
ma7leha,positive
il song w kelimet amazingg and il couple aman yfatt9ou aamloulhom film amaaan,positive
bravo benderman,positive
yaaaa m3alleeeeeeem,positive
les paroles belehi,positive
aswat behia wkalimet behia amma rythme wmusique te3bine dommage,negative
bravo bravo bravo meli 5arjet w ena modemna aaliha l8neya vraiment haja waaaw,positive
7louwa mink continue,positive
hmdddd lkiiitha,positive
thaaabel el ghoneya bravo,positive
mouche 5aybaaa behiiya,positive
aalamiya 3,positive
un grand bravo,positive
kifek admet 3leha,positive
idk why nab9a narj3lha lghneya kol periode,positive
bravoo 3ejbetni barcha la8nya bravo mara o5ra,positive
twa hedhy positive 2m o master sina yaa3ml fi 20m,negative
missaoui mohamed choft zah w ghneya hbeel kif manhedhi matalkach hadhha,negative
bravooooooooooooooooooooooooo 3,positive
3alem e5er,positive
le 2positive août el ghneya 3awedha ta9rib 200 mara,positive
en boucle nasma3 kol kelma tadhrabni fi 9albi bravo 5edma raw3a,positive
bravooo,positive
5edma tayyara bravo,positive
bravo,positive
7lowaaaa el mouzikaaaaa,positive
bendirman bravo 5edma chbeba,positive
haw el fann,positive
j arrête pas de l écouter depuis 2 ou 3 demains chez moi au bureau en publique,positive
s7an mermez,positive
je kiffe bravo,positive
ghneya tenja7 aalkher nkeep goin nclip tayara aalkheer,positive
très beau chanson paroles et clip bravo l actrice est superbe naturelle spontanée et talentueuse,positive
j aime cette musique vraiment bravo bon travaille,positive
ghneya tayara,positive
fahmi riahi soutek 3saal 3,positive
yesser itire bech twali référence l4neya ena we7ed min ness chi5te n 3leha,positive
still my fav,positive
bravo bendirman ghnaya yasser hloua,positive
birjoliya mizyan barcha bravooo ily 5idmouh 3,positive
thabell bonne continuation,positive
raw3a bravo,positive
m7leha il tofla mt3 il clip tbaki hhhhh y a jmaa chkoun idabarli noumrouha,positive
kima w3edtkom 3maltlha remix itiiiiiiiiir,positive
bravo mouch normal titre mezyen aussi ken tnagm thabtelna les paroles,positive
hadi ghouniya ahlouwa bezaf au fi 2jour sama3eha 200 mara bravo berasmi chebaba barcha,positive
magnifique cette chason vraiment bravo c extra 3 3,positive
aaaakwa ghoneya 20positive7,positive
ghneyaa mouch aadeyaa,positive
nheb naaref aleh fahmi riahi maandouch chaine youtube se3a fanen behy style mte3ou différent o zid yaamel fel plus,negative
après un mois n9ollék dégage de ma vie nikommmmmmékkkk,negative
bravoo,positive
clip ytir brabooo fahmi w bendirman nasma3ha kol youm positive0000 maraa bravooo,positive
yeser tayara l4neya bravo,positive
a9wa 8neya tounsia top 3,positive
en boucle,positive
5sara chwaya vues 3leh,negative
7abitha,positive
khsara soutou khayeb bendiiir men,negative
chdakhalha bayyyya fahmouni,positive
masset lasset,negative
braaaavooooo sabriii o bendiiiir,positive
5dma 9weya sa7bi,positive
tenja7,positive
mahleha l ghneya w l clip 3,positive
elli ya3mel abonnè lel chaine mta3y tarja3lou et merci 3,positive
bravo,positive
waw mala swayt ithhabi ila al jahim aycha 3tiya,negative
j adore vraiment c est une belle chanson waaaaw nasma3 fiha kol la7dha,positive
el fan el s hiiiih,positive
toooppppp,positive
maalem,positive
bravooo,positive
bech tfat9 etalvza etounsia etofla,positive
bravo 8aneya chabouba w 5edma 7lowa wsalemli 3la bayya zardiii hh,positive
tayara barcha,positive
nesma7a mlyoun marra leghenya fel nhar,positive
magnifiiique,positive
ektoulna lyrics louta aman,positive
fi wa9t ha 3,positive
yar7am waldik wa7ed nadhef wethnih b ghnaya 7lowa,positive
venez oublier un peut le stress,positive
vraiment tfata9 bravo 3 haw l fann,positive
trop classe bravo lawled,positive
3alemeya kol youm nasmaaha 3 3 3 3,positive
waaw vraiment braaavoooo,positive
vraiment lghnaya ta3betniiii raw galbiii youja3niiii ki nasma3ha au meme temps mesta7lya louji3a waletli drug amaaan ma3adech teghib w ma3adch t9os 3al ghne blkol,positive
tmanit ken 5arej album haka amazing prod,positive
mahlehom les couples surtt tfool hhhhhh,positive
c bien wlh j adore,positive
nty w hassen doss mn ahsn etwensa i ghnehom yaajbni 3 3 3 keep on chmeta f nabara 3 3 3 3 3 3,positive
bravoooooooo,positive
hmd 8neya touniya tosla7 finally,positive
kalhj tahfoun barch machallah mi inchallah matkounch inhya mat3ou ya9tilh 5ater ya5ser haw haytou ow hay masthltouch 5ali bach ya5ser rahou 3ajelha,negative
bravo,positive
clip ittir 3,positive
bravoooooo,positive
bon contention fahmi vraiment topppppp soutk raw3a j adoré,positive
le8naya hathia w 8nayet ya bay3etni salah farzit mayb3douch 3la ba3thhoum,positive
bravo il intaj il tounsi kaad yithassan just keep on,positive
bravooo tayara el 4anaya,positive
ahsen masmaat layamet hedhyy,positive
khedma tayaraa barcha parole wtamthil wghna enfin l9ina mouzika tet7as,positive
behi mais ken jit enti li mathel ken ikon 5ir,negative
bsara7a ma7leh l clip 3alle5er 3jabni le maximum la7keya mta3 la8néya 7asitha réel w l couple réel aussi mais chtar leklem mahouch mafhoum,positive
toooop clip tayara mta3 m3almia,positive
tasma3ha mara loula t3awedha maghir ma toch3or,positive
yezibi mouch normal ma7la zabouromha chay5it zibi,negative
ma7leeeha leghneya bravo,positive
netmana lik il mout kif temchi li 4iri matfra7 w tethana ken bia,negative
ma7leeeeha bravo,positive
héyel barcha,positive
hadheka 7al eli y7eb b9albou,positive
clip 7lou w l parole yeser 7louwine bravo lawled ena 3jebni bendirman fi style hedha w fahmi yeser soutou 7lou just détail vue moch ndhifa fi 9a3dine fou9 trottoir miselech n9oulou bch twali 5edmetna,positive
j arrive pas à arrêter de l écouter en bouclee n nbravoooo,positive
3andi se3a w eni nasma3 fel ghneya wn3awed chapeau bas lel klem,positive
berasmii raw3aa,positive
bravo men a9wa m tla3 fi tounes y j adore,positive
yay la7mi 9ach3er,positive
berjoulya masta,negative
riahi vraiment bravo n bendir baraa ghaany gasba w ebeed aaala zboubna,negative
lclip msawar f tunes les paysages yeesr ma7lehom,positive
7lowa,positive
el view from top,positive
bravo 4oneya 3almya ne salmli 3al botya,positive
bravooooooooooooo tayara l8naya awel 5dma fi touns bahia ahou el fan wala lw7 zaid m3ek bandour,positive
bravooooo bravooooo bravooooo kathroulna ml ghnyet l7lwa w l5dema lhylaa,positive
nhar kol nesma3 feha w n3awed to9telll 3 3 3,positive
au moin fma des artistes tunisiens yefhmou 7ja esmha musique berrasmi haja tfatta9 gj and move on bendirman,positive
ghneyaa 3alamiyaa,positive
vrt paroles w clip yfat9ou bravo bendir men fahmi riahi nnetmana lik lmout ki temchi l4iri matafra7 w matahna ken biya nmatazha lik layem ken fi 5iri haka wala 5alli tafna eddnya allah yssem7hek w ydelek paroles 9wey ltawa fi mo5i,positive
krima mami baldi termèt baya zardi,negative
7attamtouni beha,negative
bravo bravo bravo nma7laa 5idmetkom,positive
clip moch aady aman,positive
mwaher frr,positive
raw3a,positive
arrêtez de romantiser le meurtre des femmes zab n5anettek sa7ebtek walla martek,negative
voodoochileish je pense pas 9talha rahou ça se passait seulement dans sa tête sinon rahou sawrouh en taule ce so that descent sémiologiques,positive
vraimentttttttttttttttttttt superrrrrrrrrrrrrrrrrrrrrrrrrrrrrrrrrrrrrrr 3 3,positive
tadhrab fel galb,positive
324k w 9 k like chmeta fi barcha nes,negative
jouini fakitha men fommi,negative
good job berjoliya i like it,positive
ma7lèha lghneya j aime 3al e5er,positive
chbiha baya zardi chqalet,positive
mala e7sés borjouleya yéser tfata9 5atarha baswatkom,positive
allah yesam7ak 3 je ne peux pas arrêter de l écouter c une merveille,positive
parfaite bravo,positive
ken lclip tayer,positive
atawarna fil qualite mais eltawa manech 3arfin nrakbou klem 3la clip tayara bes7i7 en tout cas bn travail,positive
8neyaaa toppppp n brabi 9oulou lbaya el zardii t5alli moula7dhatha el fer8a lrou7haa,negative
le clip est bien organisé et a touché nos sentiment bonne continuation bendir man 3,positive
el ghonneeya tahfouna yesser,positive
j adoooooore dédicace l baya zardi hhh,positive
ghneya touchante w tesst7a9 njeh mel kalimet wel musiqua wel les acteurs l fekra w kol chyee raw3aa,positive
proud of such an amazing tunisian artist,positive
tahfouna aale5er le8neya j adore,positive
lezemha cover acoustic,positive
eli 3amlou dislike 3afata,negative
bravo ma7laha,positive
top ya3tik sa7a bairem,positive
chkoun 9bal positive00 vu kifi,positive
yaww tofla tgtl mnin jbtoha raw tfarjt vidéo clips 5 khatrat wmakhaltnih nrakz 3la chanson,positive
franchement clip mouch norml bravo bendirman 3mal l8naya soutek impecabl et je l aime bien le clip,positive
bravo bravo bravo clip yfata9 w 8oneya yeser 7louwa l acteur eli fel clip ychebeh barcha lel chanteur algérien slimane,positive
rania dim slimane le chanteur français qui a fait the voice france,positive
walwal jeje oui oui ychebehlou nn,positive
raw3aaaaaaaaaaa raw3aaaaaaaaa raw3aaaaaaaaa vraiment mravooooo momathlin raw3a ikhraj rawa3a w kalimattttt ta9simhom binatkom raw3a bravoooo mercii li 3amal ra9i hadhaaaa aman 5amo fi film mezyannn ya7ki 3ala 9isas la7lowa kif hadhiii sma3tha yji positive00 mara machba3tichhh,positive
hani n7adhrlha fi remix mezyena yzid i7aliha,positive
trending chmeta f zardy 3,negative
vraiment le clip est top et les paroles aussi,positive
yoked ahsen fanen fk tounes 3,positive
basmet sal7 lforzit wath7a fl 8oneya w l m fhemch ymchi yasm3 janna w atrafek nar,positive
meshi 3adeyaaa,positive
il clip w il ghneyaaa tooooopp,positive
mala naser yatlaa menek,positive
3 grand bravooo 3 hadha l fannn,positive
yeser 7loua en fin fama haja tetesma3 f tounes 7achetna b khedma kima haka bravooo,positive
mouzika mouzika jdida w 9wya,positive
ranim rani fama ba3ed roumdhan enchallah,positive
haw fama hbat lberah,positive
waaaaaaaaaaaw treeeeeeeees pro mais mafhemtch aleh 9talha hhhh,positive
bayrem bravo que tu franchi un nouveau style manich pro béch no7kim mais tu essai de changé par contre les autres k7,positive
clip yesser mezyen,positive
eyh khouya ontjou khali wehed yansa kal ham mtaa cho9ou do9ou wel boteya w bezg ellif,positive
des tendances chmeta fi baya zardi,negative
fahmi riahi swayet m3a nachaz bendirwoman,negative
ena bidi wallah mana3ref 3leh nhar kemel nesma3 fiha en boucle hhhhh,positive
tayar 3ali5er el 4onaya,positive
aman méhich tayara el 8oneya kilmtin yit3awdou ama clip yesser mahleh réalisation top,positive
yesser ma7leha goneya w 3jebni bendir man f oumour jedia ki 9al ndemt 3al 3arek f les plateaux w niveau etaya7 bravo,positive
raw3aaa 5edma tayaraaa bravoo,positive
tfataaaaaaaaaaaaa9 3 3 3 3,positive
clip w ghneya mo3abrin,positive
3ejbetnii 3al le5eer 3 bravoo nfooort,positive
bessah bravo,positive
bravo clip ta7foun w klem 7lwo n,positive
yecer hloua,positive
bravo belle chanson walah bravo,positive
les paroles extraordinaire bon contunuation sout tayara,positive
ibde333 3,positive
enfin kkinaa haja tosleh bravo,positive
cliiiip heyeeeeel,positive
love it formidable comme d hab bayrim o fahmi,positive
3 yeser benna 3 bravo,positive
mimi chocolat est ce que tu pourrais me dire ça parle de quoi sltp,positive
selin aydas elle a trahit son amant et il parle de sa souffrance sans elle,positive
selin aydas mais non il a des problèmes psychologiques le mec,negative
hathi clippet w hathi aghani 3 3 mech bottia w twarri nwarri chanson et video clip simples et classes bravo pour les acteurs zeda,positive
yesser tayara bravoooo nma7leha lahjetna,positive
ahla bendir,positive
bravo awel ghnaya tounseya nkamalha lele5er,positive
bravo vraiment yasser 7lowa abda3tou fiha,positive
tenja7 3alle5er,positive
thebeul beelhaak bravo,positive
thbeul belhaaaak bravo,positive
enti elbeb wena wlfala hlouwa hhhhhhh,positive
un grand bravo continue,positive
bravooo min ahla ma smaaet,positive
berjoulia tniik niikeem,negative
netmana lik lmout ki temchi lghiri ma tefrah w nehta ken bia,negative
bednya 4onya,positive
khedma mouch aadeya nconseil,positive
yeser tayara ada2 sout kelemet raw3a tres touchante,positive
heyil,positive
mahleeeeeeeeeeeeeeeeeeeeeeeeeeeeeeh fort aalkhr 3 3 3 3 3,positive
baya zardi mo8yara 3alle5r l8neya to9999tel 3alle5r kmml hakka bendir tal3a 3lik w 7loua brcha w ma7leh sout fahmiii brv brv brv j aime bien,positive
benna,positive
a3ml ghoneya m3a gga 3,positive
bravo bayram w fahmii,positive
ma7lehom el kalimet haja jdida fi tunis nchalah dima twedona bhaja tnawer el galb kif haka,positive
ta7founa,positive
bravô 7aja jdida w mezyena bon continuation,positive
haja top 3 khedma tayyara nshallah dima haka bayrem,positive
video wa3er music wa3ra,positive
5edma mezyana barcha bravooo wlh,positive
cliip daloul,positive
mouzika chbeba w klem 7low,positive
this song is addictive can t stop listening since this morning nbravo lawled,positive
bravo ghneya mezyena yeser,positive
yacine jouini hahahahah ya9wa alik rabbi hhhhhhhhhh,positive
hhhhh 7ata tofla ttzlt zaltan,positive
hhhh oui très charmant yfata9,positive
lyrics blhy rahi berrasmi tayara,positive
bravoooo yeser yeser ma7leha keep up m3allem,positive
saha m3alm dima m3ak nfrom soussa 3,positive
mezyena,positive
like chmeta f baya zardi v,negative
bravo tres bon niveau bonne continuation,positive
raw3a,positive
beraaaaaaaaaaaaaaaaaaaasmiii to9teeeeeeeeeeeeeeeeel amaaaan ahsen ghneya smaaaathaa tokteeel tokteeeel tokteeeeeeeeeeeeeeeeeeeeeeeeeeeeeeeeeeel 3,positive
khedma tayara barcha bravooooo,positive
un duo exceptionnel keep it up,positive
finally a song fy trending mo7tarema w tetsama 8onaya bel79 mech ba3ed akel tafahet bravo au moins wa7ed fyh le5er,positive
yar7am el om eli jébéték hahahhaha gétlouna wléd el kalb,positive
kol chy yedawa5,positive
j aime e9bal manesma3 hmeta fi baya zardi coming bro oumour jediya,positive
8neya mahleha clip mahleh w couple mahleh w ya3ref ymathel on dirait couple bilha9 j adooooore 5edma mahleha bravo,positive
il clip yesir ta7foun 3,positive
bravoo,positive
7assetha baya zardi tasma3 b sa9eha mou b wedhneha,negative
ili mozikto zaboura mayanja7ich fi tounis isma3 hathi twa tafhim ,negative
250 j aime 5atir ta7ki m3ana bil anglais hhh cha3b zkim fibelou les langues tha9afa 3a9liyit taba3iya,negative
mela chnawa tha9afa sidi khouya,positive
hmd l9tha bravo hhh,positive
66 je n aime pas teb3in bayya chlafet zardi,negative
breesmi bravo m kalimet l jeu de clip l kolchy,positive
yeser tayara lghneya wel clip awel mara te3jbni haja kima haka continue,positive
wwwwaawww rawwww3aa bravoo elii jii men oumour jediiia ya3mel liiikk,positive
hahaha w eni zedaa,positive
bravooooo hethi ahsen ghneya ghaneha bendir man w clip tayara bravoooo encore,positive
hayla,positive
raw3a,positive
inti wel 8onya zouz 3al ma7lkom hh,positive
in love nel couple yfat9ouu,positive
un professionnalisme pour les acteurs et la production de clip nfahmi riahi soutek tayer m3alem nbayrem kalimetek mouch kel3ada kenou ynajmou ykounou a9wa,negative
ghneya hlowa brsha,positive
awel mara te3jbni haja fi tounes bekhlef el rap good job bayrem nshallah dima l9odem,positive
bravo wlh il faut toujours changer n5edmett les clash ma3andha wine twassell 3,positive
ghnaya trés touchante w allah ysam7ek w ydinlak y,positive
borjouleya tayara barcha bon continuation bendir man wou fahmi awel marra te3jebni ghneya tounseya haka,positive
merci 3al ghneya el mezyena hathi vraiment merciiii 3,positive
tooooop 7aja ndhifa est touchante,positive
tres original bravo bendir,positive
kapanga prod ti tefhemm 7aja heki brabi,positive
baya kan t7eb bi ey tari9a te3mel buzz fi 7kaya w ltwa ma najmet kan yetba3 el buzz twa awel 7ad yechrih hya mamset hak raht 7acha 5li9et rabbi,negative
bravooooo hakka twensa baldia chnwa ynajmo ya3mlo,positive
hhh nfathlk,positive
ghnaya mliha bzf bzf clipe ndif wmlih wles paroles aussi mlah mn dzair keep up kho,positive
tayra bravo,positive
krima mami baldi,negative
mesrati achref wallah kont da5el bech n9ollo 3lih nal9ak sba9tni kifech yetnsa el kartha weld nahdi,positive
w tawa zidohom jiji show,positive
zidhom weld awatef,positive
ala ayari yar7am weldiik,positive
rabii ifadhlek y al kho,positive
meryem hbii hhhh khater ma ritech khiyena ena fl clip ybenou yhebou b3adhhom,positive
non ma5anntouch l clip ya7ki 3a rajel mriidh ichok barcha hawka fl le5er 9alha sama7ni bkitek,positive
elli ya3mel abonnè lel chaine mta3y tarja3lou 3 et merci,positive
elly ya3mel abonnè lel chaine mta3y tarja3lou et merci 3,positive
khouloud agga 9talha fel imagination mte3ou,positive
billehi saybouhom lazim t3arkou 7ata s7ab fi b3athom bravo yal bendir wassil,positive
asma sol rit maw ma fhmtch alch ma tatl3ich awl ma tlawej aliha,negative
7ata ena c est la même chose yesser 3ijbitni 3,positive
tayer bravo,positive
ghneya ettir chmeta fi baya zardi 3,negative
yaccerr ta3issa,negative
tooop aale5er bravo,positive
raykom fi el vidio mt3i el la5reni,positive
brabi chnowa hada clip maset mafih 7ata rou7 ka3ba la c n importe quoi,negative
3la ana clip te7ki,positive
ramzi dridi ta3lech mta3refch 7ata ta7ki azebi bhim,negative
awel mara t3jbnk 8neya tounsiya,positive
bravooooo chkoun kifi 9aad yestana feha meli taadet f oumour jedia,positive
ghnéya tnik fi ras,negative
tik saha bravo,positive
fahmi zabour le5er yghani wala yehki m3a 7wayjo,negative
hobi nit3arfou,positive
yosr barkia chemdakhal aïcha attia lol,negative
adem aa nahoo bdaa el taal7iiss 9aaleek 7obi hhhhhhh mosstawayeet,negative
yosr barkia nchkoun mil prepa,positive
vayne wenti chkoun zeda,positive
hahaha ya mar7ba,positive
elli ya3mel abonnè lel chaine mta3y tarja3lou 3 et merci,positive
hhhhhhhhhh wlh 4albt 3liya 7ata ena,negative
elly ya3mel abonnè lel chaine mta3y tarja3lou et merci 3,positive
5edma masaretch fy tounes bravo,positive
so cute haja jdida,positive
to7fa,positive
en boucle beau travail bendirman ou bayrem kima theb enti hhh nbeau travail aussi fehmi riahi nc vraiment du lourd ,positive
tayara 3ale5er bravoooooo,positive
saha fréro,positive
7louya barsha bravo 3,positive
franchement bon courage les artistes j aime bien,positive
hedha el 20h mte3ek si bayrem hhh,positive
ama khedma chbeba ou bravo ou nchallah todhreb chmeta faka el mastaa,positive
lmouzika a9wa mesout bessif nehfhem fi el parole,negative
thaaaaaabbbel zah en boucle,positive
baraaa ay chmeta fi baya l zardi nchallah tfarga3 l 5milions,negative
gerha barcha y3jbny bendir f romantic w 3jbtny barcha partie taa fahmi tbarkallah alikom zouz khedma chbeba n,positive
ya3tik sa7a 7loua yeser,positive
la premier vu n,positive
barchaa fan w sout mèzyén bravo sabri,positive
ftou9,positive
un vrai artiste ce mec,positive
barcha fan,positive
7louwa,positive
ma3lem ghenya mezyzna barcha fekert l clip concept jedid class we chebeb 7aja jedida bravo tt equipe,positive
vraiment ibda3 3 men a7san l artistouat fi tunis positive00 hardwork,positive
ena yeejebny amma brabby aandou 2 ghoneyet o replay mte3 bouh wyn tchouf fl hardwork,negative
hahahaha kaffon n aime pas ça,negative
masrou9a,negative
hhhhhhhh ya pffffffffff,negative
mariem dhouib makarouch bsara7a hhhhhh,negative
mariem dhouib 3almou el mas2oulia,positive
7lowa 3,positive
ya3tek esa7a,positive
m3allem wlh,positive
bab bab bab,positive
famma 3 mwabna 3amlou dislike,negative
elle ressemble bcp à la chason de cheb mami tirara,positive
saadia mosbah lol masrouka l fekra men aand mikeposnervevo ni took a pill in ibiza,negative
barcha fun,positive
achkik lemine kadem,negative
mich normal kifech aamalt ha si rafik,positive
la classe f kol chy ha rajel mouch nrml,positive
nouba bravo un feuilleton qui m a vraiment marqué,positive
yst7a9ha,positive
oh rou3a abd lahmid bouchna9 wlah rzana w 5edma mzyena quelqu un 3arf win y7ot sa9ih,positive
maalem bouhmid tma9ses aalih,positive
bravo mosalsel mch 3adi ena wallah tabba3tou 3l you tube w kammaltou l bare7 mch normal 9addech fih mn variation d emotions w 9addech fih mn recherches 3la detailles sghar el epoque t3addet 20 ans les personnages t9oulech 3lia kont nchoufehom 9oddemi ch bch na7ki 3l casting l momathlin ychebbehou lel personnages elli la3bouhom awel marra guess rou7i 3ayech fi mosalsel ychabbeh lettwensa ml 7wem 3arbi m sahriet w jaw w mashakel l 7wem l 3arbi bochna9 w l equipe mte3 ennouba nasswena fi mosalsalet mfabrka ma tchabbahch lettwensa chapeau bas abddlhmid bou hna9 fannen w mnin hek l 3rayef mn hel chojra artist weld artist malgrais elfann ma yetwarethech und autre fois bon courage,positive
bravo abdelhmdid bounek,positive
you deserve it mabrouk alik w nestannew fi haja ma khir aam ejjey,positive
nouba a7sen mousalsel howa w mayestro,positive
ma7leh wallah torbia w a5la9 yest7a9 kol 5ir w nouba berjoulia nestana fil part ii men taw w nchallah eli jay 5ir bonne continuation abdou,positive
nouba w wled moufida ahsen zouz,positive
testahel prix nobel ya abdelahmid nbravoooo,positive
maestro a7sen oi7ed ama zada nouva ifata9,positive
yechbah l post malone,positive
enfiiiiiiin kol aam o awled moufida yekho f jaweyez nyezyyy enfin hajaa khiir meno tal3et aam snee nbravo abed lahmid bouchnak t as fais un merveilleux travail,positive
maystro khir menhom kol dommage wlh,negative
personnellement meilleur feuilleton bravo,positive
bravo a a bouchnak un travail remarquable précédé par un long métrage d anthologie une nouvelle génération de cinéastes admirables jeunes talentueux et ambitieux qui éclairent d une lumière nouvelle ce pays plongé dans l obscurité et l incertitude bravo,positive
j attendais romthan awards min 20 romthan kif wfew lmousalselslet lkol 7abit nchouf chkoun meilleur acteur w chkoun meilleur feuilleton nouba top top numb one sna mala abd lahmid bouchnek artisto,positive
mabrouuuuuukkkk tesst7a9ouuuha wallah,positive
mabrouuuuuuk nbien mérité,positive
a7sin mn 9dhiya 460 w lmaistrou metfarajtch fih,positive
sakura 3aychik 3zayza nchaĺla 3idek mabrouk w snin deyma ama ena nis2il fik ne5ou f rayik 5ater mazalit metfarajtch fih w nes lkol yochkrou fih 9olit à ce point 5ir mn 9adhiya 460 w lmaistrou,positive
bien mérité,positive
mchlh 3likk nmawhoooooooba,positive
mamset zok omek,negative
ma7leha lbnaya w ma5af rou7ha,positive
hhhhhhhhhhhhhh walah nebda nestana feha b d9i9a w draj,positive
abonnée ee jeem3aa nhehb naakber chaîne,positive
marzen 3osek,negative
chab3a dahk hhhhhhhh,positive
mamsatkom,negative
hiyaa ta3mel fiha 3ala jaw behyy w zid hiya bhya fi 9rayetha ma3neha manohkmouch 3all ness min mathaherhom,negative
juste nesel eli yadhhhkou aalehhh,negative
winti miboune,negative
mamsetha,negative
ahla haja faha lahjetha 3jbetni barcha tbrkla 3lih,positive
m3alma,positive
mamset sorm omek,negative
bilehi lili y9oulou masta w mjet chy w m9l 7yk w ttmnyik 3nes,negative
awel comedienne te3jebni f tounes bravo continue,positive
aleh brabi haka mizltou tjibou feha mala hala,negative
masta,negative
hhhhh yatehha saha,positive
dhahra sel3a bent houma aarbi force force,positive
msataaaaaaaaaaaa kollech ydha77ek mafhemtech chnawwa illi ydha77ek cha3eb la 7awla wala 9owwa tfouuuuuuuuuuuuuuuuuuuuuhhhhhhhhhh mammmmmsetkoooooooooommmmmmm,negative
masta lastaaa,negative
mala k3baa xdd,positive
thabil itofla,positive
borjoliyya bas la majat chay,negative
hhhhhhh bravo bon koraje,positive
rap tn ey msh khayba heya ema hedhy majbtsh fyha w fama 3bed thes mathbsh,negative
baratli le walah le mais fama 3abed hasesa w mathbesh w tfadlik yeji insen yadhe7k ala 3abed b tary9a edhika fama aabed l n accepte pas w lazemna nehatrmhm non mesh kol shy fadlka w dhahehk,negative
mais probleme todheher tres masculin sa façon surtout ki te7ki kima les clocharat,negative
world y weldi raw stand up mouch bedharoura hiya fel 79i9a haka,positive
mamsetk sayb alik mili tamil fih,negative
rihab hhhh ab3eth ha,negative
mala 9elettorbia ou tgou3ir fil les sketch smina 3ib yekhi normal tmenik 3ala ness chneya 9elet la7ye ou yekhi chbi haka ya7kiw,negative
yecer tsih,negative
masta l7a9,negative
masta kizebbi,negative
sada9ni 4amra barcha,positive
nourmal enti,positive
mamset 3osha,negative
sa77it nour daassi mais ne parle plus trop rapidement et donne à chaque personnage que tu présente,positive
bravvvi,positive
wali 9ol jabriya raw chalk,negative
bant salyna wasli,positive
jdid 5owya 9waya barcha,positive
stop making stupid people famous yeser besla w mahouch stand up hedha w mahouch comedy show,negative
nhib naaref haja bark yekhy l stand up hedha idha7ik i mwahed chak fi ro7ou pffff n msata_amsat_mil_msata_min_ghadi,negative
mamset 3os omk,negative
tofla jabria yesr w mat4a7akch w mat7bch tefhm rou7ha normalement tensa 7aja esmha sketch wlh,negative
mamsatha,negative
bravooo lwa7idaaa ltfarhedd 3al9albb fihom,positive
ktibet bilel missaoui ma3rouf how elli ken i3adher lektiba el karim maymna3ch elli 3andha mat9oul fi rou7ha ka stand up,positive
bravo wasel,positive
la la la ser9etou el sketch hetha a3mel haja mn rasek w marahba,negative
wlh tofla yeser talentueuse ama juste m3dch thez ch3rk lteli 3ndk e santou3a,negative
ya3teha 3zaaa tounes,negative
yeser msata bsaraaaha matdhahakch hata tarf mafhemtch 3lech tadhahkou don t make stupid people famous,negative
stars wtff c mon avis w mandich àlech bch ne7sedd bjeh raby n ana aslan mentcharfch bch netlaa fiha talfza tousia,negative
mamstek bsara7a mafhemtech 3lech tadha7kou,negative
tofla he4i 3andha barcha tjoubir w mahiech fehma rou7ha normalement tensa 7aja esmha sketch,negative
ta3jebni barcha,positive
mfhemtech 3leh matdha7akch w3bed tadh7ek masta wlh,negative
mastetha ilyoum,negative
masta lasta amset lokza choftha ya wledi mchet etalfza,negative
génération moch gerenation,negative
3sel had tefla,positive
ma7leha nchi5 3leha bravo,positive
mamsatha,negative
3 bandes blanches ya bhima,negative
mamstek pfffff,negative
chneya ye5i vedio hetha ytha7kkk mala mssata zahh mafhmtch chbihh joumhourr yath7kk,negative
masta,negative
marzen 3ossha,negative
télé de merde humour de merde,negative
mahleha,positive
wlh 9olt il7a9 n7ata bnet rif ye7kiwch haka nmechi fi belha kite7ki haka bech ttha7ek hhh,negative
chbii zok omkom me tkhalou had chey5 lezem ta3tyou raykom me ta3jbekch me tetfarjech fiha,negative
esaber yeeee rabi southa barek fthi7a,negative
ye5i lahjet chamel gharbi wel wasat tdha7ek bihom fl3bed ghriba wlh jib mawdhou3 ahki fih se3a mamstek,negative
model la7keya hethi lil2asaf,negative
ena nod5l nhel l video bech na3ml commentaire akhw yaaa rabiii mamsetha chnia lokza hethi bara a9ra wala chouf san3a w 5ali blassa l 4irk yesr masta w majet chay w mata3rch la tmathel la t9ald la chay,negative
yaatik saha me khallitli man9oul hhh,positive
chaouachi mawjouda barcha la7keya nmaw ili maygedech rou7ou m3a wa7da fi 3omrou tarthach bih ydawerha bnet s8ar fil 3mor atheka 5ater ibkol basata ysad9ou kol chay w ynajem y3adiha 3lihom nhaw mola5es ilhadra barcha wled birjouliya m5abinha la7keya,negative
chkouni hal khnena,negative
kertha mt3 dhmar lkolhom 5dhethom mn noket lfb,negative
hkeya fergha,negative
k zebyyyyyy,negative
ma3as ma4hab bouk 3ossek arzan mn positive0 ranset simen,negative
makhyeb bdanha w mamsatha ala chnowa yadhekou,negative
maselk had 3la rayek okk,negative
hhhhhhhhhhh malla ka3ba mahleha,positive
chapeau bas,positive
y raby b dmuu3 bravo tik duda,positive
mariem jabetha bthabet,positive
mch nrml htfla wlhi t3rf t9ld htla,positive
thabel hhhh,positive
mahich 3adiya tchbh lnes lkol bravo,positive
mama kertha bsara7a,negative
lotef ya rabi wallh,negative
enti bydek sel3a hihihi,negative
hhhhh bravoo,positive
ah la la meskina dabbagha kan démissioni men chroniqueuse ahsen nmais est ce qu elle m écoutera nce genre de chroniqueuses est devenu une mode étalage de plastic omnium nntouma 3andkom mariem dabbagh w ne7na il y a nabila ben attia par ici,negative
hhhh 7ala 7lila,negative
brabi chkoun ya3rf tiktok mte3ha chnwa esmou,positive
hhhhh 3sal etofla hh,positive
ma7lehom ayem zmen,positive
sitkom 3alami w ili m3aya,positive
merci lli 7atli jam,positive
m en a7sen les setkoms fi tounis,positive
wajiha tooop du toop hhhhhhhhh 80,positive
mahlakom kol sans exception,positive
tyy zaaap la,negative
aman ken ya3mlou joz2 e5er,positive
moi love sitkom el hajema,positive
ya manal rak asla,positive
ahlem ma7leha,positive
bien tout le monde nadia hamami,positive
mekina,negative
yhablou kol wallah,positive
yhabel,positive
brabi titre de musique 4,positive
j adore wajiha wooooooh pika w chathetha assoulaaa manel continue sadouda chapeau,positive
hbal sa3ida,positive
yeki fama halka hdech,positive
waaaaah yhablou j adore,positive
mamsatha lemra mta pub,negative
vraiment ma7lèhh,positive
tayaraaa,positive
hhhh dima présente f replay xd fooooort wajihaa,positive
tofla samra yaser mézyena les traits te3 wejha yhablou,positive
hhhhh 7nejbeek,positive
nestanna fil playlist li tetl3ab kol youm hhhh fort fort,positive
bravoooo,positive
yhabel hhh,positive
thablouuuu a7la sitcom vraiment bravooooooo,positive
shneya yekhy eseem el khoneya,positive
ma7leeeeeehom ma7leeeeehom,positive
j adore vintage style abd3ou,positive
basma habboubi ya bnti lee mch y7ki 3la wajiha y7ki 3la manel,negative
khaoula koukou ysal alikom lkhir okhti,positive
nada zaki raby ybarek okhti rana bled whda,positive
allah yselmik,positive
za3ma belha9 omi fadhila ta3ref tsanaf,positive
hal9a tnik,negative
mala sbou3i hhhhhhhhh,positive
rabi yarhmk nhbok klna,positive
hal9a toop,positive
3jbni style nta3 moul l rouge lwl,positive
belehi heka zouhair erais hezouh ydeoui,negative
tfi alik yamostfa,negative
mamsatkom,negative
bravo toura,positive
nhbkom,positive
7atena kifek,positive
winou emin l imam,positive
conclusion de la zeblaaaaa cette émission bravoooo les gars pour votre auto dérision,negative
bravooooo zouhayr vous avez tout compris,positive
fakir mt3 sbo3i sl3a hhhh hhhhh hhhhh hhhh hhhhhhhhhhhhhhhhhhhhhhhhhhhhhh,positive
torra ahssen weheed hahahahah,positive
3asba el tounis,negative
yekhi yemchi w ybaghel,negative
mustpha houas ya miboune,negative
li y7eb ya3ref ma3na tha7ek w tha9afa w tanchit w 3elm yetfarej fi barnemj steve harvey usa t3almou gedechkom tefhin w fer4in w mastin t y hethom fananin w yokhlsou w 3andhom fans,negative
amine khala blastou,negative
mafhmtech nadh7ek wala nebki badlou bara t3almou comique shih fachlinn,negative
ken chouftou 7aja tosle7 btounes 5ir mesa5afet mta3 hmal tfasdou filmojtame3,negative
chab3a dha7k m3a nidhal,positive
8ibet amin limem,negative
nokat l épisode hedhi ta3mel dépression,negative
sa5fni joel,negative
mostfa 7was mala 3os,negative
li b lahmer yahki kil mibon w dèja mibon howa,negative
klmt kar 9alha martin zeh femma nes tetfakker klmet kar yetfakrou el metwaffin yendra expre,negative
bellehi mout,negative
ye5i mwebna hethouma,negative
mamset zok omkom lkol,negative
mala msata ou aka mostfa ken mchit 3mmalet rijim ya bou bazoula mala za3ka,negative
mamrdou zouhayer e5it mala go3er,negative
chnoa hal wanna,negative
mela 3bed mnayka man ken amset ya3tek 3asba lik wliliy yetfrej fikom,negative
hhhhhh walah,positive
zouhayer dhahktu k film joker,positive
barnemj 5saret wakt w flous,negative
enchallah 3ejbetkom l7al9a lila,positive
bsaraha yeser maaaaset mostfa,negative
mazelou menek 3bed,negative
saaakhno lbayt,negative
akther mel msata men ghadi,negative
merci nes lkol nchalha tkoun 3ajbtkom 7al9et lila nhbekom lkol 3,positive
winou amin limem zah,negative
awel cmntr,positive
7chahalik barra ichki,negative
bari osetri rou7ek tawa rabi yhanik mara jeya w toubi rabi w yezik m en tnoufik w la3betha fyana w tcha9nis ya rou7iii 3likk ya tounes 9adech t3ani,negative
hhhhhhhh français cassé et mal placé les tunisiens me font de la peine ils veulent parler le français malgré ils l es maîtrisant pas l algerie mon amour,negative
info toi aussi tu me fait de la peine wallah,negative
jabik itma3 yachi ta7chalik 7sibt 7isba tal3itlik ba,negative
tfih 3lik jeya 3eryana barri ostri rou7ek wallahi 3ib filli jebek 3melti el3ar e7chme 3la rou7ak t a oublié que tu es arabe musulmane les gens ont raison pour la fermeture de cette chaine,negative
w ana vraiment variment mafhemtech kifech mafahmekch melawel vraiment variment 3edaha alik w enti professionnel hhh,negative
tekdheb,negative
deux paire qui ce rassemblent une grenouille avec un courbeaux noir et votre temoins ce souriseaux el dehri,negative
yahtek nam dahra kokha kedb heki banqa etkamelha flous flous yatihha falous yegbolha namha,negative
ye5lihomlek 9adekch bal3outa,negative
ken je fik el5ir lou ken fih la3youb sab3a rak w9eft m3ah après tt rajlek nama enti wahda matahyech w monteuse et matérieliste,negative
blad 97ab zabour om hal manader,negative
ezab aycha fi tounes etbi3 fel mlo5eya bel 3alouch yetfarjou fik twensa w presque kolhom 3zeyez ena bidi besodfa t3adit w ther w tahki bel f5onsé ti ezab ezab ma3fatkom w matfahkom ye zebi ye zebi uuuuuuuuuuuuuh ye kokhza ye ghich rahou mech el francais bech irodek 9afza mala 3fat fel twensa,negative
tahchifih,negative
yahamla yagahba,negative
aleh l insen ki yotja3 mybkich le kbir le sghir ki el galb yotja3 yebki ibn adem,negative
blm tunis ta3k hadi kol chehar nro7 2 fois allah ghaleb tbib la3joz brk mahtomw m3acherhom w na3rfhom ychofo fina swared,negative
ghadetni meskina,negative
ahki bil3arbi manstik,negative
nanshek ostor rouhek avant tout wmadech t3arri nafsek esotra behya rak mra lem rouhek wmatkhali hâta rajel yra lahmek oster nafsek,negative
chimda5el l style vestimentaire felly hiya ta7ki fyh,negative
tefha tahki bel9oran belghalet mal la 3ajab fi tounes,negative
hhhhhhhhhhhhh niyah wlh chmit fi omha ilkalba,negative
iaaaa malhet,negative
3arassit 3la lifloos wo tal9itt 3la lifloss wojaya 3la lifloos manavirr,negative
tkalmi bel 3arbi na3en zabour omek,negative
mala jabri ta3 zebi hhhhhhhh tkalmi hhhhhhhhhhhhh,negative
enti yar7m 3ami,negative
ma5alelha ken bazoula wahda hhhhh,negative
3arset jebha l l emission tal9et 3awed jebha,negative
je suis chok,negative
taw anti t7ebb 3la chkoune y5alles m3ek dyoune el3irs,negative
testahel l3ab 3lik hadhika lebsa telbsaha goddem bayyek,negative
francis walaw ya7kiw bel 3arbi tawa,positive
wala kolt el hak ena omi française ou kan je rentre au bled je parle que en arabe elle elle n est même pas française c est ouf quand même,positive
malfoy 3la ases elli ta7ki fih lahjetna lol nken ta7ki francais khir wallah tratta7 rou7ek w tratta7na,negative
tet9ou7eb jaybetha française,negative
ay ay ay ay 9ta3t la3bed 3la 5atrou fille5er ka3berhelha sa9et,negative
bichet hsibou moulleh,negative
compte joint rahou compte bancaire ouvert au nom de deux personnes ou akther maaneha inajem ikoun rajelha le seul eli 7atet flous fel banque et en cas de dettes kifha kifou hiya mas2lou bech tkhaleshom donc juridiqument el rajel mech serak we ta5rlou fih we zid mehich bahloula netsawerha taaref el systéme mtaa compte joint we rjaaelha inajem yechki biha 5ater tetbali 3lih fel media,negative
za77 sa5fetni hhhhhhhhhhhhhhhhhhhhhhhhhhhhhhhhh,negative
testahel rabi tah fik w hakka c la punition de dieu 3al akel roba elli labestha,negative
ka3ba la fil français maram,negative
klemha shih w mahouch mkaser,positive
nothing matkamilch jomla kémla,negative
gasmi se3a heya tosken fi france 2 el kol hakeka kelma en français w kelma bel 3arbi moch maaneha mataaresh tahki bl français,negative
hhhhhhhh mala jaw,positive
wellah ya maram hak rajlek lewl li klabto anti w omek,negative
sbigt mich lbroka 3alik 5ali lon ch3rk 3adi mbrok 3alik w jrbeha w tawa tra matbkich s9it,negative
au même temps hia actrice w manquin mechha bech t3aress m3a wehd mnateff,positive
ilkolhom mahomech mta3 3ers o 5omejj,negative
lal5ir fik oulafi elliyasma3fik oubarra ghatti bazoultek we5chem,negative
elli itaba3 elmadhaher yo93od 3lih by force,negative
bravo,positive
ostor ro7k ya bint 3mmi,negative
bilha9 mawlouda fi tounes ama tahki francais akther mil 3arbiya ana mes enfant wildou fi franca wi n3ichou fiha 20 ans ama ki nrawhou ltounes yahkiyou 3arbi wzada fiddar ama lbarra yahkiyou francais barcha twensa yehkiyou francais mouch normal fi tounes,positive
ali wenti ech yhemmek,negative
sandra bruel kol oehed o kifeh yheb yahki shyh tounseya mais elle veut s exprimer en francais ty lwehed saat mayarech ywasel haja bloughtou khali ya heya li aaycha ghady o andha nationalité française,positive
sandra bruel instagram wala télé yetfarjou fehom nafs laabed presque kima yrtfarjou feha tahki bl aarbi yetfarjou feha tahki bl français lahi twari fi roha la chay meme sami chtar lklem li kalou en francais,positive
hhhh nti spontannée to bkolk mrakba w maskya w mkch 3la tbi3tek,negative
ou sotak achbab,positive
alech tame3a maram ne9sa flous just howa weld 7ram d5alelha club système 7ob etc w zid mch ken howa 90 rjel twensa hakeka yod5ol tofla mel beb lekbir za3ma za3ma bech yest4alha fi abset hajet ama rabi mawjou,negative
ernandes o 3lach hiya moch tha3leb 7abet techwahlou som3tou ne3ref 3laha barcha 7ajet,negative
gamers join us ki wehed i9oul la79i9a mouch ma3neha fa3leb,positive
3leh bjeh rabi yeziew ml 9oheb,negative
pfff miskina weld l7ram,negative
7ram 3lik,negative
nciri tefsir el eya barsha ness moush fehminou,negative
sois courageuse rabbi m3aak,positive
mahhhet,negative
aaycha fi france,positive
aleh kol haja torebtou feha bel quran w b rabi kol wehed w kifeh yalka rahtou kifeh i3aber khalik enti fi hawitek yezi,negative
meskina rabi yoltef bina,negative
hhhh tah fik rabi ye kahba hhhh,negative
chibic ta7ki haka 3la tofla raho 7ata na7na na3rfo nsebo ama mtrobin a3lik,negative
mekva firayeux itheb ala flous yeki tahet bikaleb hhhhhhhhh,negative
kahba ama mahich mnayka kifek tdour tseb fel laabed fel les commentaires,negative
meller na3mloul cha9a9a meskn,negative
ye kahba,negative
bravo sami,positive
bizarre 9adech tchebeh el mikaël jackson dhaherli c est le même chirurgien qui les a opérés hhhh,positive
ta7ya paparazy,positive
ta7chou fih,negative
paparazzi howa bader weld moufida,positive
kn mchet tobt 5er min li tmchi li tbibi nfseni,negative
bent chikh,positive
ckounha,positive
mahich mfabrka 7ata taref,negative
metfahmin fi b3athhom,positive
ya 8a7ba ya3tek zib 3la zabourek,negative
k7ab mte3 zebiiiiiiii,negative
ya thnoubi kan 3andek 3ayla hhh,negative
buzz kolha,negative
e cha3b mchey neyek b charr w 9aheb chey5a fiha aaah ya touness,negative
ferjani sassi da5lelha wkalm ra2is zamalek bch raj3elha l passeport,positive
bayin yasir kayfa wtatba lrabi 3zayza ken jit kayfa min lmot rak mouch fi lhala hathi winti 3aryana whala fik ken tobti lrabik kir,negative
yehlkek ya z3ayem chtarfou tmathlou,negative
winq ya klay hess rah tklacheha,negative
7asetkommmm tekkkthbooooooo,negative
paparazzi ya m3alem,positive
ki t5afi mel mout 3lh ma testrich rouhek,negative
ka7bapositivepositivepositivepositivepositivepositivepositive,negative
hahaha hkayet houle,negative
blhi tpositiveb3 hamza bagouli raw hblni kol youm yosref foug positive00 dt mouch y5dem,negative
ya kahba fadhek jebtelna laare ltounes,negative
ma niktou lbled ken intouma,negative
hhhh fbeloum 3and houm asrar fi9 3asbe 9hbe ou zoz mwabne ou jine nakouh tfoh,negative
za7 lasab jewbtou b jor2a akther,negative
ml kalba mt3 za7y hethy bar a3mel 7al lirouek nathoum ely tay7ou lbled,negative
malhet,negative
mashet tirmitha fi plateau,negative
kol chay mrakeb t7essou kn bel7a9 mat7ebech tjaweb milouwel to5roj,negative
ta7shi fiih,negative
flosss echa3b mechinnn lel 9hab,negative
kan mchiti saliti wt7ajebti 5ir,negative
mchal9a mfabrka m3rftech tmatel mli7,negative
9hab,negative
t5aff mel mout hhhb bech tmout ya madame gali 3lomout hay hay hhhh,negative
ta7chiw fih kolkom,negative
mafamech 9atouss yistad irabi ya gahbouja,negative
mahouch dhaher ziyed mekki 7atta tarf,negative
azl3 la g3ad,negative
jebtehe lel 3omrek konti te3rfi li bch isir fik hada el kol mekch awel wahde welle a5er wahde hawka nes ensou 8oneitek ejdide welthow f,negative
slam,positive
mezltou haka t3ichou hhh tmadhlou la labed lhadarja thebou al buzz khyt hahahah,negative
ayh mela ysalm tla3wiisk w akil wejh 3lik eli y5alii chkoun ya3mlk cclip fel maldiv b flouus cha3b w t9ol dhara2eb dhara2eb t5alaslilk clip fel maldiiv dharba wahda ykeb sa3dk w sa3d 8naytk zayd w bara tounes 5oor tooor,negative
7keyet video kidhba mofta3linha m3aha hia,negative
yedkhbou hia 3atyethom lma3loumet wm5alsinha kima ghirha wta3mel ro7ha mafibelhech,negative
w mohamed ali moncer l3ab wa9tha f masr,positive
moch nagezz l ferjeni sassi,positive
ye l ferjeni sessi ye ma3loul,positive
bellehi kifeh 3rafet,positive
ye5i mahdi ben gharbia men wa9tech siyési,positive
ali maaloul wo siasi bahri jlassi,positive
mabannek wallah,positive
ach ti7chou fih zab ti houma mitfahmin 3al as2la lkol w la3binha mafiblhomch hadhoum houma bani 9ahboun,negative
c trop 9o7bbb wouhhhhh fadit menkom,negative
mala zabour beyen l mou9abl dharben s5oun,negative
wye zebi algerien mela ili inik feha,negative
rabi yawnk,positive
5ayfa mn lmot bara sali wodhker rabi,negative
flous zwawla yosrfo fihom 3al 9hab,negative
97aaab,negative
sabou 3liha lgezz tofla hhhhh,negative
ti dhaher moula 9anet nessma,positive
chouuf fdhy7kom w cheba saba7 mta3kom w mthliyin w cheb manar w w w w 5onarkom kbir ya,negative
ma3ndek mnin harba mél moût ya ya ya ya,negative
y5af m mout ken l kafer y a 5ayra ostri rou7k w chedi trig taw yetna7a 3lik l 5ouf,negative
kitab maftou7 y a mama y a mama,negative
hhhhhhh kolch makhdoume f kawalise pffffff kolch mafdouhe f tv tunisien,negative
z3aiem makbar rassik rassik 9oulich 3lih ba baggueri hhhhhhhhhhhh,negative
ya3tik nam lik wé li hedi za3im ta7chi fih ya3tik wallh bi 3asba,negative
jiiheen mhebik hata rajli 9ali ferjeni sesi,positive
waleh rajel,positive
tawa rajel siyasi mawelha belleflous wech3ab fisbitar y3ani mal9ach bech ydawi wela bech ya3mel tsawar fi 7kayat fer5a wefsad ymawlohom belleflous cha3b miskina tounis t3ani men i3lam l3ar welmafya wessoura9,negative
bled t777777iiiinnnnn,negative
kolou kitheb fi kitheb mraba 3ala nisbat mouchahda,negative
jibou fil 97ab wtwali chrifa bent fathel 3ak3ek ya tounis,negative
kthba,negative
yemchou ybi3ou rwe7hom wi jou ya3mlou 3lena fanenet ya hmel bracelet diamant 3la swed 3younek hdeh,negative
nafs synario mariem dabegh y7afdhouhom droushom ylawjou 3al beuuuuz,negative
mala paparazzi,positive
niko el 7all that hess mes cha3eb feye9 bikom,negative
eli ya5f mal mot kan el kaferr tfouh 3lik,negative
walah meskina tounes 3ameltou il3ar,negative
t9aldou fi tlayen paparazzi,negative
diga diga chbaba na7i l maquillage taw twali t5awf,negative
5ayfa mel mot mahou bari estri ro7k w sali gati cha3rek wenti bzezlek beyna may5af men el mot ken lem9aser fi 7a9 rabi nbas ya3mlou fih eboso 3ala zboubna 3ala 5ater el buzz ya3tou sramhom,negative
70 lotef 3atia rohek mou9abel flous wediamant zeda fi joret amthelkom chet9oum le9yema wetraw la3dheb,negative
talaat tfadlika w howa kasilha klemha f lekher w hayka chket bih,negative
k7ab a5er ezmannn,negative
chkounou,positive
hamdoullah 3ala n3met eslam e3bad dakhla fi 7et toueb erabbi atwa m3dech etkhaf mel mot,negative
slim riahi che5 fiha,positive
alahhh layrabhkom walete feha diamant ya wlede lekhab,negative
barri salli toubi el rabi,negative
mouch normal hal mhalim bdit nithalek biiiiiiiih,positive
siassi 3malha clip,positive
commenter laabed lotef mentailty 0,negative
ya nari 3la flous tounes wine mechia lel maldive jemla,negative
ye5i 3indek dar,positive
g3adeto ken tafeth7o ferwa7kom sami lfahri ftha7kom 3asba likom kol,negative
97ab tounes,negative
hhhhhh hay tol3et fanena,positive
yjiboulna ken fi lakhab hadi ya wejh terma ya3tek asba 3la rassek ya la7ass ya 7ssan,negative
yehdou fethhab wediament wele3bed ji3ana fi krouchha mayereb7ouch walah latbarekelhom,negative
brabi juste sou9el nhedhi chkoun,negative
enaaa wlhh mn3rfhaaa,positive
koll mara elii ybos basa yjibouh f tv,negative
sasha wallah hatta hya ma3adech tetchef telvza,positive
5ayfa mel mout men kathret el zboub eli da5lt fi termtik,negative
hatena adheka ch9olt wallah xd,positive
inconnu ey ama no9sod ma3loumet cha5sia w da9i9a hatheka 3lech staghrabt ama je sais li houma ya3rfou kol chay ama hetha hatta 3ayletha ma ya3rfouch lahkeya,positive
bel hadj ali ya yomna aych okhty shbik yecer neya hahhaa yeki lemarek li ly ki athyka andhom rjeel f diaarhom maaneha bch tkaaf alehom hya le yasm3u hahaha ty mam yaarfu lbyr o gtah haha o hya kifeeh weslet akeka ala southa hahahha tgouul bhym ynaheeg haha ty maw wesleet ml meedkha bl khatr mara maa montej maara homme politique mara maa kawarji o dyma yemchy haha laabed athyka testaaref ken bl flouus raby mayaarfuhech sada9ni,negative
amine ben khedher ey s7i7 klemik khouya tawa l3abd maya3rafch ysadda9hom wallé kol chay mfabrek ama ki tfarrajt 3lih l7al9a li 9balha mahissithech tektheb ama kima 9olt enti yaėmlou kol chay 3la khater lflous w hethi li jeybinha bsara7a 3amlet lfadh7 9al chnowa fannena iste3radhia fannanin 3ré w gré hachek ama wehid mel ahssen ma3adech yetfarrej 3lihom yemchi ya3mel haja tanf3ou w tar9a bih moch khir khouya mohamed amine en tout cas merci bien,negative
anehou l mathl f awled moufida ma araftush,positive
bayna felebsa ta3ha qahba,negative
hadi bayna qahba edir kolech bel3etaya,negative
siyésiyin yanta5bouhom ta7ana béch t3ich el 9 wlh 7ram eli ysir f tounes,negative
kima kol tha3leb itlewg fil cadouwet wil liflous wil likraheb,negative
ye mela mouselsel el rakisa we tabel,negative
da5let fi trip hhahah,positive
djaya 3ryana,negative
3eryéna géryéna,negative
tha3louba namrouda,negative
haka tafah hadii leme3ak yejib fel 7othalat lekifak bech ya3mil buuz a33333333333 matefahom yaseer tafehinnn,negative
taya7 sa3daak kan mechiti setarti ro7aak wlh kherlaaak rak tafeha yaseer a333333333 inti wel 7othalattt lekifak,negative
mla motsan3a lokzzzza web masttttttttpositive,negative
pfffffffff matefamhom yasseeerrr pfffffff yejibo fadaaaaaaa ya tafehaaaa intaa haka lemridh me3ak hadi a333333333 tounis feha yaser 3ebad lazemeha tetme7aa mel kawen jemlaa,negative
yetnoumsou,negative
bled chey5a feha ken l 97ab wel mwabna,negative
toubi l rabbi taw3ach t5afi mel mout amma 7akayetk u beyn fil 3amla 3meyl 5ayba fi denya hetho hetha 3lech walliti 5ayfa mel mout,negative
mouaz ben salem raweh w farge3ha yezzi men teflim 3arfinha 9anet 3ahra ama eteflim mech behi sahby,negative
hata any hajyt men zok omha w heni fi paris mais lwahed haw saber lin yti7 fyhom rabby hhhh,negative
suzy sassi w ma t3adalch 3al ji3an li ma chba3ch w lfahem yafham,negative
chkouni hedhi,positive
baba chkoun hh,positive
hadok moch bzazil hadok balon de cilikonn,negative
yyh shih,positive
thesha dhkar w walet mra methawla,negative
mich 3aml fi israéli 3aml fi lihoud,negative
laajili voilà 3mal fl ihoud mt3 allemagne,positive
filmowet walah 7asetha houma ili ya7kiw fi 7keyet lhedii bech ya3mlo l buzz,negative
papparazi ili ichoufou labes 7wéyéj i5arjou zghaaaat hahahaah bravo kolhom ivaysou alors que nefa3 allah ya 3abdallah,negative
oui bravo kol chay mfabrek wadhe7,positive
hh behia wela 5ayba,positive
yeser ifalmou alina behi mariem dabbegh 9arraha sami w hedhi chkoun 9arraha darsha za3ma,negative
dhareb l aasba wela,negative
tjyybo ken fel ma9ahba mte3 zebyyy,negative
deja jeee ala beli napil spagetti,positive
yaa bhimm yezzi m3dch t3ayr l3beddd yezzii mlbhemaa,negative
5ayfa mel mout o9rob men rabi atawa ma adech t5af,negative
lwah ta3ref 3leha inty 9riba min rabi wela nn 7atta wa7ed maya3ref 3ala ro7ou ken rabi yi3lim za7 9adach tibdaw t9at3ou w traychou fil 3bad w to7kmou 3lihom ma8ir mata3rfou 3lihom 7atta chy wlh 7ram 3likom 7asbou rwa7kom 9bal mat7asbou la3bad t9oul 3likom mlayka 0 ma3asi wow,negative
s wentyy 9ribaa mnou,positive
chmd5lik feha w tnjm t9on 9reb rabi alu5er wen trf nti,negative
pro lol ana ma9oltich hika manich nchaje3 3al 3re w kol 9olit famech 7atta bacher ya3ref 3ala ro7ou 9rib min rabi wela la 9ad mata3mil fil dinya hadhi dima wa7ed y7is ro7ou m9aser fi 7a9 rabi w zid chkounik inty wela hiya bech to7kom 3ala 2insen houwa mouch 9rib min rabi wela 9rib ken rabi yi3lim w hiya 7ora fi ro7a ken 9alit rabi yihdeha 5ir wakahaw mouch to7kom 3leha winty mata3ref 3leha chy na3ref chkoun dima y3arri w kol ama tasaraoufatou w a5la9ou machalah 3leha willi 3emla feha ro7a middenya a5la9ha matji chy donc mato7komech bil madhaher rabi ya3ref kol 2insen chnawa fi da5lou 7ram 3likom to7kmou 3ela 3abd kima hika,negative
pro no klamik 8alit positive000 5ater famech 2insen ma3andouch ma3asi fil dinya hadhi il2insen illi mayo8lotech mahoch bachar donc ma3andouch da5l bil 9orb min rabi 2inrty ken to8zor il ro7ik ata tal9a ro7ik ta3mil fi ma3asi ma8ir mak chali9 donc 3andouch da5l tnajem tkoun inty 9rib il rabi barcha ama 3andik dhounoub w kolna m9asrin fi 7a9 rabi ama 7md rabi 8afouron ra7im,negative
pro hika allahou a3lim hiya chnawa mata7komech 3leha ana just 7abit n9oul anou rahou le3re maybayanech 79i9et akil cha5s haka ctt w rabi yihdeha w yihdina nas lkol,negative
pro brabi sou2el inty tsalli 7atta ken tsalli ma3omrik ma9asit matsibech ma3omrik ma9olit klam zayed ma3omrik mad5alet mawa9e3 2iba7iya mara wela thnin matitkayafech ma3omrik machrabit i don t think so 2akid fema 7aja minhom wela zoz ta3mil fehom wela 3mlthom 9bal ma3nitha no7kmou 3lik illi inty b3id 3ala rabi w mt5afouch,negative
pro inty dhaher fik tfol behy w ma7lek motrobi ama nans7ik b7aja min o5t il 5oha ki wa7ed tal9ah ya3mil fil 3ib 9oul rabi yihdih wakahaw kolna 3bad w no8ltou 5alli 9albik kbir,positive
loukène korbet men zebbi,negative
bravo très jolie,positive
hhh mahboula,positive
yezzii 3lhh t3ayer fl 3bedd ye5yyy,negative
t7eeb chkouun yjii y9oul lomk 3osben,negative
kawla n7bek bezaf,positive
merym kalba mahich mra met3jebnich,negative
cette miriem est tellement faaade non ms sérieux elle se croit pour une miss hhhh,negative
w ya3ttiiiiiiihhhhh,negative
tu bary neyki ye 9ahbe taba8 wlh fameck itgoul zouk behim ye salop,negative
maryem dabe8 azyen,positive
sada9ni 3ana bnet ti tounes metrobin wbnet asssel b3ad barcha fi zin wil3in 3la hal manader hadouma ili mfaberkin fi tele walah ya maryem ya inti sauvage et la douceur dune fille ma3andekch jemla inti 5antha dkar,negative
malla zal3a w hiya fel 79i9a zeda matest7a99ech,negative
3ndi sou2el mariem 9adeh 3morha,positive
ya weldi kifeh miss adhika,negative
nase tnke fi 7alaw w houma maryme zbi 3orbet 5ourbte,negative
bravo la mise,positive
ma7ich mzeyna el miss,negative
en vérité elle peut pas être une misse elle est trop moche,negative
hadik maryem debagh tchebeh lerrajel hata fi tari9at klemha wa3lah rahi teskhar men kol lebnat wet9oul belli hia ajmal wahda je pense ki hia mrida w za3ma tetkaber ana khoft menha wallah kan tchoufni melghira bezaf kachma dir fia 3lakhater ana azyane w ajmal w ahla w achab menha bezaaaaf w hada min fadl rabi bessah elhamdoullah metwadh3a lillah sobhanou alf tahia ikhwanokom jazayriyine nhaboukom bezaaaaf silmia silmia khawa khawa,negative
oui c est vrai wijha ki rajel hhhh,negative
ana kont dima nji 3andkom ltounes m3a waldia welfamille ta3i nhabou tounes wenhabou nass tounes ettayibine wihabouna w yehtarmouna bezaf bezaf tounes 3ziza 3lina bezaf rabi ifarejha 3lina wa3likom inchallah neb9aw dima hbab silmia silmia khawa khawa,positive
inti min ou hâta na7na nmout 3alikom barcha barcha wilkolna w5ayen,positive
hammouda ana jazayria horra men wilayat setif madinati ra i3a jidane ta9a3 fi wassat char9 aljazayer manti9at setif tossama al hidhab al 3olya tab3od wilayati 3ankom ahbabna bi 300 aw 400 km fa9at fih kthir min ahbabna fi tunis ya3rfouni bi ism yasmina dziriya bessah bi sabab dhorouf mine 3aim 20positive3 mazornakomch bessah wallah el 3adhim khawetna mhabetkom dima fi 9loubna salam mini w mine biladikom atania al hazayer alf alf alf tahia wa salam silmia silmia khawa khawa,positive
noksod al jazayer al horra,positive
hammouda wahna khawetkom wen3azoukom w nahtarmoukom wenhaboukom mondho al azal rabi idowem mhabetna w alf tahia menna likoum w alf salam wkhayenna w alf mabrouk likoum al fouz silmia silmia khawa khawa,positive
mamseth miss wajha ki haya sa7mni,negative
hhhhhhhhhha,positive
kolha 3o9ad w tafha ta7seb fi rouha verjinia jamilet el jamilat w hadak el mounachit jaybha baech ya3mel biha buz,negative
la miss et la chroniqueuses sont moches,negative
97bet touns mariem dabegh,negative
wi marim 5ir mnha,positive
malla zalaaa ouuuuh,negative
wallahi wjha kif elwazga meryem lmaska,negative
hevika miss mala 3efcha,negative
sa7it 7anan,positive
t9aren f rouha b maryem shih 3omrek 20 ama houuuula hhhhh w 5atba famma rasha t9oul ka3ba 9ares t3afnet,negative
ya taw heki mis ya3tiha 4il 9irda 9oul 3obitha herba min filim ro3b choufou heka lman4ar aslan mariem 5ir minha barcha w rakzou fi wijha mahich 3amla makyaj,negative
maryam inti ichkounik wichtaamil fil tele waktech tlaat itkoul inti azyen min lobna hedi majibtich fiha ala akal sakar fomik noooooooooooooof minik yesir,negative
mal a zala,negative
masloukha tadhak al madbouha,negative
ya mariam dabegh inty mezena inty 3efcha,negative
maryouma 5ir mise w5ha ki ichlaka 9alou mis hhhhhhhhhhh,negative
franchement la miss n est pas belle du tt elle a raison meriem,positive
cheh hhhhhhhh bravo miss,positive
trop sincère meriem nmout 3lik from algeria,positive
je l adore meryam gros bisous de corse,positive
tu te prends pour qui meryem franchement elle est plus belle k toi t est moche meryem dabagh voilà k tu aimes ou pas,negative
ti baarra ma5yib zokomik,negative
malla mliket jamel etfouh,negative
c est vrai ma techbah li walou andha el hak meriem,negative
pûre débilitée tunisienne,negative
maryim achab minha ibarcha il miss mouch mizyena hata tarf,negative
9wiya,positive
3andek el hak ya mryem,positive
chnouwa lgwach ly ala wjh el miss aandhech mreya f dar,negative
maryam debagh machallah hlik woulah je sais pas qui l a fait devenir son père était dans le jury je pense,positive
cho aka el miss 3ad samahni fiha zeda heya la khlou9 ou la akhle9 mafhemtech kifech khtarouha,negative
hhhhhhh w ya3tiiiiih,positive
mryouma mbankk i love toi,positive
sah meriem ehla mnk enna m3jbtnich,negative
latrab7ek ya 9a wejhik mongolien ua mariem,negative
wtff ya twensa wtff chnowa hal msata,negative
yiiiìiiiii maryem miskina kedbet kedba wsad9etha galo miss fi 2 anten wa9res min ba3dakom,negative
klemha s7i7 matist7a9ich inha tkoun mis,negative
3andha l7a9 mariem,positive
li awal mara mariem el dabbegh t9oul 7aja s7i7a,positive
klamik s7i7,positive
belahi 9ololi ta hadhika mis ti t9olch 3leha jarana ma8no9a,negative
i love you miss très joli miss maryam ne jamais kaka kaka kaka kaka kaka kaka kaka,positive
al fitna,negative
tawa blehi hedhi miss mlakza blmakyaja tkoul na3ja marouma achb 3ad,negative
maryemm s7i7a f nadhry ena mouch ta3 miss fama ma5yyrr,negative
mala zal3a,negative
hanen mahych mtaa miss,negative
enti mlabza rohik bl makyaj da hanen,negative
tiiiiiiiiiiiiii bara y a hanen chkir rak 3efcha ow mareim azyan menek ebarcha y a 7ola tiiiii ki tna7i lmakyaj t9ol moch omrek 20 to9olech 3mlik omrek 85,negative
inti ya mariem hasba rouhik miss le birasmi ken timchi t3adi 3la rouhik ahsen wa haka yikoun 0 lik wou positive leha,negative
malla halaa wallah chbi walllaw haka il platouat fi touness ili yjibouh yamlou fih w maryem ath ika ill miss mitth a9fa khir minha khater les miss yaadiw des test ta3 culture normallement t9aadir w tihtaram w hiyya wihlit fi ana ana azyn wahda,negative
mala mis,positive
il3ib moush fik faki tirma illi jebik lilbarnemjou li5raaaaa,negative
maryem ya mridha a3lch heka tamthil tkbet sa3dha,negative
mala 97ab,negative
hhhhhhh mala zal3a enti ta3ref wa9teh twali malikat jamel wa9t echitan ywali moslem,negative
barkaw madirou fl fitena bin fananin tahya mn jazayer l tounes cha9i9a,negative
yarhm weldin weldik maryouma,positive
wejouh elou7 mayetfarej fikom ken eli mayous elguerd fi 3in omou 8zel,negative
hhh thahaketni y a maryem chkounek inti y a kalba tirak hâta chay inti juste 3amla al3ar iltounes inti sfer,negative
lotf labesha chittan,negative
ben mjad mahich mezyena,negative
malla 3ifch nbravo mariem dabbe8,negative
bara ba9la lik owleha manather,negative
c est quoi cette femme qui aime personnes elle est trop arrogante,negative
mnin mezyna,negative
brabi hathi mariem cheniii 7asba fi rou7ha ama mouti fatfiti hiya el malika,negative
blhyy esm lghoneya,positive
boom hhhhhhhh,positive
chemse d un bacha chbabe 3likoume les deux,positive
merieme debagh désolé mais même toi tu n es pas belle,negative
yi7kiw bjadhom wala yfadlkou haki misse,negative
zooz 3fesh o 9hab o g3ar,negative
ouuuuuh ya mariyem dabeg ya 9ahba ya ms5a w jabriya ya cheref ya 3zouza yali bm9as nar matethazech w bnet tounes achab menek ya wejeh lemsal7a,negative
3andha l7a9 mariem,positive
meryem rak ghalta f rouhek barcha rak metjii chey ene chakhsiyan nekrhek,negative
t3ayfou fi zouz,negative
maryouma wkhayti rak khayba beli ta3ml hhhh ma3ndk la zin la charme wel miss eli ta7ki 3liha khayba walahi achab menk enti wel botox mte3k ridh wkhayti w orzon 3malt el 3ar echib wel 3ib,negative
0 25 lghnia chesmha,positive
ay hanen chkhir miss tunis t7eb wl tekrah,positive
abonneé tarj3elkom bel wa9t,positive
l miss hassitha tchabah l 5missa xd,negative
hhhhhhh ta3jbini ya merien ouii 3andek ha9 mehha khlah beauté ta3 miss,negative
hhhh sara hiya mezaltt fibelha l hiya mezyena sar raby yehdik ye maryemm wela chesmk ama ye7rz le7naynet l 3andk wela rak akhyeb mn positivekhyeb tofla f tounes,negative
clash hhhhh tsthal,negative
fi hethi 3ejbetni meriem hhhhhhhhhh,positive
mela botox wala botox,negative
meryem debe5 t es une merde sur tout niveaux,negative
hhh mala 7ala mokrba w mariem mskina o bara 9adehech zawaliya f mo5ha,negative
walah fdhihit tounis ha maryem dabegh 3ar mitnakil,negative
enti mezyena ya mariem bara ma5yeb manethrek ya 3efcha,negative
mdrr au pire elle se démaquille pour voire la miss mais mdr,negative
abonné tarja3lk,positive
zewid ell zouz 97ab,negative
qui a dit que les botox est interdit chez les misspositive une débile qui dit du n importe quoi pr repondre sinn elle aurait du dire autre chose plus class est plus intéressante k elle pouvait faire taire meriem l ignorance est un vrai désastre,negative
ezouz behyine,positive
matfhkom,negative
7acha 5li9et ra7men,negative
bel7a9 matjich jemla miss mariem azyen,negative
chkouni hekiya miss tunis yah béni haw 3amala positive00 kilo maquillage fi yijha kolcha3léha cloun,negative
hahahaha m3alma hanen,positive
tjrs tataki hadi meriem hhh bazaf walagher kachma nhar yaetiwha triha,negative
o9som beleh maryem hedhi bech trakebli soker msad9a ro7ha mezyena wlh kedhbin 3leha w hey tsada9,negative
lkolha cinema n7eshom ymathlou barnamj fechel ye7chou fih 3al cha3b w el cha3b mnayk li 9e3ed ysada9 fihom,negative
hhhhhh ala 9aaal maryem azyeen bel botox hhhhh,negative
ykeb saadek ye dabegh rak majit chay wijhek kel 9anfoud mestarjla tofla wijha khir men khli9tek balf mara au moins tbi3tha w dhahketha dhahra 3sayla w heki lfeyda mafhemtch chkoun ghalatha w 9alha rak meziena momken joueret li souhbouha allah yahdihom ghaltouha la3zé,negative
ya mariem wlh rak kif airbags lemtarcha9 9tlo meziyena fi9 ala wadhe3ik,negative
lhak ta rabi miss makhyebeha fama bnet achab menha kenou unajmou ymathlou tounes tchabah lekhmisa,negative
maryem l9ahba fibelha ro7eha mizyena niheyet l3alem douzi nikomik,negative
meryoooma azyen mnha bl botoks wala mn 8iro moto fatfito mn el 8ira,positive
moustawa mon7atte wlhh,negative
wal chamis azine menhoum,positive
barnameej maaaseet,negative
5ittt 5itt 3ala mostawa,negative
miss lkadda wel hadda nykeb s3oudkom ezouz nwlh ena azyan menkom b positive000 marra,negative
preuve hhhhh,positive
dora dadou hahaha enti kifhom,positive
tawa hedhi tji miss la traba7 eli 7atha miss bnet 7oumty itirou biha w ma3andhesh thi9a f rou7ha w marzenha lham,negative
3ndh hag meriam el 7ag mch miss le 3al9a bel zen w maquillage zad al marmtha shih al tha9fa w taille mais y kwayti hta lwajeh 3ndk madgoli fih howa éli la5s miss important wajhek pasporek kima dgol sahbti,negative
marioumaaaaa jalouse,negative
bravo meryem 9harteha,positive
méchanceté gratuite elle ressemble à une ventouse et se crois belle idiote,negative
mala ghoula ki noghzrelha net3eb mlabza ro7ha bel maquiage w tes5ayb ro7ha miss hhhhhhh respect awel mara mariem t9oul l7a9,negative
meriem tafaha,negative
meriem debbagh ta3jabni sa franchise,positive
ma5yb rasha hethi mis belhy fach5a 7ala 7lila,negative
la79i9a el miss t5awef me fhemtech kifech miss maariam dabegh hedhika mridha betbi3etha,negative
ouuh ya layééééééém ena azyen enti akhyeb w7elna ghadi,negative
ti wejhek kil terma w 3amla ro7ek mezyena ya zabe8,negative
majet chay el miss l7a9 maryem wel mara nchouf 3andhha el 7a9,negative
loool 7alha yisekhif,negative
om makka c sûre enti ahla ama hot taswirtek khallini nchoufek,positive
dali helmi ya mon7aref t7eb tchoufha,negative
jozef dh positiveesmek yousef 2 oui nheb nchoufha 3 maw ken ma thebbech wala tghir wala ma isa3dekch kolha hia tetfaraj ou toskot no comment 4 monharef eni wallah zah kifech 3raft,negative
jozef dh esmi helmi,positive
jozef dh netcharfou eni men sousse samahni à khouya ken narvaztek bekri,positive
jozef dh 3aychou sahbi,positive
om makka samahni mme ama rahou kol wehed ou tafkirou l essentiel ma netghachouch ala b3adhna ou ma tetnarvazch ki kotlek hot taswirtek khallini nchoufek,positive
om makka rahou c ça le youtube yelzmek te9bel kol chay men ghir ghoch ou ahna ont te respecte,positive
jozef dh hasilou tla3na ahna rebhin une nouvelle connaissance,positive
om makka samahni mme ou rani metrobbi ou notlob essmeh ki noghlot,positive
jozef dh bj khouya jozef,positive
hata ena ezyen minhom,positive
meriem abche3 whda,negative
kartouche bra bra,negative
mariem dabagh gharet mn 7anen,negative
bravo 7anen,positive
meryouma elle bcp plus belle et la miss elle es pas canon elle es trop maquillé et pas naturel ousi,negative
tefouh 3ala zok omikoum kif fadahitouna,negative
abonne ma chaine mazeltt youtuber jdiid et merci,positive
non elle est belle et plus belle que mariem mariem est très impolie et le monde l encourage à provoquer les autres aisément quel niveau,negative
oui shih iraj3ouh khir,positive
meriem elle as raison positive00,positive
3morha 20 gerda berjoyliya ma thich mis,negative
meriem t as vrai elle est tros mauche,negative
9adch andkom mentalité dépassée puisque mezelto tohkmo al les miss m wjouhom y a plusieurs critères qui entrent en jeu lors de la sélection,negative
marwa ben halima je pense tout de même que le critère beauté est très important sincèrement elle est pas faite pour êtres miss tunisie,negative
ye meriem el botox may3abbiwch bih les rides,positive
chames din bâcha win,positive
amine smida inikou fih fil vestiaire,negative
bravo meriem bel7a9 mhech meziena w zid chou 9adeh 7atta maquillage,negative
billehi lajna lakhtatetha mandhemch 3inin walla awal marra iro mra skolet kharja mijabena tefja3 kilfaze3a,negative
aychinfi gtou,negative
nantes ou,positive
hhhh forrr basseme w na3ima,positive
c'est magnifique machalla pour vidéo magnifique,positive
3aycha fi ka3ba gâteau hhhhh,negative
xnxn de la population,positive
hhhh mala kartha hh,positive
mahlek ya bassem,positive
bhim w msatek heka samir thakarni fi weld jama,negative
a7la bassam od5lo chine mta3i wa3mlo aboni ismo fares b tekaya tal9aw anachid taw ani na3mlilikom w mr6,positive
nmouuuut 3lihoum love from algeria,positive
gta san andreas,positive
kmli adhen brez hhhhhhhhh,positive
m said uk free welland n nby f,positive
hhhh sankoooooo77,positive
hhhh sankoooooo77,positive
tjydnlyfhlitzfourf,positive
kol we7ed w moumayizetou,positive
roz bom bom hhhh mla sankeh,positive
oui j'adore,positive
rousse bonbon,positive
mohamedali faidi,positive
lacost x,positive
mohamedali faidic,positive
mohamedali faidi,positive
sou sou,positive
sankou7,positive
ha ha ha ha ho wiiiow,positive
ysalem 3lik sahbek youssef,positive
bb jn vl,positive
the survivor boy,positive
www watan tv,positive
lindau berrah,positive
ya lotfi 3ebdeli ya mnayek jayebha thamer w 4achech fel klem hhhhhhh mala 9a7boun w yeser mast rak,negative
oulala le maquillage sont visage est trop blanc par rapport à son corps,negative
3asslaaa,positive
grande actrice cultivée et adorable je vous adore,positive
c'est quoi cette intro egyptienne débile n'importe quoi,negative
ya7 ml9itch klem bch nousfha manjm n9oul ken hend sabri,positive
imitation de lemission de bassem yakhor nimporte quoi pfff,negative
ne criez pas oh lala,negative
hend sabri fanana kawiya wa anika wa ehna nehebouha we neftakher biha fi elmaghreb el3arabi algérienne,positive
ya mo8yara,negative
hind hind hind mcha fi bali 7wija hollywood barra od5ol lilkoujina tayb la3cha yizzi milblada,negative
st7chnak ya hend,positive
une fille intelligente,positive
brabbi kén manahdhémhéch,negative
james cordon spill your guts ngive credit at least,negative
notre fierté hend,positive
n7eeebbhaa ma7leha aal e5er hend sabri tmathel el mra tounsiya,positive
the cringe,positive
7al9a raw3a min a7ssan tes passages hind w lotfi hedhi a7ssan 7al9a 3miltha bravo ma7lek hind thabbelllllll bravo,positive
blinders hinde afthal akid,negative
james gordon essmou james corden nbel c mech bel g ya mdaak,negative
asm3ou m tenndmouch 57 marnissi mouhamed khalile wlh 7atta eni fe9t byyh,positive
nek sami fehri,negative
bessif inséna haka tenjah mouch ki boudou eli ijibhom sami fehri imathlou draj iwaliw ifalmou alina,negative
hahahaha dahech 3alami,positive
une fierté vraiment,positive
nice actrice abdelli grand showman,positive
bravo bravo,positive
7ese kemla fhemt ken la7kaya hathi ya3tek sa7a thki barcha,positive
ya hend sabri arja3 lil cinéma tunisienne rana ahna tewahachnek barcha tu est magnifique fi kol chey mahlek kalemek 3assel ya ahla hend sabri on t adore,positive
hend ya mezyena mahlek w mahla akhla9ek ya fakher tunis nlotfiii nhebekom barcha barcha bravoo,positive
hyetou lkol yekhdem fel maser7 lekbar stens bel la3yat hh,negative
w ili tfarjou fel youtube mat7ebhomech n msata,negative
bogoss,positive
halka 3alamiya bravo lotfi el 3abdeli raja3at bi kouwa wahdek ma3alem we alf marhaba bik hend sabri nawart 3abdeli showtime mahlek ya hend bahbouha khalina dima inchoufouk fi tounes tewahachnek ya ahla hend et la grande actrice techaref tounes bravo,positive
ahmed tanajim ta9oulina anahoma aflam thama 2 aflam fi bidayat caryarha mothakaret morah9a we film a5er nat7adak tajibli film a5er,positive
yelheb wallah 3asbek ya bent elmouldi esabri ezabrat,negative
big lotfi is back,positive
tunisian beauties l beautés tunisiennes,positive
bravo,positive
une fierté ouii bravo,positive
barcha tbndir wbarcha tkerwik t3ayef,negative
dali,positive
je l'adore 3,positive
bravo hind sabri fanena w insena ra9ya barcha,positive
hhhhhh masri masri,positive
46 shoft mala 7ala,negative
bravo,positive
ma7lek ya a7la hend fi deniya 7al9a 3alamiya bravo lotif 9adékomchi 5fef rou7e machallah,positive
to9teeeel hend 9dech ma7leha akther mara spontané,positive
bravoooo lotfi w hend ma7lekommmm,positive
lotfi mamstek fi tanchit fok 3lik,negative
mch ken 3ndk hhhh to93d a7sn moumathla,positive
tbarkhallah,positive
trabitou 3achar aka 3lech ki tekbou wrabi ya3tikom wijarabkom teblou wethebou tfalmou wchem jalb intibeh rachwa bech tji fe télévision après jhanem ya ji3ane,negative
nik omkom thezou ke le9ton fi tremkom ya jwe3a,negative
k2 fait pas bonhomme tu q un fake on si tout de ta tranche beznes avec matri et fran maçon et tout tes cochonneries s en fou ta quoi mais juste met pas tes sal pattes en tunisie tu fait gentille et tu q un démon dans un monde artificiel no mercy apparence trompeuses puis bechfa lel twansa so3lok jidi men barcha sa3alik,negative
7acha l7mar,negative
what the fuck are they talking about the dude with the stick said something bad aboud the bald dude in the studio that made him mad as fuck nlol,negative
rappeler lowcost mdrrr,negative
bravoooooooooooooo l artiste les loosers sont toujours jaloux des double zero qu ils crevent hhhhh,positive
rokhssss rajla walou,negative
viv redone marocan kadorin yban blle motakbir bzzaf,negative
nique omak k2 rim zebi degage nique omak enta we ben ali degage kama negtlouk ya miboune,negative
tahki bi siga dahikitni siga na3rifha ken li limra la3rousa hhhhhh lé hawla w lé 9owata ila bileh,negative
pourquoi tmasse5 fiha koune rajel pourquoi ta7ki 3liha koune rajel normalement 5rajt m3aha c,negative
mala raht w hal 9awe9 elli 3amlou fi rouhou,negative
chmda5lk,negative
c est quoi ce niveau bas,negative
chniyya elkelma illi 8attawoha,positive
ras lbasla nammem,negative
wallah had insane mahouche yakdabe bayne i9oule lha9e ndane ga3e les artistes dyale tunisie ikarhouhe 3ando rap ta3ahe chouf lmaghribi french montana 3ando kol chaye wach bikomes,positive
salima lamia,positive
m3alem ka2rym,positive
hak nour chiba ytkalm ki l9a7ba,negative
ma njewebch 3al wleya,negative
rajel kadro rathek rabbi mek rkhisa manel w nour kalb mane ok,negative
3al hit,negative
je suis,positive
je t'aime k2,positive
bravo k2,positive
chah fik ya nour,positive
ya m3alem ka2rym erfess 3a deniya wi fihom w 3iiiich rabi izidek,positive
nour chiba miboun fhemto tw hhhhh,negative
y k2rym 3asba lik y miboun ch3endik 3nd nur chiba ty sidik rbk mlla mibun tfih 3le sorm omk,negative
awel 7aja ena manjawebech 7awi,negative
le 7ayawen,negative
peut etre,positive
bara jaweb allah il miboune,negative
9nanouet,negative
kg2kk hhhhhhh,positive
7asilo 93ato ken tcha3lo fi nar nhaw flen 9al 3lik chnowa tjawbo haw flana sabetek kifech tjawebha nmafhimtech yakhi lhadarja ro93a s7i7a makomch 7achmin 3la rwa7kom tii nes lkol fey9in bikom we ntouma 3malto lfadh7 badlo 3al a9al chwaya tii dima nafs lfazet,negative
lkolkem mwabna,negative
vraiment rajel apart el viss eli 3ayech fih w klem nes eli ya7kyou fih 3lih mais t7essou weld assel ma ydhorech la3bed w ma ydore b7add,positive
e nour chiba 7essib ro7ou 7arim soltan ma iji chay,negative
k2 rhym ma ihibch ya7ki 3anness kima,positive
s7i777 nour chiba fihh erri7aa o yar7amm 3ammii men 9ball,negative
had insan bayan chab3an man 9albou,positive
youssef tgtv 9al wleya khater nour chiba miboun fi termtou ma3rouf,negative
akid nour chiba 9atouset manel amara,negative
malla rappeur w malla howa tga3ed,negative
berabi karahtouna fl tlfza nehar keml w houma manel nour chiba w kadrim jibou jedide heyyyyy,negative
merci il faut etre fiere que en tunisie ils ya des stars bien ce que je vois cest que il ya pas damour entre eux il ya seulement la mechanceter du peuple au moins il travaille il merite que du bien,positive
les gens qui parlent mal de lui ils sont jaloux voila,positive
danny moreau c'est tout à fait ça il n'y a pas d'autres explications la jalousie,positive
danny moreau oui,positive
le jaloux la zebi yemchi ynayek howa w flousou ama yab9a mnayek fi mokhou lflous mata3ninich raho,negative
danny moreau el flouss matassna3ch rjel,negative
ena manjewibch el 7awyin,negative
ena manjawebch 3al wleya,negative
zouz mnaykin ytnaykou à la malhit,negative
ha ha,positive
jebali youssef jamais cheft i3lam kima ta3 tunisie w fananin yeheko ki les femmes niveau vraiment bas,negative
bilahiii na7ib nafhim 7aja fi tonas chabin w lina tafhin barch kan il 3ark il kalam il zayad fil 9anawa il 7ora kim il 7iwar il tonsi w monachtha il balid nafal w 9anat il tas3a bilah nida il rais dawla sakir 9anat il 7iwar w 7oh kol mo mathl ya 9ol kalma sida fil 7abis w monacht fath7ton tafooooooooooh,negative
bilahi alech kif wahed yso7eb tofla w ma yetfahmoch ytala3 feha la3youb 7 w nour chiba jay 3mel feha rajel ty taw t9osha me3k w tala3 fik la3youb 7 mak thebha telha feha w yezi bla t9o7ib ala be3dhekoum,negative
menjawibech 3al louleya mefamech 3lech ya3mlou fi tiit,negative
hak taya7t'ha wjewebt tésé2ol mte3i après une longue recherche hallelujah internet haja mch 3adeya,negative
manjawibch el 7awiyin,negative
3amlou tiit 5ater ma y7ebbouch ychawhoulou som3tou si nour elli ennes el kol ta3ref elli howa wlia w 3an jadara zeda,negative
m3alem ka2ryme bsahtek erfes ya m3alem rabi izidek,positive
rapitos officiel 9al ena manjewebch 3ala louleya,negative
non 9al ena manjewibch 3al 7awyin,negative
chma3neha louleya,positive
oui wou 3amek nour yar7am 3ami men source sure,negative
keep going,positive
ana ana ana ana tayab ja3ba,negative
aman y'a ta7ana walito tête kalmo,negative
et alors,positive
wech ta7chi fiyeh,negative
malla jabri mta3 zebbi,negative
malla 5arya kbira,negative
wtahchi fih barcha thell fommek inikouk,negative
ti hia men kelmet yotlbek we7ed t9olou 9oli si tefhem nawe3 el sepecimen lemnaiek eli ghalet fi rohou,negative
nik omek ta7an kifek kifou,negative
arête de mentir tu parle comme ça car il est pas là,negative
tehchi fih,negative
si sorm omk l9a7ba,negative
hhhhhhhhhhhhhhhhhhh ya bassas,negative
sidna rabi wna7na 3bedou 3ined trabelssib3endou l7a9 ken ynikilkom fi omkom,negative
9alik kan tet3awed lahkaya nsebou akthar min 9bal hhhh w marja3tech nadem til9ah wa9tha y9ara9 bihom bech yraj3ouh w ybat ye7lim ynikouhchi b kartoucha wala taw sid bougleda kima 9al 3imad walaw barcha abtal ba3d thawra,negative
li i o i,positive
hhhhhhh ach ya7che fih hhhhhhhh mch menk mele jabek,negative
m3alem ya chochen ya hasra,positive
yeee zibi ech yektheb tahan kbir indi maloumet,negative
pffff malla gleg,negative
ya3tik 3asba ye si 3li hhhh,negative
hacha eli ma yestehl lkolkom ala bathkom eli ta3tiw fi raykom w tnekchou w jeybinha tefhmou w tarfou w tetfalsfou 3la zboubna yatikom 3asba likom w leli yati fi rayou w eli yicherek w yida5el fi rohou,negative
il a fait beaucoup de mal avec la corruption,negative
ya bilhak,positive
haha il parle trop de lui,negative
hahahaha w inti tu parle trop du wabna,negative
bik omha ghriba jabri bhim maya3rfch ya7ki 9alo si enti si zibi tji 3asba lik kadheb,negative
yatek asba,negative
isawed wejhek w wejho,negative
oui c'est ça hhhh,positive
bassas kbir,negative
m3alem wala m3alem un vrai léon hhhhhhhhhhhh,positive
kadhab w bassas rak boulet 3ala rouhek,negative
yatek asba,negative
bkolkom sorrek w kontou 3abid leila w hwetha tahkrou ken ezzwewla ya kleb eddem,negative
yatek asbaaa 3ala 5liktek w ala sormek w ala wjk w mnin tkbl talka ken l3asba testana fik,negative
sadi9i ya3tik 3asba 3la dhahrek kif sidik 3li chouchan w 3asba o5ra 3la dhhar omek,negative
yatek asba,negative
metal chwaya wa7da het 3achra,positive
kol tahna leklam hada magiultech gbel ya kalba,negative
si ali chouchen rajel a7mer w sendid w gafsa lkol ta3ref bravo,positive
daher jabri,negative
ayamat imad amne kol lahs imad ya bal3ot,negative
asba li ben ali,negative
ya rambou ya falem,negative
ta7chi fih,negative
betbe3a bech tgoul makech nedem ama fi 9albek ndemet barcha w kena yerje3 bik el wa9et ya matebki dmou3 ya si 3imed amrek,negative
si ali nafkha,negative
y'a mnayek ach te7chi fih déjà fi 2,negative
jey m3a legfasa ye habibi rjel maywatiwech ryoushom,negative
aya 3asba lik w l omk w lo5tek w ll 3ayla lkol bale8 l3asbet lihom hhhhhh,negative
ti lkolkom ta7ana ki ntouma ki 3imed w ken jit rajel mata7kich b ena w loughet si flen ya masa5,negative
yatek asba,negative
hahahahahaha saha lik wbarra ahki kima theb 4ib ya gat al3eb ya far,negative
owel mara nra moudhii3 ta7an ya weldi raw dimo9ratiya e 20positive9 ma3adech 3bed ta7an lil 7akem,negative
yalor,positive
hhhhh ya3tih saha ema wallahi ken yarja3 bik lwa9et ma t9olo 7ather si imed,negative
ya7chi fih,negative
le3bed il mou7tarma ness il kol tkoun m3ah,positive
khra fih imed,negative
lani fi chkoun toqssod inty,positive
ya maalime kadeche tichoute hhhhh w fi finale tihechitelike hhhhh,negative
7attena sabbitou marrtiin w layla kont nik fiha,negative
respect à toutes nos forces de sécurité et de sûreté,positive
fuck you and fuck them stupid slave asshole,negative
quel film mdr,negative
yaa seid limetha maa toutalib tawa amama al ma7akim wa al moukealemeet al hetifiya ally saarit wa taalib bi dommage et intérêt houwa 9aal fi videos ally yeslni 7aja maa 3alayhi illa bi an yeshkii,positive
si taybe ja3ba imed trabelssi 7atmek winti makche rajel sidna rabi w na7na a3bedo,negative
tfathel baba w tedalel zeda n npartie positive,positive
hsoumi heya 9owetha fi nharetha lama 7ala ema 3aychou 5ouya,positive
eyy wenti t9oul sii lelli akther mennk niveaux tbib wella mouhandes wella ostedh jemi3i wella dharbettek edda3wa jme3et edde5ilia mordha tal9ah m3alla9 chalta wyetgazder 5alli kitebda njoum mraznetlou ktefou yes5ayel rou7ou fou9 l3bed 9allou aywe7ed y9olli siii hhhhhhhhhhhhhhhhhhh,negative
wezra ye7itohom el youm w yena7ahom rodwa w ente t9ol si 3li chochan hhh,negative
ye rim chicha 7keya kima heka f bled o5ra yo5o médaille d'honneur normalement ta3melou chicha au moins enty,negative
yikthib,negative
la vengeance de la faiblesse,positive
belhi sem7ni ye5i selh mosbh much tharbo imed trabelsi 9ble hhhhhhh bari ourgdi,negative
omek awla beha poto,negative
yy sa7a lrabhom,positive
respect,positive
laabéd tséb w tgata3 fi rwa7ha f commentairet hh chnya ha tjoubir kol had 7or fech ygoul twa ya foulen kan jet cadre f 7ancha wla f ay 5dma thb wéhed yklmk matarfoch w mahoch 3arfk ynadik akéka gadach t7cho fih,negative
yassin bensaleh mala,positive
mila enti hhhhhh tawa walitou kolkom irjel,negative
sidna rabi ya 3am cheyeb 9alou si ali chouchen w si tji m3a sigarou akahaw mala zabour 3ziz yeser selek el amn 3alamkom ken tjou3ib w takhdim el mo5,negative
hhh le enty men wejhek thaher fik kont tahan ken kalmk 3imed 9alk o5tk lila bch ta3meli mar9et chfeyef rak b3ath omek m3aha renforce,negative
hhhhhhh makch 5ir menou ya si zebii,negative
itfelem ala il abed ye kleb,negative
bara nik omok ye kleb ye tahan taw boun yetnek ye klb ye tahan,negative
one bara nik omok il kahba ye klb nik omok inti woi touns ye klb taw takrali fih woi iniklek omok woi bok ye tahan ye imassak,negative
one bara nik omok il kahba ye kleb,negative
bara ina zabour omok ye kleb ye miboun taw takrali fih ye kleb,negative
ti barra ennik omek,negative
klemek hedhé me 3ad ynfa3né fi chey saben ezit 3anar tounes lé yete9ta3 lefsed welé elma7soubya lé erachwa lé lem3aref lé etechwih se9ou fidman bark iwarik elweylet,negative
ya3tk 3asba lik wlih be3 lwatan wken jet andou puissance raw nekkom lkol,negative
connais hypocrite,negative
yizzi mil kidhb ken ma jetch ithawra rakom mizziltou t9af9fou lil ben ali u trabelsiya,negative
ma ta7chemch 3ala rou7ek 9allou si ali chouchen si sorm ommek chouchen mouch a7sen w5hir eth heb ya3tek 3asbaaaaaaa barra yna3en zok ommek chkounek inti bech y3aitoulek si hhhhhhhhh inti si zebbi chouchen tfouh 3lik w3ala zok ommek ok ya si zebbi chouchen,negative
bayen charrani hal tayeb je3ba,negative
hhhhhhh ultras media nje nhaaar eli viragiste yokhrej y9oul ena ktebet nhhhhhh winek ye janouna nkamcha tahana y3almou fina shnaamlou fil virage,negative
barcha jahl w ignorance,negative
ultras to5rejch tahkii,negative
s'il vous plaît les paroles merci,positive
aaa zebbbbbi ye5i kifech groupe yjib chkoun yektbilhom,negative
rchid zmerli wehed men kbarat l winers,positive
chrif aa mrgl mafibelich ama mayjich borjoulia dharba dharbtin fil mediaa,negative
aziz ey akeka andek lha9,positive
trabelsi aziz winners mch ultras,positive
trabelsi aziz asma3 intro winners w rchid wela sarlo solidaire ahna n3ichou rabi m3a hamishou w ykhalis wahlik ya momo,positive
amine wlhi sa7bi le fhimt minnik chy,negative
ultras anti media lol mentalite tnik f ras t9oul ya7ki 3la tal7in ghneya tarabia tga3ed,negative
3chiri winners mhich groupe ultras safi9i,negative
ahmed visualart mehoumch ultras,positive
winners mouch ultras 3chiri ngroupe supporteurs,positive
jelassi sahby rani dod zok lmouvement betbi3etna nama winners mooch ultra,positive
khalil tounsi chtahchi fyh ya kadheb,negative
winners mch ultras ye bhim,negative
gedeshek bhyym y zeby fasakh zokomooooo youtube blhy,negative
bravo,positive
ya 3atek 3asba,negative
zbour omk,negative
hhhhhhhhhh fou9ara,negative
zab 3lik positivepositive8 min contre metloui ngomes 2 min dkhal dazhoulkoum nfi blastik ni7chim 3maltou il 3ar,negative
trabelsi amine mtiraoui howa khrjha lhkaya w huma kabchu fehaaa chthbou yaaml,negative
trabelsi amine mtiroui chimdakhlik fi zabour omou bala3 nayek,negative
kelam sahil we fahim yefhim n tikthbou kithba we trsad9ouha npositive0 mlayen hhhhhhh,negative
othmani haw fi bali,positive
bang bang haya behi ki ta3ref eli l'klem sehel hhhhhhh,positive
nord tunis positive995 te7ib nejawbik ok bb,positive
yezzi 3ad,positive
khemiri african winners positive995,positive
bravo si rachid,positive
ultras chiboub junior hahahahaha,positive
ultras bachkouta wel bahnes o chiboub junior bara 3aych weldi 2002 mazelt tetfarrj fel dhay3et ma7rous mnin ta3ref enti,negative
zmerli,positive
utd chneya li dhahek fel hkeyaa hata howa laabed geleg yheb yadhhek,negative
hamoudiya hahahahahajajaja,positive
hamdi baraa aati sormek chkoun hazit bih coupe b 4 contre l'étoile w 2eme place meli kona positive0 w f 3am bark nikou l'étoile 3 marat w sfex martin w l'espérance,negative
chbik tesma3 fi radio el mithliyine chehi 7wija,negative
winners 95,positive
we will rock you 3andna kifha stadium rock wouh 3la baba jalloul wa7ed yghanni e jomhour yrod 3lih,positive
bravo selim triki hamishou winners et zaydoun bel arbi àla mouvma sosios w bravo rchid zmerli àla ghneya borjouliya haay la3bad li thib wt3awen,positive
oui bravo 7amchi w zaydoun,positive
khaled,positive
rajil,positive
bravo rachid un vrai clubiste une chanson inédite qui reflete un engagement et qui résulte la situation dans nôtre pays,positive
bravo rachid,positive
lefri9i t3ich,positive
samir elwafi yesser tetkoumek w taya7 fi 9dourat errjel 5it 3lik mas9tek,negative
top frrestyle,positive
bravooo esayed tayara jebelhom 79i9ethom we hedika tounes fased m3achech fi damhom fi m5a5hom el9anoun yasm3ou bih sma3,negative
errajel klemou s7i7 tounes meya7tarmouch errou7 elbachariya,negative
sa7i7 iklemek imed bravo 7atta a7na ma3adeche narkbou fi batou tunsi,positive
bravo rached,positive
ya samir ya5i win t3ich essayed klemo elkol shih,positive
ye5i 7ata mech ye7med rabi ki mne3 men mout me9alech elhamdoulah,negative
samir w hssan bil7a9 makomch mitrobin surtout hssan 9alek fi nhar re9ed w fi lil lehi fi jewek donc aslan wjoudek ghalet m3ahom mr trabelsi bravo 7kit bilgda w ichki fil 9atha2 el europi ekid tal9a 7a9ek,negative
hssan wala chesmou ken we7ed e5er 3andou karama ma3adech ymed wejhou jimla fi tv,negative
un explique les horreurs,positive
bien sûr tounis bled malheureusement mazlet b3ida,negative
arkhes haja fi tounes houa l être humain ndaoula garrouma ndepuis positive0ans je bosse en france dans le domaine de btp toujours j entants deux mots que je l entend que chez nous les maghrébins surtout les tunisien nc l heure de manger ou bientôt l heure pour la fin de poste nl european tu l entand dire bien écoute il faut que j arrive à finir ma tâche ou mon objectif journalier ou bien je fais une heure supplémentaire ou deux nje vous laisse comparer mes cher amis,negative
quelle niveaux,negative
c'est pas vrai si vous,negative
ni ctn ni retard air,negative
sie haben gut gesprochen aber leider das ist wahrheit in tunesien,positive
top frrestyl 5outi merci,positive
bravo ms trabelsi,positive
walah 9olit 7a9 3imed,positive
heda kalb ta3 zabiiii trabelsi ja yenta9am wjarah fi tounes,negative
il raconte la verite' sur la tunisie monsieur samir accepte le monsieur imed,positive
samir wabna,negative
bravo si imed chapeau bas wenti ye 7san houwa ya7ki bewji3a 3lé tounes kima l'exemple mte3 les bus bibenha ma7loula contrôle technique etc etc wenti le3eb feha a7na n7ebouha tounes haka yezzi blé cho3bawya métkounech superficiel rak keteb normalement tu lis entre les lignes lechbih may7ebech tounes wela elli ya7ki haka yakrah tounes ces remarques ki tji men we7ed mé3andouch niveau intellectuel najem nefhem yetkalem a7sen we7ed sur le plateau si imed encore bravo,negative
rajil hada 9al kan el 7a9 tuns ar5s 7aja fha il mowatin blad kolha nahb w sar9a w t7in,negative
7san ben 3othman saker fomek ya mounafe9 rak tbayedh fi sore9 tfouhh 3lik ya kalb,negative
tounes bled elmoutt wallah chay i7achem nya samir ma3adech tbayedh fasadd 7ram 3lik ntounes bled lefsadd w bled moutt,negative
wafi y miboune,negative
imed tounsi m7albelha 3ayech fel ghorba rabi m3ak wrabi ya7mi tounes quand même,positive
bravo à ce monsieur est samir corrempu par ce système mafieux honte à toi animateur bou dinar,negative
ch5alani 4 ans marawa7tch ltounis,negative
klm klm positive00 positive00 positive00,positive
oui klemou s7i7 n3icha kertha si samir fi tunis nnchalah rabi y9adder khir,negative
ich habe kein komment,positive
samir el wefi m3a kol i7tirami netmana nrawa7 w nchoufik na3tik 300 kaf ala termtik,negative
bravo klmou s7i7,positive
bravo si trabelsi moi a votre place je vet pas chez samir parceque il ce manque trot,negative
bravo si imed positive000 bravo,positive
bravo lerrajel tkallem belbahi,positive
bravo ousteth hssan,positive
https,positive
ken wahed mahouch metadeb maykoun ken samir el kharia,negative
berlin boult fiha kablik ya mnaiek,negative
3adi raw7na fi 2009 a3dem men hedi yezou metahwil,negative
ando alf 7a9 rajil yghatiw f 3in chams bl ghorbel,negative
erajil traumatisé mskin,negative
chbih me7medech rabi ki 93ad 7ay,negative
bravo ha detto la verità,positive
samir ya bassas,negative
mrs imed trabelsi bravo inti 9daret twasel l image réelle de la tunisie 5ir min alf siyessi,positive
semir nshlh terkib w tchouf lmout bech ta3ref chta5rij len fomik,negative
hamdoulelleh n3ich fi franca a bientôt ne5ou la nationalité nchaallah donc allah ysaberkom bleud fesda,negative
momo france bravo imed,positive
ena 3andi 2 ans carert besh ma3adesh nrweh la fi bateau wlatayar tounssia,negative
bien dit hassen 3othemen,positive
tu parles mieux que plusieurs député s,positive
walah nrawe7 fi sif jim3a mizmen nakreh rou7i w5a5 w namous w zid win temchi y7ebou yet7aylou 3lik,negative
bravo tu sais parler merci tu es un homme courageux,positive
klemou sehih bateaux tounsi ma fih hâta ihtiram zero,negative
klemou lkol s7i7,positive
w emba3ed yechoudo ye5odohom ediwena w esamsara w ey9olo habet kol chay w tabda 3ada bi3a w charya,negative
jamais jamais donner confiance à une administration tunisienne,negative
il ne faut pas donner des confiances ni tunis air ni bateau ni rien,negative
brass ommek la 3at tji enti wou chitan 3a9lik 9allou moutha9ef bledna s7i7 mahich janna amma mehich m'est7a9a manadher kifek,negative
bravo imed,positive
klamou kol s7i7 m,positive
ctn et tunisair c'est des grosses merde vraiment,negative
salopard hedha samir vraiment,negative
pour une poignée d'euros,negative
franchement ta raison la tunisie s'est la merde,negative
meta3refha kertha ila maymoutou ye samir,negative
wallah hsen est bete blastou mouch hna,negative
bravo,positive
yawala hela minpositive956 wa,negative
nahkiw taraji episode 3 en ligne chabeb,positive
tunisie hhhhh fak you,negative
ya samir ken jit fi blastou rak matehkich akeka,negative
samir l lwafi te7chi fih m trabelsi est poli,negative
salopard hedha samir vraiment,negative
ctn wel tunisair 9asaman belleh afchel w afsed 2 chariket fi terikh el bacharia,negative
soundouk,positive
louken n9at3ouha ctn bnesbet positive00 wnkhaliwha tefles wtetbe3 ataw yet7assen el service,negative
nawfel w samir a7en sa7afa fi tounes le reste 000000000000000000000,positive
klamek shih,positive
li gata3 houwa w malih w thrarih salakha,negative
bravo,positive
ti blaad faasda ya hsouna hedheka el wa9a3 b ad faasda w rabbi yehannik fi dawla faasda w 3aalam saaba3 w ma tasla77 ken lamthelek fil 3a9a3,negative
bravo mr trabelsi tu lache rien,positive
c'est normal vous avez l'habitude d'escroquer les européens bandes d'égoïste on meurt tous un jour ou l'autre,negative
djerbamafia oui,negative
channel7 rentre chez toi mais prend air france ou gnv de l'italie tous simplement nou rabbi farraje all hal alina w rabbi kaddar all kir,negative
ma7leha goneytou fawzi sama7ni yamma we e3derni,positive
hhhh mala sa3di hhhh,positive
merde sur merde,negative
naho el kol el makyiage ta enchofo ezine tounssi,positive
hedha barnemej wella publicité,negative
rania yaser over fi lbstha w look mt3ha na9es chwaya le plus semple le plus beau,negative
barnemej lkolo publicité mem fketo nesbet el mochahda om manou paris,negative
darjin skech mastet w 3 swye3 pub,negative
5ritou fih bel les publicités hedhi ma3adech émission wallet pub,negative
hal 5arya sa3di mamstou w marznou w mar5sou,negative
pffffff barnamej ichharat mamstou wakè je quitte,negative
ach mich esaberna a7na ya ben gamra,negative
karahtouni fi programme elkolou des pub wallah walit n3adi fihom chay ifaded,negative
7etta eni yji ichhar n3addih presque 3addit 7al9a kemla matfarrjt fi chay,negative
zayed faouzi yodhher zouffrii kifech yetkalem,negative
bravo sa3di,positive
fawzi chbih seket wlh nsitou ili maakom,negative
' sa3di tayara fi lmsata hhh,negative
stahfulah nahna nlahsou fihom w homa yakrouna,negative
mahlek ya rania rani nehbk akther men rouhi ya rouhi,positive
moch ken 7abit omek 5ir ya felka,negative
chkun badel parameter loled,positive
inti ich galekik rjelna radiin bina et intom ich galg smakom,negative
tunisienne ok kol wahd w hamo yghidoni mskn,negative
oscar istahlou inrabou fihom hhhhh,positive
ya3nbou wabnetkom,negative
ya latif mamsatkom,negative
mala ckatich,positive
mamstha hethi yesrrr mastaaa,negative
ai ahna nohkomou,positive
ayouta tunisienne chaba mrc,positive
mast,negative
el fekra behia ama rania etoumi yesser masta mehech blasetha,negative
ken jet lobna 5ir,negative
in7is hal mra hathi ta3ti termitha just besh itkoun fi tv,negative
barvo ya3tikom sa7a bon courage nhbekom,positive
bo5chek,negative
ouii malheureusement c est eregel legh3ar mta3 tunis haka yetsarfouuu,negative
rabi yehdi,positive
hamed w ba3louch birrasmi bech nmout bedha7k bravo wlh,positive
jabriya 7alloulha sormha barcha wmalla sketch yfatte9 bel lemsata,negative
mala jabriya,negative
wissem kammoun belehi a3mali aboone 5oya l8li,positive
besem ses le meilleur,positive
basem wahdou hhhhhhhhhhhhhhhhhhhhhhh,positive
c le top,positive
hhhhh wild 3watef hhh,positive
aka tofla li lebsa adidas chesmha,positive
belle vidéo,positive
samara zaweli w tlansa 50 malyoun vu wentouma o93dou naykou,negative
bravo hhhhhhh,positive
très bien bassem ororo,positive
hhhh a9wa wa7d bassem,positive
ilove you kimooo,positive
waw bassam yhbl,positive
hhhhhh mela dekhla ya kimou hh,positive
akther we7ed 3jebni kerime,positive
mala bassem bourjoulia,positive
mala kly,positive
nedhek bsot looooooooooool,positive
yesser masseet faycell yesser,negative
khawla tjr classe haja tayaraaa,positive
saha weled 3watef,positive
baladiya yaatik asba triya,negative
yekhy chkun ekely lebsa be rose mn tely,positive
bien,positive
toooooop,positive
ghodwa khir,positive
brabi lgonya mta3 klay wach ismha,positive
ghodwa khir,positive
karim mouch normal,positive
le plus fort,positive
ali 3ajbou samara y7ot j aime,positive
oki 3ejbou karim dez jaime,positive
migalo nsitouh y9ld mli77,positive
theb nik,negative
kariim yy m3allem,positive
bassem yy m3allem,positive
winkoum winkoum win commtaretkom,positive
yeser mahlehom les trois karim bassem faysel j'adore,positive
hhhhh braavoo,positive
mégalo mahbool,positive
malla dha7ka wallh bedmou3 ya3tikom ereb7 nchallah,positive
faysel behi w tnajam ta3mel makhir yelzem to5rej men jilbab lamine nahdi,negative
bessem m3allem bsara7a mgarba3,positive
meskin ezzine 3amlouh tkarkira,negative
ya tahana etew,negative
ya bheyem me3etech tijbed samara,negative
bon courage karim fayçal bassem et migalou salutation algérienne,positive
jawa ma3a klay bbj,positive
hhhhhh orourou npaladiya hhhhh nhhh jeboo bedhabt hhhh,positive
bassm bravou,positive
bravo kimo wbassem,positive
rap gram lisa kitha3 nmktarnahoochi bitmaa nhada titre commerciel nw ba3d nirja3lo w ba3d nirga3,positive
bessem nagsa clash min samara etaye7le elkaryere bte3e wlh,negative
faysel leklem eli y9oul fih howa bidou famech fazet ti megalou thahekni akther menou wahawka hatinou ben 3li,negative
mala 5orda ourorou,negative
bravoooo karim w bassam,positive
chkoun l toffla talbes fl adidas,positive
samara fans likeeeee shmeta f nabara,positive
les enfants tunisiens tnakou wentouma mazeltou ta7kiou 3ala ben ali quelle honte,negative
the best bassem migalo faycel karim hhh je la regarde en boucle hh,positive
jador karim tfata9 hata basam nhabkom barcha,positive
belehi eli ychouf comentaire ya3mel abonnement chaine jdida w nchalah bech nhabet feha barcha vediowet tout ce qui est info w design web,positive
chessemha l 8neya lo5rrania,positive
samara mouch akeka ya bassem ou 5ir minik ou mayjich t3mil akeka saykboj aych 5ouya samara adheka hobyy rouhii,negative
a7na manech mtcharfin b rwe7na,negative
matdhahakech nik ommek fasakhha neksin a7na,negative
samara yaa frère hahahaha,negative
faysel mouche normal hhhh,negative
il i7eb oumour jdia i7ot jem,positive
hhh a7la kalay,positive
na3n zok omk ya karim,negative
ma7lek ya bessem w karim tfat9ou,positive
bassem wlh ma3lam,positive
rou7 nik omek enty w masr,negative
3jebni weld 3watef,positive
saybo le3bed rakom beditou ettihou l'el mostawa n mta3 lefroukh,negative
rakom khritou fih tsebou fel n3bed,negative
chisemha l4oneya ili fele5er,positive
nafs el facon mta3 samara fil klem,positive
raw3a kimo wfaysoool mo7iba likom man,positive
hhhhhhhh mahlekom,positive
ena bouchra w nheb bassem w karim nhebkom barcha,positive
ken dabart fb tayech,positive
bassem hhhhhhhhh 9tlni bdahk,positive
karim,positive
hahahah,positive
faysel k3ba la,negative
bessammmmm bravoooooo,positive
mella zabour elli lebsa bel rose elli chefha ydez like,positive
hhhh mala bassem,positive
hhhh na9wa video,positive
yehlkek ya bassam,negative
ya m3lminne dima 9atlini bithohk,positive
ourourou,positive
9atlik tmout 3al clash wiouu,negative
bassem ya m3allem,positive
guetlouna dohk,positive
hhhhhhhhhhhhhhhhhhhhhhh bravou faysil,positive
lazmek taxii lasmer,positive
l hashom jaboha l zkakom xd bch yniko qasf wld qhba ynaik j aime,negative
madhabikom itna9sou bla tyah 9dar ya zeby klay ou samara fi moustawa a5er raho ya zeby bely ta3mlou 9dar maytihish ya zeby,negative
toooop toujours les meilleures,positive
nvraiment bravo,positive
hjjjj bjr,positive
bravooo,positive
tw walito wled 9hab tnabro 3la bn 3li ya mnykin ya jrabi3 tfouf mamst sorm omkom,negative
karim w bassam ka3ba w7da,positive
gaynet aalikom walitou te5dmou b rappeuret manich nahky aala bent 3awatef wba3d k tjibohom tnahntlou rabhom,negative
chnowa chbehom ma3amloch wala y5afo laynikelhom chlash kima la3melholhom 9bal 3la nawfel warteni ou bassem ou karim ou faysel,negative
bravo karim,positive
amani mbarki merci ma belle,positive
khawla top positive bila mounaze3,positive
ourourou hhhhhhh,positive
samara jeébou bethabeét nbravo bassem,positive
hhhhh le meilleur samara,positive
faycel bourjoulia 3al 7it masset portant yakhou fi a7ssen dawr,negative
ye7 beni ye7 ye7 beni weld 3awatef bech iwali nsibi wnkom wen commentaretkommmm,negative
bravo bessem,positive
hhhhhhh samara yhbl bsam,positive
bassem foooooort,positive
hahahahaha bassem aalamyy oualaaah big up,positive
bsam na3che9 fik w nmout from alg,positive
a9wa sketch tfarjt fih ma9tla dha7ek bravooo,positive
ana aussi n3ch9 samara y'a l9tiss,positive
basssem braaavo hhhhh,positive
li labssa l adidas en rose chbiha kabsa ro7ha mais ma7liletha,positive
samara matoskotch 5outh 7a9k,negative
faysooul hhhhhh wlh 9talnii b tho7ok,positive
vs êtes nuls,negative
meghalo bravo bravo,positive
3aychek hata a7na nhebkoum,positive
bravo et chapeau bas pour tous l'équipe de omour gediya pour le travail qui vous présentez chaque semaine omour gediya min5rkom maygi chay,positive
ali mohamed ali omek ela 9a7baaaaaa 7ar9ek ch3ir 3asbaaaaaaaaa,negative
sketch yanje7,positive
hhhhhhhhhhh bassem ghayr aady wlh ahsen comidy f tunis nhhhhhhhhhhhhhhhhhhhhhhhhhh,positive
wasim migalo jebha bethabt hhhh m3lm sahbi,positive
bassem wllh leek 3adyyy hhhhhhhhhhhh,positive
hhhhh karim jebha bidhabt w bassem ya m3alem 9taltni bidho7k orourou 5alli 3ad min miga,positive
bravoooooooooooooo bassssem,positive
khaoula pour moi c est la tunisienne la plus belle de la galaxie mes dames et monsieur,positive
bravo karim wbassem yassr yo9tlou btdou7k,positive
hhh 7asilat el chohra hhhh,positive
wlh t9oul samara k bassem,positive
karim bassem migalo faysoul khawla ma7lekom nmout 3likom rabbi iwafa9kom wenchallah ta3mloulna fi romdhan sitcom m3a b3adhkom ma7lekom,positive
sayeb 3likom radi kol fi kol,positive
love,positive
love karim loveba,positive
tnekt 3likom klayy,negative
hhhhh chab3a thhek wlh 5asatan smara a7la tafrika 3lih jatou 9ad 9ad hhhhhhh pladiya,positive
mte3 sammara 3awedtha barcha marat wallh jebou bravo bassem bech yetkebssou lanwe3 eli kif sammara,positive
wallah kifek 3awedtha barcha marat w kol marra ye3jebni el sketch aktar men marra elli 9balha,positive
hhhhhhhhhhh mch normal,positive
w faysoul yasser ydha7ek,positive
sa7a wiiwww,positive
à part tfadlikou w kol ensen 3andou yesser fi mo5ou,positive
un grand respect rabye bouden dz,positive
moi aussi enhebik,positive
wiiiiiiiw,positive
azber 3abd fedenya nhebouk ya rabye,positive
bra la atrbhk aou la trhmlk waldin 5h a3lik ahtrm rwhk y'a ams5,negative
nechi5 a3lih neya,positive
nhebouh 5atrou rajel w mouch mounefa9,positive
wiouwww,positive
rabyye labess alih,positive
wiouwwwww,positive
wiwiiwiwiwwwwwo,positive
hahahahahahahaha,positive
fehmouheech houma xd,negative
je suis la tahya dz,positive
a9wa interview 3amlou hedi zaiem wiiiouw,positive
wiiiiiiw from kuwait,positive
salmli 3la fahd l aradi,positive
je m'attendais vraiment pas à un tel niveau de savoir être et de civisme franchement respect,positive
moi aussi j'étais étonnée qu il est instruit comme cela et qui parle très bien le français yateh saha,positive
lklem zeyed c pas méchant a3rf rabi 9bal w ba3d ija tkalem la rabi3 ye7chem la elhiwar tounsi mat5afouch men rabi ye5i nchalah rabi yehdikom wakahaw tawa ya3melek nchalah rabi ysema7ni 3la flouss yselhom l7ad w yotlobch bch rabi yehdih 3al chrab welklem zeyed,negative
belehy bara nayek 3,negative
mala torbya blhi omk kifek 9bi7a w msh metrobya wala ma3afetch trabi 7aywen kifk,negative
jdidi le habibi lklem zeyed fama 3bed w metrobin w ya3rfou 9darhom w may9oulouhech w ha4ika torbya w moch 7keyet entourage w ena men wejbi ka moslem bch nwa3i l 3bed moch mayhemnich fehom kima netmana nod5el lel jannah 7ata ntouma netmannekom m3aya w netmanelkom tawbet rabi w hdeytou w yek4eb 3lik li y9olik ness lkol ya4rbou 3la drabouethom mafhemtech 3leh mate9blouch tab3ou rabi w teltazmou bdinkom ta3rfou ken t7otou esm allah 3al facebook bch tjibou j'aimet w s7i7 rabi yjibou ye5i lha darja lamerican la3boulkom b m5a5kom w raditouna 7aywanet w bheyem ya47kou 3lina 9al chnowa y9adsou fi we7ed esmou errasoul mouhamed efta5rou bdinkom ama eltazmou bih zeda w nshalah rabi yehdik w yehdi ness lkol,negative
barra nayek,negative
ben mohamed ye5i makch newi t7chem w t9ader omek li rabetek fele5er tla3telha anzassa 5amja najem na3ref chkoun li 5al9ek rabi wala 5arya me toilette,negative
wkenek fiblk li enti rajel mch b3awrtek lmas5a w klemek zeyed li 7fa4tou w jit t3awed bhi 5atrk 3nd rabi mateswa chay w 9ellet 7echmtek menou,negative
wiouuuuuu,positive
wiouuuuuu,positive
wiou,positive
migalo tbarkallah 3lik khouya capo dei cape,positive
awel mara nitfarej 3la video lirabi3 w mafichi klam zayed hh,positive
wa koufr,positive
wiouu,positive
rabye lebes aalih rabye takhralou fih,positive
wiwou,positive
yetkalem francais khir min tahent tounes,positive
m3alem,positive
wiiiiw from america,positive
wiiiiiiiiiiiiiiiiw,positive
plutôt en prison,negative
so brilliant he appreciated them with his reasoning and rich background,positive
rip english,negative
on the wall,negative
betbi3a kolna twensa 9otlek libi,positive
éy mrakba wkédhb yo7kém zebi jbeli jmla bel français maynajmch yont9ha s7i7a wala ghanouchi lem3além ta3 l'anglais wala l3rayedh chayéch xd mala zbaber jmé3ét nahdha lol wbrabi ma3adch ta7kiw 3al mra sayboha ahawka fi b3adhkom rjél riglou jawkom hahahahaha,negative
u are impolite,negative
mother of god,negative
loooooooooooool are u f kidding me,positive
ghannouch left for uk at age around 50 learning a new language at that age is ntough he does reasonably well in expressing himself he is ahead the curve when compared nto tunisian university students who spend over positive0 years learning english and then not able to nanswer a written question so,negative
3léh zab l'efdhaya7 be3thin hél mnayek bech ymathel cha3b tounes 9oudem doual w ya7ki 3'adimo9ratia awel pas fi democratia hia fasl eddin 3an esolta illi hia 7aja banal bennesba lel 3béd illi t5ammem bm5a5ha ya mnayek idha kén ma fsaltech eddin 3an solta ma3netha matnajamch ta7ki 3ala democratie,negative
nik omou langliz b9aw mbahmin ya zebi kiféh cha3b mtha9ef w3mal revo yji mnayék kima hédha ya7ki fi forum davos dirab ghanouchi wejbéli wenahdha mta3 zébi mala johél kelmtin 3ala 3adh'hom maynajmch yont9hom s7a7,negative
ya3tek 3asba 3la kraymék g voté cpr whani contre nahdha chmda5lni fi 0,negative
ya zebi ya zebi n,negative
tunisians never compare themselves with other people coming from abroad,negative
yodhorli 9a3dine yemliou 3lih fel écouteur,negative
20 years in london and a so bad accent,negative
good answer they should stop being racist and intolerant n,positive
the most essential thing is that he can understand and he can answer,positive
loooooooooooooooooooool yna3n zabour omm el wa9t eli 3tak w walit tnik fi denia,negative
looooooooooool demo9ratanize oy y oy mnin sma3 biha hedi mdrrrrrrrrrrr,negative
w bhiiiiiiiiiiiim,negative
mibooooooooon,negative
ghannoucho and his fuckin poor english accent stinky piece of shit,negative
fuck yeah ghanouchou your english is fuckin awesome zok om bhémték plus de 20 ans fi london w zabour om british accent mé chadit ménha chay,negative
marrathni hal kach5aaa wmabhim zok ommou el 9a7baaaaaaa w zad jab m3ah nsiibou bouchleka libhim la5er tfuuuuuuuuuuhhhhhhhh,negative
wtf o_o,negative
tfouh 3la zok omek w zok om el bhayem eli 5alaw wa7ed kifek yousel ymathel tounes,negative
ghannouchi shut up und go find some young boy to fuck kassartli kraymi hal 3chiya allah la trab7ek ',negative
nendebhom wouuuuuuuuuh ch5ass kèn mèt fi hèk echar9a eli chra9hè pffff ghannouchi za7 9adèch nekrah mandhrek yel3nek raby inti w jmè3et ennahdha elkol,negative
hhhhhhhhhhhhhh hetha 3ayech 23 ans fi london xd,positive
TRUE,positive
pourquoi les avis ne sont pas autorisés sur les vidéos mesdames et messieurs de chez tuniscope a bas la censure,negative
when you know that this man has lived more than positive7 years in london,negative
g pas pu tenir positive min,negative
ahhahahahahhahah ce connard ntaya7 3la sarko,negative
hhhhhhhhhhhhhhhhh,negative
l'essentiel est qu'il arrive à s'exprimer en anglais,positive
mtv tunisia se le meilleur chaîne de télévision en tunisie martenique française,positive
ya hsan ya sikkir makanek fil bar hareb min dinek taw tal9ah yestana fik and rabbi sobhanou,negative
ya hassan ya kaleb ya wled l7ram,negative
trabelsi zok omek il 9a7ba enti wchi5 mte3k,negative
hhh bravo 3la chnowa w si chnowa maw9ef 9adher l jorthouma tafha mthabbet ta7ki 3al video hadha,negative
chi5 zok omo,negative
bravo ben othmane,positive
safwen 3andhom exorcist,negative
ray mochkletna ele7tiram ou tab5isné leb3adhné ileken eli i3alem fi nes ikoun sadrou ra7eb 7ata lel3asi welé tafedh men 7aoulek enes me tkounech 8alidh el9alb ritou ken tasm3ou klem rabi 9alek i9ra à arfa3ou eljahl,negative
jeybin we7ed 5amej kif 7saan ben tho3ben soukerji,negative
had seyad 2 wjouh ke7la 7emra,negative
ya kabboul ya jarbou3 ya jorthouma yal3en bou waldik 9add ma mcha l kalb 7afi ichtarek l el 7osoul 3al promo,negative
bravo hsan,positive
bravo hassen,positive
barra hel sbitar w dewi ness bilehcheb yehtikom zib inchallah mujtemeh mitkhelf hethi thawra ech jebit manather,negative
bellehi ossket neyek hek lebs tarbucha bitha barra i khdem neyek hasba hla sokommek chehwetha mteh zibi wessekhtuh lkoran lmarek likifek bravo bin hothman wehed massek hram tughed meh helmrith heywen natik,negative
yehsen y3tik 3asbe enti e3lemi miboune wtahane,negative
hsan ben othamane allah ya3lem bima fi 9albou nda5ltou fiha noi3 min al2ishza2 nlakin fima ba3ed klamou s7i7 positive00 pour positive00 nsada9 7adith irasoul sala allah 3lih wa salem 7aithou 9al a7sen rou9ia an yar9i ali2sane nafsou binafsou,negative
nik oumm ichrriaaa,negative
c'est pour animer tt est planifié auparavant,positive
shih klamek mais famma halat ma ynajjamchi wallah,positive
hassan est un clochard,negative
nchem f ri7et barcha koffar,negative
5ayeb zabrat w masich le3ebha dhamer ya wilek m rabi ya tahan,negative
jahl wtakhallof kallou rokya char3ya barraw harbou bdirrabha israel ki hiya kweya lha eddarja,negative
ro9ya wabnia na3in dirrabkom,negative
ya 3ado allah asal allah al 3athim yabtalik bimarh yachaytan al ens,negative
hssen ya kelb,negative
hassen ben othmen kalb gauche,negative
mahazil fi ci hsan kaka,negative
ana chouft b3ayni honak ro9ya char3ia we hsan jahel kbiir w men ahl nar inchaalah,negative
ya hsan ben 3itman imchi a8sel fomek choufou mlih ach5raj men fomou sobhana allah y3adou fih fi teler,negative
7ssen ben thou3ben tfouh 3lik wa3la man walek,negative
ti belhi baraw nik omkom 9alou ro9ia char3eya 3bed mnayka mhabla,negative
inta imnayk jahill iro9ya wasana biyha rasowll y jahll,negative
ti bara nayek enti wayeh,negative
ani w5tk y imnyk,negative
inti howa jahill y mt5lif,negative
ti mala 3bed mnaika hahahahah,negative
omek mahboula imchi nik omek,negative
mohamed bobo inti met5lif wa5sara wa7d itod 3lik in3 3os omouk y weld ilhamla,negative
wassim sahli chouf we chkateb ya met3alem imchi nik alf men omek lijabatek men termetha w kan andek riht roujla netkablou ya weld lkalba saref,negative
mohamed bobo win injyk y mibown tw itchowf sahli zbi man3rfowch,negative
wassim sahli hahahahaha walahi zebek nhoutou fi teremtek tchouf rjal mnhebech nahki barchaa ken theb netkablou c noms imchi chouf omek chkoun ynikha rajel kabelni we njik nourmal,negative
mohamed bobo met5lif a5sara na7ki im3k moi on3ych fi paris y mas5,negative
wassim sahli ani fi paris ya miboun ana,negative
wassim sahli 5oft tawa,negative
malla jehel tfouh 3la sorem elli jebek,negative
el mochkla el kol men mtunisia el kol 7atta el monachta malla bhima abhem 7aja saret fel talvza el tounseya ma ta3rech w mahich fehma 5edmetha féchla allkher w 7san ben 3othman 3andou el 7a9 5ater déja ki jé 93ad déja tatye7 9dar w lekher 9a3ed ykarez fih bel3ani ti behi barcha ma sabouuch w malla 7al9a bhima w malla bhéma mezelou ysabou fel ta5alouf rabii yehdii,negative
rou9ya char3iya fi diyanet lkoul ya bhim ya msatek yali matefhemch fil din o kenek contre il eslem tnajem matetfarajech otsayebna,negative
inchallah yet3awed,positive
ahhh a7la fatra fi 7yeti,positive
ki kénou nosour bel7a9,positive
tahiya tounes,positive
african cup of nations is the most prestigious title to be lifted as tunisian population is only twelve millions to beat all african countries to dominate the whole continent in football hhhhbb so world wide tunisian are smart to manage,positive
ye 7asra kont s4ir positive5 in 3am kona cha3b i7b ba3dou norgdou biben diarna ma7loula krahet 7aja esmha tounes tawa,positive
ma7leha tounes ki kanet,positive
ya hasra toreh tunis contre ghinia kenit fi 3id kbir ya hasra kol chay met f tunis,positive
eli mabkesh ki chef ljazizi w santos fel final moush tounsi walah,negative
ya hasra 3omri ken 4 snin,negative
hhhhhhhhhhhhhhhhhhh coupe d'afrique hédheka wa9tha na9ra 6éme 3ayéch bénti,positive
wah hhhh vive les algérie,positive
vive tunisia,positive
ta hasra 3ala tounes,negative
tunisia number one positive,positive
world of warcraft licking 3,positive
dama3t wallah tawwa atihom flous w 9hab,negative
mabrouk alikom yal khou ahna ma kolna welou,positive
penalty lekhraniya taa hagui contre nigeria l gardien 9rib yboussou ya zebi nek khraj y7awes,positive
li fat mat,positive
hhhhhhhhhhhhhhhhhhhhhhhhhhhhhhhhhhhhhhhhhhhhhhhhhhhhhhhhhhhhhh benin ya benin,positive
kent tounes kent dawla kent rojla kent me7aba kent kora kent forga kent gar7a nye hasra o raby yesaberna ala 3esafer eli 3andena tawa,negative
ya 7asra ken 3omri positive6 sné oh les souvenirs my preferred player was hatem trabelsi the black tiger,negative
ah ya hassraaa,negative
tunis'maroke,positive
90 eli sehmou lfi hezzan coupe d'afrique kenou joueret l'étoile kén jebou ben aziza hannechi firas w ken majawech b3ayou w ben amor mahomich mathrobin positive00 rahi 3ana,positive
bjadek tahkii clayton wa9tha f taraji badra j3aydi l mneri fama ken hagui wa9tha kawer f etoile w imed mhadhbi f css santos f france w jaziri w boazizi f turkia kife jebtha 90 pour positive00 belehyy,positive
ben alaya sahbi jaziry santos bouazizi hagui mhathbi jebetou etoile min ben arous 9bel ma yemchi l css chedli jdidi nslh mansit had e5ir hethom lkol wled l'etoile presque chtar léquipe nationale wa9tha nshih fema badra ben achour clayton trabelsi ema wa9tha eli hazet léquipe nationale hiya létoile,positive
adel chedli tehsseb fih teba3 etoile jee kawer f etoile ba3ed thawraa w mhedhbi te7sseb f css 5ater wa9tha kawer fehaa w joueuret eli metssemin 3al etoile fihom santos w jaziri w boazizi dima titulaire w be9i kol baneka par contre taraji 3andha wa9tha badra w jaidi w mneri w clayton titulaire 4 joueurs valeurs sure donc matajamech t9oul 90 pour positive00 men joueuret etoile shih etoile 3awneet b awledhaa ama mech b keyfiaa eli tahki beha enty,positive
ya 7asra 3la bledna wlh,negative
wini rjelll,negative
bien dit,positive
chay ybaki wlh,negative
ben ali lol,positive
hadhouma nosour carthage ya 7asra,negative
ena mazelt kitfarajt fih elvideo we 3inaya dam3et zeda ya 7asra the good old times,negative
wa9et likent rjel tniklha fi omhaa 3ala b3dh'haaa myw9ef znoubna 7add,positive
wa9t ken fama rjel tkawar kima badra wel jaziri moch kima frou5 el boumadha mta3 tawa na3n 3oss omhom,negative
9olt el7a9 wallah,positive
og3ed jamer el beyet ya3tek 3asba,negative
wlh la7mi 9ach3rr zaah ma fibalich joueretna kena b niveau hethaa vrmt bravo,positive
ehhh m3a romdhan wagtha ya hassra,positive
joker base marouci ma9hour hetha,negative
iza7 tournis w senigal positive 0 w taw il3akss w ba3d tounis w nigiria,negative
hata lmartba 3 hanna tnekna feha,negative
world of warcraft music 3,positive
exactly xd,positive
habib,positive
hmdlh,positive
3bed kennt tkawer mouch ken be legrinta akahaw l kolha teknesianet zouz mel brizil trabelsi fi city jaziri fi tombkou lo5rin mo7tarfin fi almania we france ou tawa 3bed tkawer be legrinta we tekniqu ma thamech ya 7asra 3la tounes,positive
barabi bala3 nayek 3assba,negative
wlh mgharba ils sont jaloux a nous jusqu à ce point bizzza nous ce les hommes et vive bladi,positive
brasmi rjel,positive
tawa bil keratine,negative
jaziri d santos etc équipe matit3awedch mouch ki 97ab l keratin mta3 tawa,negative
ya 7asra wlh,negative
waael najeh brahem,positive
ezzab tounes 9bal khir fi kol chay hatta fi 3bedha taw mechia wtetnek,negative
tunis msaytra 3al basket 3al hand w fil champions league taraji 2ans 3ala b3adhom fil finale win mechya wetnek peut etre l3abad w laken film riadha na7na mettawreen aktar min 9bal,positive
chouf nabil ma7loul fi e5er l video,positive
20positive9 nchalah ya rabi,positive
i don t respect no body inside the pitch,negative
luck is part of football,negative
moroccan had given me hard time but i did win the title2004,positive
tunisia might do it again because they re crazier than myself,positive
how crazy are you,positive
two steps from hell,negative
two steps from hell archangel,negative
20positive9 n3awdouha bkodret rabi,positive
mon numéro 002positive3776306726 viber,positive
w zid ya7kew b tounsi w lahjetna akther mi twensa n,positive
gj 3 ya a7sra,negative
tna9iss chwaya fil mousi9a ywalli video tayarra merci,positive
ya 7asra ken tarjaa haka lkoura,negative
deniyia dour nshalah tarje3 club dima fi,negative
arjo motaba3et 9anet m3a chker,negative
hahah 3markoum 3aditouh tendbou mouch tebkiw,negative
y3tik 3asba ya taraji w jmhour m3ak n 9oul taraji ma3ndhech jmhour,negative
il3ab ya lfri9i nchala mouneka nikoukoum wentoum dima akeka,negative
jallad yt bara nik omk l 9a7ba ya jabri,negative
jallad yt sea3a tt ki d5alit lil vid ta3rf fih ta3rif fih tati7 9dar l tarachi rou7 nayek n9alou tiktok ya3tikom 3asba fatha7touna,negative
jallad yt bara nik omk l 9a7ba ya dandouk ya jabrii,negative
african hhh dandouk mnayek atheka 9adrou n prima curva nord,negative
hhhhhh walah 9olt il7a9,positive
ghraira bari rawhi men wa9tech ta3rfi lkoura,negative
rou7 nayek,negative
olé ola ya3tiha 3asba ca,negative
l3asba f omk l 9a7ba,negative
o5rjou 3asba frou5 taraji ta3 zebii,negative
el frou5 fel 3am hedheka tal3ou rjeel w gal3ouha el boutoula,negative
merci w dima khwat,positive
emna drpositive kol twansa,positive
3ych sa7bi,positive
aa zebyy 3ala wkay y5i taraji 3andha jmhour y3tik 3asba,negative
menesh fard nivou y do,negative
neknehom w 9harnehom w ca ya dawla,negative
maadesh tejbedha taraji dawle,negative
ca ca ca yadwll,positive
amroussi barra chouf 3asba behya tchay5ek wa5tak mel koura,negative
taraji ya dawla,positive
imen della tarajii qahbaa,negative
mazembe 8,negative
mseken farhou bel 0,negative
nssiti l khamsstin o dhaharli mazembe aaatatna 8 mouch jari l dandouk,negative
hhhhhhhhh ya zantour,negative
hhhhhhhhhhh mnaykin mordha betaraji,negative
mortha bommek hhhhhhhhh,negative
zlapovich bara nik omek frr,negative
souid ou ommek fi kounji ha3ha3ha3,negative
bech ennikoulek fehom ommek el positive0 snine,negative
y3tik 3asba ya taraji rou7 nik omk ya miboun,negative
nik omk unta we taraji hamdi medeb,negative
salah ca dawla,positive
forza el efriki,positive
hahahahhahahahhhhhhhhhaaaaahahaahahahhahahahhhahahahahahaahahahahgahaahahahaahhahahhhhhhh h hkn ahna bkina derbi a7na bakinekkom 58 derbi ya ta7foun,positive
3w3 w3,positive
nike omk ytrzji,negative
ommek zabbour,negative
omk l 9a7ba nikilha zbour 5alitha rou7 nik omk ya dandouk,negative
ti 3assba lik hhhhhhhhhhhh,negative
tfakrou 4 4 4 '' ama 8 8 8 8 8 8 8 8 c'est délicieux dessert,positive
hhhhh fi lw5ee est sawla a zantouerr,positive
el3assba lejm3t etrjii,negative
zantour ya m9hour,negative
omoke nakoha 8,negative
3asba fi sramkom tniko fina ti fil 7 snin le5ra niknkom lin fadito t7a7na ta3 zeb nami ouslouna fil boutoulette w championette w a7kiw w sebouna kif mat7ebo,negative
he4eka 3lech hrantou ml super coup tal3bou lel mazembe w taraji t5afou mnha vamos el curva sud y3ayech weldi bara a9ra,positive
ti 7ata mel les commentaire fi video mta3 enedi etafrikk enedi el efri9i lkoo mta3 etaraji bara chouf les videos mta3 lemkach5a w a7ki,positive
magrhi nik ta mére la pute,negative
magrhi hhhhhhhhhh enti far5 biboun fi za3ktek ye3tek 3asba fi sormo ye jabri ye mnayek,negative
magrhi hhhhhh enti wa7ed jabri kifek ta5tali fih ye miboun,negative
magrhi bara nik omok,negative
magrhi ti chbih zok omok chy7eb 3and zebi tir nik omok el 7a7ba,negative
ishak foot stars hatli omk n7chy fiha zebi ya weld l9a7ba cher 3asba 3la sormak ya miboun miboun ywari fi ro7a hani rajel mn wra tlifoun whowa weld 9a7ba miboun fi sorma ah ken ti7 bin ydaya ya weld el9a7ba w3asba 3la sormak ok,negative
ishak foot stars wzok omk ya weld elhajela el97ba tfooooooh 3lik w3la wldik tfooooh,negative
ishak foot stars ya weld el9a7ba lama n7chy fi zok omk zebi,negative
magrhi enti fer5 miboun fi termtek yé weld el 9a7ba,negative
ishak foot stars hatli omk ya weld l97ba omk lfajra l3ahra tfooh 3la zok lom mta3 omk ya weld l9a7ba,negative
nebbkiou bine se9ine ommek hhhhhhhhhhh,negative
bara nik omek ya go3er far7an 3asba j3ala chiket rwa7 nayek fri9i ya dawla,negative
rawah nik omek ken jit mibon rani nchabahlek ya mafla9 hhhhhh,negative
ta7ia min css,positive
respect,positive
3aich khouya nta7ia l css,positive
o5tek lebess,negative
hhhh mar5sék w masa7 ro93ték rjél tal3ab bil les titres la3ab w enti chéd fi tor7 3andou akther min positive0 snin nsit fhday7ék m3aya jamhour club mat7chmouch,negative
oomri waketha 8 snin o ltawa netdhaker kol chy khasatan aka lhakem eta7an lasla3 bta3 zebi,negative
ih maho bch tatrabaw m3ach tarchiw 7okam,positive
hhhhhh razi hab idiz gaza kalhom el hakam emta3 league de champion yekhi ahmed lemghirbi kalou ech khala drogba cha3ra la ekléh,positive
3asssba likom hhhhhhhhhhhh,negative
zlapovich le chkoun el 3asba,negative
asba ltraji,negative
houssem 3asba lommek,negative
ben mabrouk lakhast kol chey khoya la3ziz,negative
3asba lkol w7id taraji w wild l9a7ba ychidli zebyy,negative
ay yay saba9nekom 3 blech,positive
ben mabrouk sorm omk enta ya uld l9a7ba yamiboun,negative
ybhimyrahaalakalbk,negative
ki kanet 3adna rjal tkawer mouch froo5 tiiit,negative
lfroo5 tiiit haze3 4 champions leage mchkom entom m5rajtouch min dawri el magmou3at likon 20 3am,positive
jallad yt ti ya7ki 3ala joueret leclub ta3 tawa,positive
ca bellehi bara arja3 tfarej 3la nessma,negative
jallad yt lekhi chta7ki yezebi,negative
ca a9ra ismek ya zantour ya ma9hour wlmkacha5 flboutoulet yenge7,negative
jallad yt bara ochreb el bibron mte3ek w or9ed,negative
3 blech welboutoula mafamech,positive
khalil chamam 5ir mn barcha 3bad kifk,positive
manque de vocabulaire manque de respect drôle de créature va pfffff,negative
this guy is mentally ill,negative
yekhi hal masakh hedha mezel 3ayech,negative
hal mridh ma3ach tjibouh,negative
chniya hedha hamdullah jeb rabbi majech ra2iss,negative
brjoliya lelet ensa tbarkallah fiha mytka7al,positive
bara nayek ta5letlou enti 5alil chamem,negative
baredlii galb kanat da3ara,negative
mela jabri,negative
khalil chamam miskine,negative
ya jme3a aya saybou ikhdimkom ou 3ayletkom ou tilhew ib zabour om khawla slimani,negative
mn klamk dhahr 3lik 5atiik l7a9 da5l ba3dhek filklem machalah,positive
tehchy fih 3asba ta7ger fi rjel ya3tek 3asba,negative
bika diaadine rbika,positive
ena sada9tk chouf m3ahom hhhhhhh zah louvet el jasad tbarhen éli enti tekteb rabi yehdi point,negative
tahaaaan,negative
vraiment solide,positive
we7ed khamej hal jlasi hedha anten men sabat,negative
aando l ha9 berjouliaa dhaher sada9,positive
hhhhhhhhh exact hathaka houwa leklem,positive
c un sale clochart,negative
wou intouma louled chnowa za3ma,negative
ben hassen kif kif,positive
radio animateur poubelle,negative
une pute psychophate schizophréne plein de complexes,negative
une couche de 5 centimetre de fond de teint ya watia ya toilette 3arbi kol ma netfakrek j'ai l'envie de vomir ya chlaka rihtek el5ayba eltawa fia ya microbe ahki linnes elli ma ta3rfekch ya hayawana hram fik hata elbidha elli tchamet ya toilette beuuuuuuuurk,negative
taw chkoun jebdek men aslou wala el mejrab tehemzou mref9ou,negative
raby yahdik,negative
ti fok 3lina esi moula lfaux profile lham firasek,negative
berjouleya bahri jlasi iweti mariem ben cha3ben theshom zouz cava pas,negative
hedha jawo libnet ili a9al min positive6 ans w khawka akber min 32 ans fa7jouh lmawdhou3 yeziw blée kideb,negative
chapeau bas bravo hak bdit tefhem za3ma bahri ken ja hachtou biha etoilette el3arbi elmibouna kadetou hhh surtout bzouz franc tji tadhalek zebek,positive
mala go3r kn jit f blastou kif y9oli enti noufouthek ken 9odem micro ntardou w ntabba9 noufouthi malla jabri jehel,negative
hhhhhhhh psychopathe,negative
yaani msad9in li khawla slimani a été hypnotisée zok omkom mala mnaykiin wallah bahri maandi bih hata ma3rfa w momkn awl marra nesm3ah w khawla slimani maandich maaha mochkla ama l 9anawet l mnaykin lazemhom ytal3ou l audiance b haja heka,negative
bayne waled f 7amame,negative
tawfik,positive
blad ki zebby baramej ki zebby w howwa ki zebby w ama khawla zabbor barsha,negative
hhhh shih melgleg netfarej fihom,positive
version congolaise,positive
dhaher min wejhou wehed khamej,negative
ya 9a7ba chedi sormk,negative
ti enti wejhek wahdou choubouhett ritek fi emission gara l'année dernière wehed bhim we massekh we vulgaire barcha hasilou wehed puuuffff fit manten rihtek blasstek fil gorjeni ya metharech,negative
inahtha te7mi fih nmaw9fou y9azez tijeh limra n9al tofla positive3 snee t3ares hhhhhmala jahl,negative
ti chkoun 9alek nty ya 7ajj el mojrab yehmzou mref9ou,negative
fma page b esmah wla houwa compte fb,positive
ya3tek asba ya jabri zebi achab menek ya mnaik,negative
malla mnayek hhhhhhhhhhhhhh ensen mridh nafseni hedha w jetou l flous bhema mradh flous bahri jlassi,negative
mala mnaykk ma5ibek ya miboun,negative
ana nchi5 3lih bdho7ok ehhheh,negative
ana nchi5 3lih bdho7ok ehhheh,positive
khalil chammam hhhhhhhhhhhhhhhhhhhhhhhhhhhhhhhhhhhhh,positive
wlahi bl7a9,positive
khalil chammam,positive
ya zebbi ach yodhhor ya7chi fih,negative
ja3fer 9al mahouch jlassi ma ta3melech 9ima lerou7ek raw ma m3abrek 7ad,negative
ma ta3rfech lah9i9a brabi oskot entom 3ala elflous ar5es menkom ken elmelh ya zeri3et eblis,negative
khra mt3 9be7a,negative
ma3néha sada9tou el mise en scene w el hypnose mt3 khawla sliméni berjouleya barcha tefeha,negative
ritchi billehi zeyd cha3b do5fa yet3ada 3lih kol chy w ken jet 7ta 3la 7keya toslou7 bifrank,negative
hhhh hhhh techbeh el 5alil chamem,positive
sar tla3 houwa,positive
masekh hal rajel ma nehemlouch wejeh l dhabout,negative
hhhh yyyy w maw9fou y9azez tijeh limra nwlh pedophile,negative
belikov alekher sadakni ty thesou maaked w yheb yal3ebha fehem kol chay d facon que laabed kol hachek me yeswew chay ken houwa kharya kbyra,negative
houda laabidi yup as hell sweaty nby the way fama wa7da kenet itdefe3 3lih w 9atli haw i rasoul 3ares b3aycha w 3morha 6 snin n93adt ma9hour kifeh tjik tofla itdefe3 3la pedophile kif hetha yakrah limra w ya79erha,negative
belikov son argument ne correspond pas a ce qu'on voit et ce que résulte de ce connard qui cesse pas d'insulter la femme on dirait qu'il es marié d'un lézard ou cheppa ala sakhtou,negative
jihen kolel l hak,positive
birasmi jadour,negative
hadhaya mridh meskin,negative
ma3adech tejebdou les joueurs mta3 ettaraji ya kleb tal3ab boukom,negative
lautner joueret mta3 taraji kana te3ref ettaraji ya ta77an ejjlassi hhhhhhh roddaha in isstata3t ya jabri ya mta3 ejjlassi ou kima joueret ettaraji chay5in 7atta ana chaya5 fi paris ya jabri,negative
lautner inta houwa fi legmal ya jabri ya bhim ya weld el9a7ba ya weld el7ram emchi 3ind 3ala chouf bouk chkoun hhhhhhh,negative
lautner inta miboun ou weld 9a7ba ou bouk miboun,negative
lautner ya ta77an eljlassi ynik fik ya mta3 eljlassi ya far5 emchi l3endi man9ollak chouf bouk chkoun ya weld el7ram hhhhh,negative
smeti housem hahahha tsa5af makk lahass asma3ni n9olik haja manhebsh nahbet l mostawe lmarjber ti mak til9ak tra mnin déjà ena mtayha mn ruhyy w nahki makkk w hata nty tousil l pa y a si weld elrajel w n9lik haja mawsilt nty 9olt haka ili ma kol wehid ylawaj ali ne9sou wa9t twali rajel taw tifhemha be9i motrobiya alikkk behyy w majbidlikch bouk ye5y lmajber ili dra mnin jeyin m5a5om kolha ki b3athha ki série casarona ya3rfou kan ytkalmou w rjouliya yjibha raby wa9t twaliiw rjel w tnahyy talhis wa9tha ija tkalam ala liletik w sîdtkk y a r5is andedikk w asma3ni zeyd tjawb rak manjewbsh ali mahomch rjel block toul aller bye mr,negative
ti wa7da malhet kenet tnayyek m3a swisri korza whedha jlasi awsakh men zok omm essabbat,negative
ali merci nchalah,positive
brabi fi thour martek kadeh srafet,negative
winek ya maha,positive
tsawir file5ir weldik yatla3 miboun hhhh,negative
bachoula nhees 3andou hhhh tga3ed 3asba,negative
chbih yehki haka mechrar wjehil fark kbir binou wbin kais s3aid zaweli metthakif w métrobi pffffff malla tunis,negative
hhhhh,positive
ye belhram hasito darb hal rajl hhhhhh,positive
hhhhh mala ke3ba,positive
meela kelb,positive
bara nikomek enti weflousek,negative
zayd jahil,negative
3alech positive20 malyoune 3ala ithour bech itkabirla fi ziba haki haja min 3ind rabi oilah loukaine ithalis milyiar yitla3 miboun,negative
finomen,positive
positive20 malyoun 3ala bachoula bara ya3tek bachoula 3ala sala3tek,negative
w f thour bentou kadeh sraf xd,negative
3anfouh f termtou hedha,negative
40 malyoun rméhom fel smé c normal mademou mou9awel 9aleb 5ademtou yo5lsou fi 20 dt fel nhar,negative
3malet 3amla ma7soub akelhadra 7elo ysa5éfff,negative
psico bahri,negative
jabri motakaber,negative
mridh,negative
mala mnayekk,negative
positive20 malyoun 3asba fi sormik w sorm weldik,negative
journaliste ki nami wch mdakhlk yorch9 40 millions jabethom,negative
7med satour version 2 positive,negative
tosrrf walla yidiik fi zeb icha3eb ya mnayik,negative
vas te faire foudre spec de salot,negative
ala bachoula sraft positive20 malyoun w t7eb tched eddawla barra nik omek,negative
hhahahahahahahahhh,positive
jalssi nayeklou omo 97ba samir el wafi w 3amelou tkarkiraa,negative
malla mba3bess,negative
wouuuh wouuuh 3al arbiterrrrrrrr,negative
jayeb hedi wild baballah ti positive00 minou ma eyjiwich fil comediya emta3ek a jhali,negative
bravo,positive
hahaha,positive
wllh yo9telni bedhohk bedmiu3 hahahaha,positive
innehou 7imar 4air mourawad,negative
ettebthir 7ram y'a miboune,negative
bahri sattour,negative
ken 3tit positive00000000000 lifou9ara2 yezi izebi t7eb lmra t3ares 3morha positive2 sna w dima ta7ki lkol ser9ouk,negative
Bravo. ..,positive
Kenne jet dinya dinya raw ward fil kol blassa ou raw ndhifa ariana thelkit mcheeet,negative
Barra ya 3anzok omkom l9a7ba 7ot zabour dadek 3aseka,negative
Bien sur,positive
Une équipe qui promet bettawfi9,positive
Walhi rbi m3akom,positive
3ich tounsi toserfou fil fere8,negative
Ena sahihit aela wathika w yelzem twenssa kol yssahoho w yelzemna nekfo maehom,positive
Wled bledi ma7la zinkom,positive
Àmé Nï Amouna,positive
Inchala rabi yechfih,positive
Nchallh Rabi ychfih,positive
B3aththom il mosaïque w hiwar tn Hatta had ma3mal réaction Rabi yechfih nch allah,positive
Nchallh Rabi ychfih,positive
A vendre Maisons+2: sallon+2chambres+cuisine salle de bain 2 virandes garage+studio chambre+Salon toilette et douche+mancher a Ksar bardo jamaa el hidaya  pour plus d'information privé,positive
Voting.sadeem.com,positive
kaouther el bardi prone les produits turques !!! quelle hypocrisie :,negative
Tabda b3ich tounes wtoufa b bi3 tounes,negative
Bien,positive
Win hadthi salle bdthabt brabi jawbiuni,negative
Win salle de fête fatma svp,positive
Les deux belles femmes,positive
Zouz n7ebhom barcha,positive
nchalh rabi m3akom,positive
9adach,positive
Ramou LA nemchiw,positive
Bel flous wela blech si b flous gedech,positive
A7na wini tsawerna?,positive
ye5i wech ta3imlou,positive
Bravo wlh mahleeHa béja w ma7lèna ki nabdew actif fi blédna nshlh dima heka,positive
Sachet lichnowa bidhabt?,positive
Bellehi kifech ennajem ncontacti el coordinateur mtaa beja,positive
Hhhh ok ,positive
Chnoa matloub mn tounsy ena marra kalmtouni w7kito m3aya bch netlha bmenta9ty,positive
Chnoa matloub mn tounsy ena marra kalmtouni w7kito m3aya bch netlha bmenta9ty,positive
Chmch isir fi sfax,positive
7lowa yesir ama video 9sir chwaya 7sebtou ghneya bsout issam chaweli net5ayelha tza3za3 edenya .. oui lezemna n9oumou bebledna .. rabi m3ana,positive
Alah yarhma,negative
winhi il kayme mte3koun echbikoum metkabinne?????,negative
5alloha 3andkom fokto beha ken entom,negative
ou hakka nodhmnou ziyedt kelmet afra7 biya hhhhhhhh,positive
win local fi sbz,positive
Najmou na3rfo mnhm chnwa enata2j,positive
Wa9teh jito,negative
Ijouna gaafour,positive
w a7na win si ala ??,positive
w a7na win si ala ??,negative
Allah yarahmou,negative
Inchla bitwfi9 linas il kol wrabi naja7hom,positive
Inhb in9ol ili 3adow il bac wyestanow fi résultats itha ma5thitouch il bac mech nehyet il3alem itnjem ta3mel formation 3l 5ter san3at lidin haya il kol wtehlek barch afa9 ana Hani i5thit il bac w9rit 3 ans whani 9a3da fil dar i3tibar ilwahed ma9ra hata 3am,positive
Brabi ouin mawjoudine,positive
vraiment kamlou 5demhom 3la a7sen wajh wjeyin lahin b3ich tounsi 5ayfin 3la lemtiyazet mte3hom,negative
La 9let  3lik bbile5yar   2elamen bileh 3 jou3 koul  bel3asal,negative
LA CORRUPTION TOTALE  fi bledna.dans toutes les domaines, hedha eli khala 3 7ajet eli 7atitouhom ykounou mawjoudin,negative
ENI m3akom de tous les temps,positive
Rabi m3ek,positive
Chkoun admin el page yji privé,positive
Ya 3ich tounsi Ya 7ayawanet kif totlbou 3abd nhar la7ad 8h du matin au moins kif yhez 3likom ne raccrocher pas dans le nez c est impoli t7ebbou tsal7ou wentom makomch metrabbin,negative
Adoma rabi m3ak,positive
Tlabtouni w ma fe9tch bih tlphn inajem naaref aalech ? khater ena moch fehmetha barcha lahkeya,negative
Bravo waslou déjà ena e7kit m3ekom w rabi iwaf9kom entoume Zeda,positive
Fi gabes nn ??,negative
Win bdhabet mwjoudin fi zaghouen,positive
Zaghwen mafihech amen? Lol,positive
Bravo,positive
Rabbi ywafkik wahna mak fima fih alkhair lbizerte en premier lieu wlitounis inchalla,positive
sada9ti ya sayida,positive
eni m3akk,positive
3lech matemchich les elections parlementaires mte3 Franca?  Jarbou3a hedhi 3amila,negative
mmmmmmm 3ala jél israel,negative
eni m3akom,positive
Bonne continuation inchallah,positive
Nchala b tawfi9 <3,positive
Inchallah fi taliaa,positive
Anas Hatay dabrelna maryoul,positive
ENA mê3kom,positive
Yee 9a2emeet 3iich tounsii aka rjeel likbar lii maakom taamlou mzya na7ehom tawa wa9eet jilna a7na bech ye5deem na7na lmosta9bal w houma lmadhii na7na awleed lyoum n7ebou n3ichou mosta9belna aala kifna mouch kima y7ebou bayeetna bayetna ma yaarfouch technologya w toro9 l7adith 5alouna na7na tawa ne9fou hedha wa9etna intouma kee 7izeeb jdiid e5edmou aala chabeb w 5alou aadha2kom chabeb tenej7ou 5iir hedhii ra2y cha5sii w nchallah rabbi ywafa9kom,negative
be5lef olfa chkoun hadhoukom ou kife weslou lel 9ayma ?,positive
be5lef olfa chkoun hadhoukom ou kife weslou lel 9ayma ?,negative
Inchalah te5dmou benzart mouch kima l 9balkom chadou lkrasi nsouha w yetfakrouha kan fil mounasbett... Bon courage,positive
Incha Allah kdam saaad ahna nkoulou fi Tunis WE tkounou sawet wedhar e chaeb,positive
inçhalah bitawfi9...Mme Olfa Étarées est une personne à jour...pragmatique...très confiante...sincère...je l'ai vu au Hiwar ettounsi i...ses connaissances lui permettent aisément de faire le bonheur de Bizerte...et pourquoi pas celui de la Tunisie...Admiration...bon courage et à très bientôt !,positive
Rabi m3ak wa7na m3ak Olfa Taress,positive
Ken jit m3akom  fil lista baz terb7ou ema bon courage w je voterai pr vs,positive
ena me3akom wenchallah ta3melou haja  surtout li sport fi binzart,positive
Ne7b nod5l me3kom,positive
Bittawfi9 Olfette,positive
Rana me3akome,positive
Ena m3a hejer,positive
Betawfik,positive
Enchallah zina,positive
Amel lgoul ahla doctoura rabi ywaf9ha :),positive
baad olfa hedhom chkoun W  kfiech da5lo ll 7ezb,positive
Bilahi hoka chiyeb no7ohim 3lina 5ali chabib yakil 5obza m3akim w yasni3 mosta9iblo wa7do,negative
Chabab tabarka Allah ,positive
Rabi iwafa9kom,positive
Bel asfer w lak7el zeda ,positive
Ah ya binzart,,,, ya hasra alik,negative
Degage banzart moch m3akom,negative
Souhaib Lazzem Violoniste hayel fettaswira,positive
Winhom chabeb ,positive
Samer Yahyaoui Adem Chouaibia   haw lm3alem hhhhhhhhhhh,positive
nchallah rabi yahfdhek w rabi ma3k okhti olfa benzart taftekher bik,positive
Bonne chance pour tout le monde ,elfaida tkadmou bel bled,positive
Hani m3Akom MA tensewnich,positive
Ahna nifrhou ki banzartiya nous présente et personnellement je suis fière d'elle,positive
mahlak ya olfa rabi em3ak,positive
3aychin twensa déjà ! Mich inti bch twarina kech n3ichou,negative
Bon courage nchala yetl3ou kol Bnazartia ye5dmou Banzart b sed9 wou mayekdhbouch aaliha et le plus important  ykounou yed wa7da,positive
Testehel akther m'en forsa,positive
Mazelt najm in9yd w bilhi wini namchi,positive
M3ak rabbi bint classi   Fil ibtide2i ou bint houmti fil corniche,positive
Rabi waf9ek  na7na m3ak,positive
Hhhh ne9esetena teched raise mara yyyyyyy7ey 5leyele le9erawi,negative
Metrach7a lri2sa ?,positive
Hihihi mrigel,positive
yikdhib,negative
W Za3ma entom Eli bch tsal7ouha benzart??,negative
Tab3in youssef chahed,negative
Nchala Rabi wafa9na bikom wenaj3o bledna,positive
M3akom aussi!,positive
m3akom,positive
Nchallah tnajmou tsalhou chway fi hadhi lebled belha9 tounes tharawetha 4aniya 3ani ta3rif ama sore9 fi halebled kathrou,positive
Ti hiya 3aicha française w bil jinnsiya winti t9olli aich tounsie Billéhi raj3ou rwéhkom w ihtarmou innés,negative
Ye ritt ninseew kilmitt ech ihimni wi cheraa ilbiliik wi nadfou ikloubna alee ibadnaa tawa inwaliiw benazartia bihaak wi hakika,positive
N7eb bledi benzart ema chkoun bech y5demha 9a3din ken mta3 darbdn louga,negative
haw jayiyhm nabil karoui bdhn lah  mch nkounou fi 5ir wfou9 mn hetha twa t3rfou wahdikim mndhouma fasda wn mch tkoun akid fi blastou houwa twa ama mourachi7 thani nchala ykoun ra2is 7kouma,positive
Mnin ta3rfoh lb7ar blehi bech ta7kiw a3lih ...,negative
ilgoumia mchaou maa franca hkltou alihoum,positive
Minin je ha 3ich tounis hatha Wa9th  wala ya3refha binzart,negative
Maw kolna le aad,negative
M3akom nchalah Rabi ywafa9kom,positive
Beheyem wbheyem wwbheeeeyem. Kalo 3ich tounssi hhhhhh bara nan zok omkom nektouna,negative
kolha tsamsar,negative
Page sponsorisée 3ich tunisi achete tous ... Ma tkounouch bayou3a ....,negative
m3akom,positive
Rake Beche tousel wasele Hana dima me3ake,positive
Njm enkon m3kom,positive
Ngem  nod5el 3dtho  m3akoum,positive
rabi   m3akoms,positive
Banzat Rabi ya7mik,positive
enchalla rabi iwafak,positive
Rabbi m3ak cousin,positive
Kouya madabina aktar wodo7 ranah maldo8ine Mel legdem nafess le klam galoh Marah lifatet gabes ma3adech ta7mal aktar men heka,negative
Hhh men antoom,negative
betawfi9 el3iech tounes ayen maken fi kamel tourab ejoumhouriya,positive
Bech enfase5kom kima El hiwar 3omala françaises,negative
yezi min gafrach,negative
Wallah shih nkamam fsgari wesgar geri kifa bech i3ichou nhar aker lhaja tzid felb3am b 4 marrat wmanfi9ouch baha wen machya leblad  Ma3ednach kaltin 3ala chai,negative
it7ab it3ich tounsi m32 9ays s3yd,positive
Rabbi m3ana se77etna dha3ette menna bekri esse3founa wenadhfou elmou7it lawledna rajaeen,positive
N importe quoi, Arretez de vos conneries svp , pas de confiance a vous. Tetlhew kan bel3assma  5alikom fi 3assma,negative
Ebrabbi wen nemchi enkayed  lel enrikabett galouli mouch inscrit 3andna,negative
Kalitouna tewansa entom Ken bitaka tahrif ahmelou formatage kir wa argehou gebal positive956,negative
Yezi mel7achou... Mnin jatek 20 milliards,negative
M3a 9ayis s3ayid,positive
3ich tounsi 3la kifna mouch 3la kif eli mwelkom tbarkha kima t9oulou mlyoun tounsi s2touhom kihah mwloutha jam3ya,negative
Bellahi 8ir 5touna intom 7ni lbs w yezi bla rwaye9 bared galek wathi9a 3omala france,positive
Bellahi 8ir 5touna intom 7ni lbs w yezi bla rwaye9 bared galek wathi9a 3omala france,negative
Ti barrou naykou 3ed,negative
Wallah ichedou lekrasi iwali maya3erfakech ohouwa 9bal lenti5abet ken yal9a ibouslek rejlik wahef lihom,negative
Smilah Haye maskouna bjini  hedi ilotof hhh,negative
Rabi m3akom,positive
Pollution mochkelt gabes,negative
kol eda3em si yasser,positive
Ya5i bech neta5bouk 3la 5atrek bech tetnazel ya m3alem hay mak labes barek,negative
Haya trah haw ma3rouf ndef wenhom  wlad blad,negative
Bon chance yasser w rabi em3ak,positive
ENA N7eb nkoun m3ekom fel 7emal kifech netasel bikom,positive
3ich gafsi si nn zayed hh,negative
kayma tahmil nes ndhaf wmachallah a3likom ama kan 3maltou kayma mostakilla khir 3ich tounsi mouch hal,negative
Rabi ywafa9kom w tjallou 3lina el ghomma 3le5ater men 7a9na enna n3ichou yezzina m tahmich,positive
Yasser khlil btawfikk nchlh,positive
3adi bikm jam3ia mch hadfkm linti5abt,negative
Chnouwa barnamejkom?,positive
Inchallha marbou7a,positive
Betawfi9 si yesser,positive
Rabyy m3kemm nchallhhh,positive
Btwfi9 ndouchq,positive
N7eb nen5rat m3akom,positive
N7eb nen5rat m3akom,positive
La na7na tawa kifech 3aychin fransis za3ma,negative
I7ebouu i3adouha 3acha3bb kol wa7edd ye5dem fi masla7tou w msla7t tata f4anca,negative
3ich tounsi Bach  idedafe3 3la GAfsa  , izzou min elketheb 3alina,negative
Chnou barnamejkom wchnia kafaatkom wmoahlatkom??,positive
3yech gawri hh,negative
betawfi9 tata latifa,positive
yasser enchallah betawfi9,positive
Famch 5dema m3kom,positive
Mouhamed Arfa enchallah betawfi9,positive
Brrbbii ykhii lkaymett tdakhlouu fha f ness zbelaaa hacha lb3dhh ayy had ynjmm ytrachhh l tchri3iyya howwaa,negative
lechkoun aka 4 blayes l ferghin :/,negative
Shniya hethy zid,negative
Hhhhh mala bahil,negative
Tamwiil mtakom mnin,negative
MARHABA   BUK   SAYED   ENAHEB,positive
Bi7awel leh ma taswto ken larwa7kom,negative
a3outhou belleh !!!!!!!!!!,negative
3ish tunisi but ta3hm enhm ytawrou shway mn bledna ely hya bled phousphat.. w haba ta5tarlna shkun fl'barlamen ely ymathel dawla ta3na bsh yarta9ii bha mahysh mafya ray ifhmou lsh t'heboush zyada l'khoukm w wld bled'km ka hezb akhtarou 3iish tounsiw rayiss'ha 22 hawlou hta shway tkounou yed wahda bsh njmou net9admou w n3yshou b tharwet  ely 3andna w ahna ma7roumin mnha,negative
A7na man7abouch in3ich 9ilouna intouma w nchala nata5dhou nchala inmoutou bahi,negative
Lhw eli y7eb y7ayer esmou ya7ki 3la gafsa,negative
Bnesb il gafsa bech tab9e kem heya mouchbech ytlftelh 7ata wa7ed ilkol w3ode kedha y5dmo ken masl7hom,negative
belhelel la fihom rajel yaslah, wlamra taslah...elkorssi yekchef webadell etoinssa elkol..,negative
Essafi ya maallem gafsa maak wo rabbi maak,positive
safi said yraj3 kol chy,positive
Ghayeth Mejbri hedhy gafsa chuuf,positive
Brb barou er7ou,negative
Betawfike enchalahe,positive
3ich ay jinsiya o5ra tawa tsalkha,positive
tnajmou tfahmouna lahkaya chny ??,positive
Awil 7aja na7i lfsad lbe9i yji,positive
Najem n3awen fe 7aja,positive
ikkib sa a oudkoum,negative
Betawfii9 Nchllh ,positive
rabi m3akom wbetawfik,positive
Rabi isonkom wi3alikom tistahlou,positive
Na3ref fahoum 7ad sur adhouma men jendouba ?????,positive
lkolou kedheb hatou eshih taw tqoulou namel o namel o dchedou lkorsi ma aad had ychedkoq  ma nqol kan nchlllh tetsaleh touns,negative
Mouch 9oltou 4ayitkom mahech siyasiya  bditouha bil kidhb ma3andkom win touslou ,negative
hhhh fech te7kou ya5i,negative
Brabi fahmouna 3ich tounsi 3am kemel ydourou fi haw wech t7eb haw wech chkoun tabe3!! Fi le5er 3amile 9ayma !! Brabi chneya baramejkom eli da5line beha??? W chkoun ymawl fikom??? Hakom thahrine mad3oumine nawrouna,negative
Hhhhhh mana3ref had,positive
Hhhhhh tounis imchit,positive
Nheb nen4am men bousalem,positive
chkon antoma,negative
Souma Khazri a5i chta3mly hne,negative
Souma Khazri samsoum Congrats,positive
Hya bahi ou moins fama wahda boulehmi hhh Kawther Amouna,positive
Achref Chatteli behya jendouba xD,positive
Ana  michamal win n7ib mana w5iratna 9ammi7na wich3irna  achkoun ijawibni nifdih brou7i,positive
rabi yhlek awled le7ram w ba3dhom,negative
Men tunis njawbek fema machakel okhra ntouma mazeltou machoftouhech,negative
Chnoua hedhi chayma,positive
Yaatik douda y'a naw inti ettayba w l behia.,positive
migalo win,positive
migalo finou,positive
mouh mouh,negative
bassem sankou7,positive
tarek,positive
kariiiiiiimmmmmmm,positive
bassem 7amrawi 5ir 9alou lgharbi bel7ram maje chay dima yetmanyek 3la 5al9 rabii,negative
dabegh oksom beleh el torbia mataarefhech,negative
brabi aaleh chaditou maana mochklal ma hata 9anet w draa chnya w kan fama e7raj kolna naarfou eli intouma tayhin rich maa sami elfehri,negative
fama chkoun hhh deja tfol fi 8,positive
ena n7eb karim w ha4eka 3lech n7esou afthel we7ed fehom,positive
wini mgalou,positive
bassem a7sen commedine,positive
karim garbi nsalem mr,positive
wino migalo,positive
basssammmmmm o meeeegaaaaaloooooooooo hatha mystahilch,positive
basssammmmmm o meeeegaaaaaloooooooooo hatha mystahilch,negative
amine rak beeeeeeessil barcha w blech bik kenit tkoun 5ir mala tafah w mounefi9 pfffff,negative
5 hokom 7acha klay ma in7bechh ilie im5ayer fihom je respect radii ilkoll fu istal ama 3stakom ilwaget ma idhom,negative
hak rbiht kaz tay bllar nnani nwhat,negative
wlh goult lhaa9,positive
walah olt lahe,positive
karim khirrr min baalouch desolé,positive
bassem,positive
bassem bassem,positive
winou migalou,positive
karim garbi,positive
selm mr,positive
bara zamer inti wayah,negative
al 3akse,negative
salem mr et bahlouch,positive
je suis algérien je choisis bassam c'est le top bon courage mon frère,positive
baalouch a7sen wehed,positive
basam ahsen komidi,positive
bassem tayara berrasmi,positive
oooooooo nsitou migalou,negative
tarek baalouch 5yr,positive
migalo fi blaset hanen,positive
karim,positive
chkoun fe9 bel faza 8,positive
waaalaahhh taffhinnnnnnn,negative
lotfi abedali champion positive,positive
bassam hamrawi top top,positive
baaloush meytha7akch w salem mr normal tsamyouh comedien ty maset pour de bon normalment fema migalou w abdelli,negative
ty apar bassem lkolhom babouch boumasa 9odem lotfi labdelii,negative
w bjah rabi ya mariem madhabik bel flous eli andek techri chewaya torbiya khatrek yaser mich motrobia akeka t9oul ala karim w amir tbarkalah ala 9elit torbitek y,negative
fama jayza tet3ta w eli mahtoutine ma fibelhoumch hhhhhhhhhhh yaser amalt l aarre,negative
ba3louch w karim is da best,positive
tarek w bassen ahsen wehdin fihom,positive
bassem bsaraha,positive
cyrine moumen s7i7,positive
karim et bassam fi 2 yoktlo,positive
hhhhhhhh ezebi migalou win,negative
karim the best,positive
waliid tounsi bal3oo,negative
la79i9a bassam w karim wa7edhom,positive
yekhi walid bal3ouu,negative
wlhi chaaeb mounefk wlh t ahssen wahed bassem hamrawiii,negative
wlhi chaaeb mounefk wlh t ahssen wahed bassem hamrawiii,negative
la balouch 5ir,negative
dha7kouna akthar mennou tout simplement,positive
wlhy 9olt l7a9,positive
ma3neha t7ebou t9oulou elli edhoukom l kol 5ir men lotfi el ebdelli zayed cha3b mounefa9,negative
yéés,positive
god dam that's right,positive
mahw hitw hawel men 3and tes3a mahatouwahch,negative
bilhak,positive
meriem dz rit maho,negative
baalouch ma3andouch khedma sne donc manjmouch nhoutouh fi ahsen comidé w hanen chograni behya ama nchoufouha mel laam lel aam salem mr najmou nqolou alyh ahsen youtuber nejeh fi 20positive7 bassem w karim zouz tayara ama bsaraha bassem aqwa w déjà karim qalha bassem afdhel comidé khtrou berasmi haja nedraaa dyamonta wlh mobda3 w ya3melek ay chakhseya w matensewech rahou andou 6 snin w laabed ltawa mezel ydhahekhoum hata karim dhamrr aalekher ama nchoufouh baaed 4 snin w hakeka bech taref momathel kesah wala le donc eli ywafeqni w yqoul bassem ahsen comedi yaml jaime,negative
ti hâta ken tarek baalouch d5al fil mouseb9a mayerba7echh karim ahsen wehed bsara7a,negative
wlhh karim akther wehed yesthaqha bravoooo kimono,positive
mskin slm mr,negative
famachkoun hhh deja tfol fi 8,positive
wenty taamel fi commentaire pour la même raison lbuzz w ennek tlem des abonné,negative
famachkoun enti howa etefeh ya sel3a,negative
ya m3alèm ya krayem,positive
karim akthar we7id yest7a9ha 20positive7 bsara7a,positive
chofoo li mn pblic li rgedd hedhekka d9i9a 8 positive6hhhhhhhhh,negative
wlh yjbd fih 5miri hhhhhh,negative
hhh 9aletlou hoo ti fi9 jh,negative
hedy hechmy ya hedy nchoufouk nhar ekher ahssen youtubeur tounssi,negative
hedy hechmy sexe,positive
slm mr massset mefhimtich kifech,negative
mshny lfirst,positive
ba3louch a7sen koumidi,positive
la79i9a ba3louch,positive
ffffffff ya llkhassara,negative
migalou fassedtha tayhoulek kadrek khsartek ya migalou,negative
bastardi,negative
je préfère défendre mon pays plutôt que défendre un zigoto irresponsable qui se fout allègrement de tous les principes du respect et qui roule pour je ne sais qui et y compris pour son compte en banque nde la part d'un tounsi en france qui aime ses 2 pays,positive
il ne s'agit pas de liberté d'expression là c'est faux nce genre de connerie est indigne même d'une cour d'école et ça se termine souvent par des bagarres entre élèves nen france un exemple de pays démocratique il ya certains talents oui des imitateurs mais ils ne descendent jamais aussi bas et ya toujours du tact et du respect pour les personnes,negative
pour moi ce zigoto doit répondre de ses actes devant la justice parce que c'est dangereux ce qu'il fait et trop préjudiciable à l'unité de notre pays et même à sa sécurité nà ce que je vois il joue là avec les symboles sacrés de l'état tounes,negative
qu'est ce qu'il fait là ce zigoto elkhrissi où il veut en venir et à quoi il joue qui est derrière lui qui lui paie son cachet pour faire son numéro salasse et d'un goût douteux,negative
niklhahoim omhoim ya kaies tfih cha3eb may7tarmech tfih 3alkoim,negative
tfouuuuuuuuuuuuuuuh 3la halmmarek marka marka ma komch fay9in b5rakom billah 3alle9et 3la elvideo min 8ir ma n7ellou 3la 5ater na3ref 5rahom,negative
ben zayd 3adou aloma,positive
ça c est pas la liberté d expression,negative
a tout les autorités tunisiennes soyez ferme avec cette chaîne de merd,negative
5ritou fih,negative
na3latou allahou 3laikoum wi3la tamtilkoum tafih,negative
bellehi hethhi dewle dimo9ratiye ene theme 7ajet ye3mlouhe zede mete3jebnich eme houme ytha7kou w we7ed mouch lezem bech ye5ou koul 7aje personelle mais houme houni erra2is wasfinou rajil w mey ghayerish ra2you et ça c est super bravooo tha7kouni,negative
nulle,negative
bsara7a la3bed eli tcommenti wt9oul yeser mastin chbikom 9bal matkalamtoush fi 3ahd bajbouj a9wa rou2asa2 l3alem 3amlou 3lihom des sketsh besh traj3ouh ileh ta3bdou fih mala 7ala fikom,negative
nik omek y miguelou lemesse5 w te7enet lfessed ili m3ek lkol,negative
malla manadher,negative
tfouh 3likom,negative
tefhin ewyokhlsou fi elmleyn billehi hedha esketech koulouli,negative
moustewa monhat kharej an elmasrah eraki,negative
moustewa monhat kharej an elmasrah eraki,negative
moustewa monhat kharej an elmasrah eraki,negative
kaïs saïd est un beau président nacayalab,positive
horiat ta3bir,positive
a quand il y avait ben ali vous avez peur comme des fille et maintenant on a un prèsident gènial vous vous m occquè de lui car vous ètes impolie,negative
une chaine poubelle tfouh 3likom ya wled lihoud,negative
aka ya3ber,positive
pfff khsara fikom harriet ta3bir awbech kifkom,negative
n n n n,negative
malla znous mekalba lant allah alikoum ya firene,negative
mala 7kaya w barra 9aldouh echnia el mochkel mech iwali mou9adess fi9ou w yeziou en7ebouh w inchallah isahel w i7ebabna fi tounes,negative
wallah bravo migalo hhhh,positive
mala tahana,negative
n'importe quoi,negative
bara ya3anbo el m5ayar fikom kleb w mouch 3bed,negative
alah yen3elkom,negative
hhhh that's fany,positive
mot do7k,positive
mala manathar,negative
bra nik omo li kteb leli mathel 9anet m3abya ken bel 97ab w mlahet wenty ya migalo saleman ala sourm omek,negative
bonne imitation de kais saied merci à vous,positive
ma5yeb 7yetkom,negative
choufou 7aja o5ra bourjouleya masta 3ale5er matet3adech,negative
bravooo,positive
mégalo tab9a tafeh toul 3omrek,negative
tfouhe 3lika ya migalou,negative
bravooo,positive
mala zabour,negative
tfooh 3likom ya tahhana tfooh 3likom ya i3lam il 9o7b,negative
akayal3ab,negative
ya hajone yamekom ya hiwar lakhra,negative
dislike bilahi,negative
barou nik el ome mtea omkom ken el wabna ken telhitou f haja o5ra 5ir,negative
hhhhh,positive
migalou ya ta7an martik winti ya karim ya ta7an plus sramkom wissabatana tfoouu 3la aslkom il kalb,negative
mamstek walhe,negative
c des fisse des put sur tou rentre chez vous karim ta pa hone aven jait eme bien m te plu rien,negative
ya migalou ya la7es yali thez fi msg el 3arfek el miboun sami ya karim ya kariouka ya la7sa w 9aoud enta wajma3tek ta3bdo el frank ya3tikom 3asba mouch sketch hada hadi 9ouada w 9alet rojla hkyetkom w msgakom bidon 3la lakher w cha3eb mouch mnyek likom,negative
bayyou3a,negative
mamset zol omok ezab mala tafaha,negative
mamset zokomkoum,negative
sami lfehri bch y7atemhom m3ah lkamcha bhayem li m3ah nnees kol 7echmet 3la rwe7hom kn homa laaa nfi9ou naykou,negative
masit yesir,negative
tfouh aalikoum e3leem 3aaar omigalou miboun,negative
je suis pour la liberté d'expression et la critique,positive
kais saied enfin un président qu'allah lui facilite le chemin de la réussite,positive
kais saied enfin un président qu'allah lui facilite le chemin de la réussite,positive
this so stupid,negative
e7taramou rwa7kom 5yr haka raeis dawla monta5ab mn cha3eb w nes lkol t7ebou ya3ny te7tarmouh w tsakrou famkom kamcha hmal,negative
bravo kais,positive
dislike done nreport done nkais saied is my chosen president by me and all the tunisians so,positive
fi ja3b omok,negative
tfouuuuh 3likom ya la7assa entouma w semi elkalb mte3kom,negative
zayid biliflouss itbi3ou himitkom mustawayet munhata 9alou dimo9ratiya hada issmou itghou3ir,negative
akahaw 3am kais ne3bdouh,negative
walahi ya karim garbi enta w migalo ken 8ier n7ot 3elikom yedi ya wled lkleb tfihhhhhh 3elikom,negative
denmark mtaa lhafs,negative
matfahkom 5iiiit,negative
qu allah facilite la gouvernance de kais said nde france,positive
ahna eljelya fe japon ma3a 9ais sa3id,positive
ya3tih 3aaaaasba madem titmanikou 3lih yarhmik yaben 3li,negative
frou5 wabna,negative
walah rakom ki zebi mele5er,negative
yekhi bech terodouh raby,negative
memestou wlh,negative
t7ana,negative
khritou fih ya3ni ki 3maltou haka,negative
bravo cinario modh7ek wa mo7taram vous garder elheyba wel morale encore bravo,positive
kjbjb merci,positive
bruh lkol menk hhh,positive
nikik,negative
bassem,positive
ourourou,positive
nekteb sdee9 fel paladia,negative
alach la,positive
li labsa adidas to9tel,negative
tahiya mani l karim o khlwla o migalo o basam,positive
bassam yo9tel betha7ek,positive
hhhhhhhh bassem jebha bethabt paladeya hhh faysel hhhhh,positive
abdalabaldi,positive
ororororo we fil paladiya hhhhhh,negative
5asithom kene dho7k ibakiwwwwwww,negative
hihihihih,negative
dédicace l wald 3awatef,negative
elborken 222222 fethneyya,negative
gamer oui,positive
el borkenn 2 soon,positive
ryt zok omhom lkahba ychawhou f someet raperet ken yetlhew behom mayaamlolhom zawya,negative
trabelsi iheb 3asba lik l klau w samara ya miboun,negative
mahlk,positive
5asithom kene dhohkk mas5ra vrm,negative
minnai7yitt ihabill ihabillll 5asto c vrm mas5raaaaa,negative
terba9 teb b9choro hhhhhhh,negative
win rahm les algerien,positive
trop mastine lastine 9a3do kene yitmanko 3al naisss wohoma vrm manyika,negative
tounsi elgaleb werro7 algerien,positive
bravo migalo,positive
basssseemmm braaavoo bthabtt hhh lasmerrr,positive
paladia,negative
secend coment,negative
second,positive
plutôt encourager le dialogue libyen libyen,positive
türkiye tunus maşallah,positive
les turcs veulent intervenir en libye pour ça ils ont besoins de la tunisie ou de l algérie l algérie refusé catégoriquement,positive
gûzel,positive
blàaaablaaaaaaablaaaaaablaaaaaablaaaaablaaaaaaablaaaaaaaablaaaaaaaablaaaaaaaaablaaaaaaaablaaaaaaablaaaaaaaaablaaaaaablaaaaaaaaablaaaaaa ardoughan rentre chez toi c est bon on a assez d d'hypocrisie ballĺaaaablaaaàblaaaaa et coupe toi de tes affaires sa voudra mieux,negative
dirabkom tayahtou lizboubna 9darna erdogan iji lizboubna el tounes visite surprise i9arer wahdou tfouh,negative
kais said tartour 2 0,negative
ordougane un grand salot attention les turks,negative
i was waiting for that meeting very badly i love both of you,positive
vive la tunisie libre et démocratique,positive
la chute vertigineuse s'effectue,negative
erdogan est un terroriste,negative
communication et arabe impeccable on est honore de vous avoir comme president voisin,positive
selam ey tunus we love tunus and tunisian people fuck french colonism,positive
k allah azawajal guide et protège nos gouverneurs aamin,positive
faite confiance au turques mieux que la faire au arabs n oubliez pas qu il ya 500 ans c es les turques qui on protégé le nord d afrique de la chretisations de ces pays,positive
écouter moi ça,positive
i liked that good step to future touzzz emarat and saudis,positive
allah yikchiflik wjouh alha9ai9 sayid arais 9ays s3ayid,positive
bravo 9ays s3ayid ijebetik ma39oula,positive
good luck for tunisia and turkey both presidents are smart and well educated god bless both countries,positive
this too presidents are the best ever so far,positive
long life kais and erdogan,positive
ya rabi donne nous un president comme tunis ou turki ya rabi nos responssable bahdlouna,negative
quelle différence entre kais et sebssi et benali bouzbiba allah yabarak,negative
vive le peuple libyen unie frère de l algérie,positive
i don't know arabic language well but president kais is speaking easy arabic,positive
rabi ekhalike we ye ba3de welede laharme 3alike,positive
ra8ma anfi el3elmaniya,positive
un esprit machiavélique qui hante ce monde l'homme est un loup pour l'homme pas de place pour les agneaux,negative
go tunisia go,positive
great move from with we hope that helps international recognized government regain control and bring stability for and saving it from the criminal war lord mercenaries,positive
on est fier d'accueillir le président turc machaalah vive la turquie,positive
machaalah deux présidents courageux qui ont pris position sur des questions qui préoccupent les musulmans qu'allah les préserves nbravo,positive
bravo pour les deux présidents erdogan et kaiss,positive
au moins ils vont équilibrer les forces pour stopper ce taré de haftar,positive
vive la tunisie,positive
félicitations monsieur le président d ela république tunisienne merci,positive
abel khelifi marhaban,positive
deux présidents puissants de monde musulmans,positive
une bonne guerre d'intelligence efficace ciblé et peu de soutien hardware militaire qui n'est même pas très nécessaire la menace haftir peut être facilement éliminée,positive
message menace pour le lâche haftir,positive
la tunisie a vendu les libyens pour une poignée de miettes quelle honte l histoire va évoquer pour vous les traitres tunisiens,negative
jarvis jebril tu peux argumenter stp parce que pour l instant c est les tunisiens qui ont accueillis 2millions de réfugiés libyen,positive
informations oeil jumelle satellite cybernétique cem electronique plan tactique attaque électronique fournir fausse informations à haftar tunnels cachés attaques furtifs à mains nues sans laisser traces silencieusement fin haftar,negative
et l'ultime secret de victoire tawakkol 3ala allah,positive
on peut leurrer la présence de troupe dans une région et attaquer soudainement et silencieusement depuis une autre region,positive
infiltration ninja techniques par exemple,positive
hitman agent 47 46 48 agence contre haftar ses assistants et ses chefs par exemple,positive
deux grands dirigeants,positive
victory for boath tunisia nd turkia,positive
chokran a5i lm8ribi,positive
ichelkou fi 9ays,positive
zeeyid chleyik,negative
essa7afine etta7ana yitkeyfou,negative
bienvenue mr erdogan en tunisie un grand homme,positive
le président turque essaye d'abaisser la tunisie mais kaiess saïd a compris son jeu pour lui la tunisie,positive
les tunisiens n'ont rien gagné de la turquie mais si la paix revient à la lybie,negative
allah ibarak rabi yaj3alha jam3 khir inchallah,positive
zéro communication kais,negative
et ton commentaire est surtout inutile ferme la stp,negative
tunisia turkey,positive
djazair nya el3aziza allah yahfidhik nkema yahfidhik ya erdogan nwa kaiss essaid nwa raïs boutine nallah yisterkoum nya bildénes el islam,positive
i love you president kais you are our honor,positive
indeed,positive
ya hssrah 3la dzair lah yebarek tunisie w turque hna tebon,positive
dali,positive
bravo mawdhou3 bahi 7aja tfar7 inchallah ykoun lkher ben dawlt torkya w tunis,positive
hope tunisua sign a treaty with libya similar to the turlish libyan one this will bind the three and hopefully they can help violence to stop,positive
ya3tek 3asba fi sormek 3la 3arabia fos7a mte3ek ya ta7an,negative
taoussi,negative
méfiez vous il a aidé à la destruction de la libye et surtout de la syrie c'est un assoiffé de sang son rêve c'est de restituer l'empire ottoman il continue de fournir des terroristes en libye et en syrie,negative
kaiis saïd,positive
dieu reseve notre président kaiis saïd inchallah rabi yahmik,positive
vous avez vu se qu ont appelle hikma aje tayeb recept erdogan a commencé par bismilah erhman rahim,positive
abdelkader faquir c un hypocrite,negative
vive la tunisie et la turquie et tous les musulmans dans tous les pays sœurs et frères musulmans,positive
masha allah turk somali,positive
bravo nos frères tunisien et turque,positive
amen,positive
nous sommes musulmans et le linge sale se lave en famille,positive
l'islam est une arnaque bédouine venue d'arabie la tunisie n'est pas arabe,negative
monsieur président vous etes tres spéciale pour la notre tunisie vous etes unique vous etes le president qu on a rêvé dans tous le temps,positive
elhachemi cretino,negative
elhachemi,positive
bgts je prends de ton conseil en consideration mais pas possibile comment vous pouvez prejudiquer sans connaitre tes paroles tres pesants mais je vous pardonne,positive
bgts je suis libre de parler la langue que me plais monsieur walid,positive
my allah bless our two leaders,positive
amin what kind of stability in morocco looting your wealth by the al7sas king and enslaving you as slaves you should be a shamed to speak about stability only slaves used these terms in morocco you need a revolution in morocco not stability,negative
asalta3oun let's hope for the best,positive
deux vrais leaders,positive
janab prezident ordugan siz xow galmisiz tunis elkasina biz azerbaijan turk kardawlare sizinla faxr edirik yawasen turkiya tunis dostlugu,positive
qais saiid daw la kelma w 9os,positive
a7na wilaya othmania tawa,negative
elhachemi,positive
pauvre algérie,negative
actor a c est claire c est la que tu vois le faible pois du maghreb quand un membre du maghreb se fait attaqué,negative
dhaher fih jadek ken ymarwa7 fi chyech l sidou bay nbara ya3tek 3asba fi zobek ya weld el ra9asa,negative
aboukhait no,negative
inchalla maysir ken l5ir na7nou no7obokom ya felasstin l7abiba,positive
inchalla libiya tarja3 5ir men 9ball 5oukom tounsi,positive
professeur,positive
allah ye3mik enta ya a3ma al9alb wel basira allah ye3mik akther mak me3mi ya a3ma nta7iyeti min tounes we allah ye3mik,negative
les 2 top présidents musulmans,positive
erdogane c'est un terroriste il a le sang des syriens dans ses mains et il ne voit la tunisie que comme son ex colonie réveillez vous,negative
gringo oui grand hypocrite comme al sissi en égypte ou comme le prince en arabie qui a couper en rondelles le journaliste jamal khashoggi paix a son âme même les occidentaux de part le monde ont été horrifié,negative
amazigh désolé je ne comprends pas la belle langue arabe,positive
el gringo va savoir se que tu est toi,negative
bravo,positive
allah ywafa9 khoutna twansa,positive
la turquie avance depuis l'arrivé de ardogane il aime son pays et il l'a prouvé ntandis que nos président savent que volé l'argent public et ils ne font que reculé leurs pays en arrière,positive
heureux il avance en volant le pétrole syrien et irakien,negative
rabi m3akom wrabi yonserkom nchala,positive
all my respect for both of you,positive
bienvenu chez vous mr erdogan,positive
ardogane srate lsano da9e s7i7e,positive
i love you mr president and i love mr erdogan,positive
hajj hassan no need to do this kind of comparison i know you know the truth but you can't say it,negative
mohamed and so what what's your point,positive
wolf what truth u r talking about,negative
hajj hassan well,positive
wolf with all due respect,positive
hajj hassan i respect your opinion as well,positive
voilà les hommes,positive
rabi ywaf9ek,positive
emin,positive
fucke palestine ta3 zebi,negative
kani nik rabkom,negative
pal ti baranikomek ta7ya falastine tej rasek ya miboun,positive
vive notre président et nous sommes avec vous,positive
bonjour il faut changer ses mentalités de presidents sauveur sa existe nul part dans le monde merci cordialement,positive
faquir je n'ai jamais de ma vie applaudi bourguiba ettahhan allah yarhmou ni ben ali,negative
cabi oui bien sûr je ses mes ses que des marionnette tout les présidents arabo musulmans se qui nous ont toujours exploiter ses la france surtout le magrheb en espérant que le magrheb va se mettre en place réellement cette fois si,negative
à l'enfer le temps de l'exploitation sioniste française en tunisie nle temps du progrès islamique est revenu,negative
cucha bien dit monsieur et c'est terminé inchallah notre bon président s'expose trop en public qui fait de lui une cible très facile par nos ennemis il doit traiter les affaires et les discours dans son palais de carthage,positive
cabi je suis algérienne et je me permets de me mêler à ce débat pour vous rejoindre sur ce président exceptionnel j'aimerais tellement qu'il y ait une alliance algéro tunisienne surtout que nos intérêts et notre survie sont interdépendants,positive
neige bonjour et bienvenue notre sœur wi bent blédi la tunisie est aussi votre patrie comme pour nous l'algérie est notre patrie nous sommes les 2 seul pays fort liés par le sang et par notre histoire commune,positive
cabi mo,positive
nahkiw taraji episode 3 en ligne,positive
amin,positive
we inchallah dzeyer wel marouk,positive
le président kaiess saïd a une vision pour le pays,positive
dali dali n si on avait été tous voté pour le parlement on aura pas aujourd hui tous ces mafieux mais on apprend avec nos fautes que dieu nous protège de tous les mafieux,negative
et si les vautours européens,negative
bidna na3rif manhome ashab disc laik ala tastahyouna mina llah hasbona llah wani3ma lwakile fikome ayyoha lkhawana,negative
le président kaiess saïd a mis les occidentaux ko avec sa nouvelle initiative en invitant les tribus libyenne avant la conférence en allemagne la nouvelle diplomatie tunisienne va prendre de l'ampleur au fur et à mesure que le président kaiess saïd s'affirme dans son poste avec le soutien indéfectible de son peuple,positive
yézzi bla koffa wiblé hazan wou nafdhan qalou a mis ko,negative
sisi,positive
on n'a pas besoin de la turquie par contre on veut que la lybie se calme et règle ses problèmes lybien sans intervention étrangère car si la lybie aura la paix,positive
pour info,positive
hachicha elyes s il y a un con ça serai toi le premier les kurdes c est pire les sionistes la preuve ils n ont pas de pays réveille toi ya mta3 miskina tounes,negative
ah ouais d où tu sais que c est comme des sionistes,negative
tu es vraiment un imbécile et un mongol kaiess saïd le président élu et sera soutenu par tout un peuple sauf les quelques milliers de traîtres comme toi et orphelins de la dictature nil aura le soutien inconditionnel de tout un peuple cafard,negative
tu n'ai pas honte toi qui ce que tu raconte ça ne te fait pas plaisir ça mais c incroyable hasbona llah wani3ma lwakile fik,negative
chams nhonte de quoi imbécile ntu préfères les assassins haftar et sissi c'est ça,negative
dali dali je pense pas qu il parlait de toi il parle de l autre bouffon et abruti qui mis le premier commentaire saha khouya,negative
dali dali dali dali de quelle dictature tu parles la dictature parlementaire dans laquelle tu es entrains de subir ta précarité et entrain de compromettre ton avenir regarde autour de toi et dans la rue on dirait que tous le monde est dépressifs je suis enfants de mes parents 9alou orphelins de la dictature,negative
hhh ba3loch wla komdiii hhh chy dho7eeq wlh,negative
mast karim 8arbi,negative
ba3louch maset yesir,negative
mkhanat chmse adaka y33,negative
ya wled bassem a7sen wehed 9alou karim karim maydha7ak8 jemla w basem yestehel el jayza mta3 a7seen coumidi,positive
bassssssssssssseeeeeeeeeemmmmmmmmmmm sanouuuuuu7 ya m3alm,positive
tarek nul,negative
bacem bravo w7dek 5oia,positive
men win jah tamthil ya zabiiiiiii,negative
nhebou yaser w ensen momta3 mais maijiich 9ad bassem wala dhfor melli ia3mel fih bassem,positive
ouel fehem chbih me 7attouhech,negative
basam a7sn komidi,positive
besem we karim e7sen komidin 3endi,positive
bassem ahsen walah,positive
taw ba3louch comédien,negative
hata had ma sawet lil salem mr,negative
gayes amset ensen ritou mamstou ha lham,negative
bsa7tek karim tst7a9ha s7i7 tafha ejayza ama 9imetha kbira,positive
bassem ahsen wahed,positive
brjoulia walid tounsi 3ayech 5ouya yezi brabi mech tal3a 3lik echa5sia meta3ek meta3 wahed,negative
karim el 8arbi bien surr,positive
basem w karim ytirou b a3louch,positive
bassem a7sen wa7ed,positive
b3loooooooouuuuuuuuuche mochnormal,positive
walid rakkk t3eb fi rasek,negative
yai nsitou anchou ou migalo,negative
karim ou bassem ou salem monsieur,positive
welid nakrrhhhkkkk,negative
denya okra,positive
7abitou tbenou des galants ama tfebrika mastaa yser dhehra,negative
karim ba3loch,positive
yezzi bella kedeb baloch,negative
winou lotfi,negative
touche pas a mon poste version tunisie mdr,negative
hakro salem ms,negative
touche pas à mon poste du pauvre,negative
tarek baaloush ydhahak mel wa9tech,negative
malla mokrziiin,negative
winou migalou,negative
ana dziri w nchouf fi bassem yessr mlih w ya3jebni w ya3jab dziriya kaml khsara mayedihach howa,positive
w vote ada tefh khlah maya3rfouch hata les noms des acteurs,negative
bassem bravo,positive
vous êtes nuuuuuuuuls,negative
c'est ça l'oscar au bled,positive
ga3d ki l9hba bouch3our hadaka,negative
hahaha ba3louch s7i7 ehda7ek ama bassem wala karimifouuutouh barcha yeziw mel 9fof emte3kom,negative
cha3b mounaf9 mala mast aka karim wlh bassem tayara 3alih,negative
antpma 3titou amma bassem w baalouch,negative
walid tousni brahmet waldik tayachha lmongela,negative
bravo amin ala klemk,positive
krim rabi,positive
migalouuuuuuu winou jèb rabi ken ye5dem fi attassi3a m3akom,negative
love you,positive
baalouch w salem mr mastin ki zeby yest7a9och chohra bassem w karim aandi ena real comedians ghirhom le,negative
ma3neha tarek baalouch athbet woujoudou w karim tajrabtou metwadh3a,negative
shih,positive
nyzar oui c'est vrai,positive
wino zin,negative
hasit rouhi dra kifeh wtf,negative
migalo bohom,positive
salm mr a7sin wa7id,positive
brass omek yet7att ba3louch we slm monsieur we migalo we lotfi abdelli le,negative
mamstkom lkol,negative
migalou nikomk,negative
hhhhhhhhh mala basam,positive
wallh la a5le9 la 7ichma ntouma 93din temchiu w tahbtou 5ih chay y3wef w lwh chbih samara arjil minkom mala frou5 w moustwaya,negative
ya3tkk wala 3asba ti hadhka sketch mouch normal,negative
3jebni sammara yagwa 3lik rabi ya baseem,positive
migalooooooooooooo ma7lek w ma7lek,positive
merci lel 3bed li t7ebni,positive
bara ya weldi nik ommok chkoun i7ebek ken ti7 fi idna nikok fi za3tek ya mnayek,negative
hhhhhhhhh ken famma chkoun i7ebbek raw anyek mennek ya3tek b 3asba 3la sormek,negative
weld 3awatef tv n,negative
bravoo,positive
mnin tchouf fih la3sal amset menah machoft,negative
astrologie hatenti bayen fik kifah bedhabt,negative
ken tchouf enti ma atheklek w ma amstek wmakal 7yek,negative
7ata bisem 93ad do7ka ye rahola emti3 ebhim hhh,negative
bourjoulia weld 3watef ka3ba mouch 3dia,positive
n7it l queue de cheval 3malt bih le7ya,negative
ma7lekom thablou,positive
basaam hhhh wallah bravo nmoto 3lik shaybi f dz vraiment un vrai artist ani s3ib bach nadhak mais nawsal 3andek nchikh bdah7k,positive
barsha ma3ani et ds msgs indirect nbn ali labess jebba w ijiouh yokhtbou nil y a rien d par hasard nen plus yaser 8asha,positive
c'est vrai,positive
oui c'est vrai,positive
ana aythan rabi mhah faycoul ouleid zewali,positive
wlh faycoul motrobi w rzin w ydha7akni barcha 7assitou meli 5tab wela akther ydha7ek w wela yraja3 wi9oul kelemtou,positive
sahlya yé5ou f positivepositive malyoun fel chhar,positive
bassem you rolk the world,positive
yaatk 3assba dhhart mneyk fel e5r,negative
hhhhhhhh mala bassem enti m7alih lbarnemj,positive
jcp mais talla3 f niveau lcomédie mte3k vraiment maaaaset bessem c trop ça,positive
basseeeeemmmmmm 3alamiiiiiiiiiiiiiiiiiii,positive
bkf ta pas le sens d'humour,negative
nik omk l9hba tseb fi samara arjel menek ay mech yhabetlek clash,negative
samara mahlek,positive
mêla sil3a hhhhhhh,negative
ye9wa 3lik rabbi hhh,positive
mamstek w mamrgek w matfhek malla karyouka addi rak kariyouka la tdha7ek la zebbi,negative
machalh aalikom walhalla netman ki nhbit tunis ntfrj aalikom hadia toulouse,positive
ya3bou zinik a a a a a a nais mon dwe la3sab,negative
orourou nbaladayaa nassal basseem rabi maaak nbravo wlh,positive
bravo,positive
samara hhhhh tooop bon courage hbibna ana men alg wa nhb oumor jediya bezaf bezaf,positive
hhhhhhhh ororouuu m3aaaalllem 3,positive
merci beaucoup,positive
mastha bassem mara hethi,negative
bedmouuuu3 bravo walah jebttou samara bethabt,positive
trop fort samara hhhhh,positive
ororooo,positive
ourourou ourourourou,positive
fi kamyun el baldiya hhh,negative
fi kamyun el baldiya hhh,positive
je t'aime beaucoup i love love you,positive
ya bassem rani nmoutttttttttttt 3lik ou saraha mal9itech kifech narak face à face enti ou karim wallah nmout 3likom,positive
walh m3alem hhhhhh,positive
bassem hamraoui official bravo basoum ororo mhlkom lkol krim bbj,positive
hhhhhhhhhh oooorrrrroooorrrroooooooo,positive
salhi ani nakrhek lol,positive
trop bon comédien bassem vraiment,positive
bhimm,negative
paladia hghhh,negative
m3alm,positive
a7sen wa7ed inti ya samara,positive
hamraoui thabel machallah 3lik,positive
bassem hamraoui official wlh ma3lm bassem rabi ywafe9k,positive
bassem hamraoui official bi hugues,positive
bedmou3 bassemm ourourou,positive
salhi brafou,positive
nhboook bzaf bassem,positive
bravo basm,positive
dima,positive
hhhhhhhhhhhhhhhhhhhhhhhhh paladeya hahahahahahah mala sel3a,negative
wawwwwwwwwwww,positive
ija ltouns nchab3k 7ob ya driria,positive
zahralaisse tombez mademoiselle,negative
elyes npauvre tâche,negative
libre nmerci de me l'avoir signalé fréro,positive
mohamed chams moi pas honte et moi ca me fais pas plaisir surtout ce que j entend a 6,negative
chams nce n'est pas toi qui était visé ndésolé mon frère de t'avoir blessé,positive
dali dali dali dali tu defend ton président mais tu tu ne defend en rien le pays si tu veux que je te lache la grappe la prochaine fois tu commente pas mes commentaires retourne à ta routine de chômeurs et ta barrette de canabis je suis le plus rationnelle dans ce que je dis,negative
elyes ntu es vraiment un imbécile et un vrai mongol noui je défend le président comme 99 des tunisiens sauf vous la racaille de l'ancienne dictature nle président aura toujours le soutien du peuple,negative
t'es le seul naif et con dans toute l histoire,negative
tulipe nc'est à moi que tu t'adresse,negative
elyes pas de pitié aux terroristes tu crois nous atteindre petit imbécile,negative
tbarkalla que des démocrates,positive
dali non,negative
tulipe nnon quoi,negative
ben sen concernant l origine du drapeau le fond rouge représenterait le sang des martyrs tombés pendant la conquête du pays par les ottomans en positive574 ntu as deja été à l école retourne en maternelle parce que l empire ottoman n existe plus,negative
hamdullah,positive
kos ummak,negative
macron disliked,negative
hahahahahah,positive
taboun aime ça hhhhh,positive
dzayer men gbal mhmhach fi libia w magreb mlek mta3ha ystakbel kan baba masi7 w rebi lyahoud w amir britania 5arej tagtia,negative
a5i tounes w lybia 5ewa 7ata naser inchalla,positive
allahoma e7fath libya min kaydokom,positive
sah rabbi m3ak inchae allah,positive
nchala dirouna matar fi mednine ou 5ali yd5el 7ata far3oun,positive
bravo,positive
bilhaq,positive
chbik 5ayeff,negative
3achatt tounss horaa mostakilla,positive
c est la saggese il est sur de soit meme et il pese les mots avanti de geuler penser un instant,negative
rabi yoster cha3b tounis men 9ayes saïd men turkya,negative
rabi yostrik zede inta min bhimtik zede,negative
imarati kalb,negative
ena 9azdi khayef la bled tot5el fi 7ajet a9wa menha ctt,negative
' ena 9azdi khayef la bled tot5el fi 7ajet a9wa menha ctt,negative
taha ena 9azdi khayef la bled tot5el fi 7ajet a9wa menha ctt,negative
atig ena 9azdi khayef la bled tot5el fi 7ajet a9wa menha ctt,negative
choufto maho tloumo a3liya,negative
el hmdl ki wala l tounis ra2d w dawr ijabi,positive
tunisia turkey,positive
bourjoulia a9wa la9ta bte3 elfantouz fil lekher,positive
amsit wa7da manel 3mara w na3ima el jani,negative
ya latif hata iyed un petit garçon tenabrou 3alih saybouh mahleh we thamer hata el saghar maselmouch minkeum haram 3alikeum ya nabara zebela,negative
na9so bla kitheb,negative
bilhi li7es tfol s4ir maset wmayhdhmouch yji jnbi,negative
li tfarj lila fi awled moufida ya3ml abonnez vous 3,positive
li tfarj lila fi awled moufida ya3ml abonnez vous 3,positive
mamestou hal boti,negative
ya bilel 3ala ases martek 5ir w azyen khiiit mamsteeek,negative
we enti ken mchit tnayek 5ir 9allou tbib ma7soub 5ir mennou enti,negative
manel mahleha i love her soo much w zid bel ha9 erzina w motrobia,positive
termet rania toumi 8,negative
sassi belhsan,positive
ech da5lk f rabha,negative
tnikt tnikt tounis 9a7ba,negative
rania akber monafkaa hhhhhhhhhh mgazla ala bilel kater hantelha kobza morra hhhhhhhhhh,negative
bsara7a zin elli 3andkm majed machlh 3lih,positive
mast c vrai,negative
ohh mamsthaa lobnaa hya w bileeel,negative
l freret walew f attesia,negative
y7eb yrodoh machhor bisiff hekel el fara5,negative
mamstek ya 5raaa,negative
jlali walah dha7aktni hhhhh,positive
jlali 3aychek,positive
ya3tikom 3azba,negative
subscribe,positive
mamstek ya lobna za7 tkol 7aja ou tad7ak 3la rou7ik wa7dik rzina,negative
halka 3alamiya bravo manoula on t aime beaucoup tu est toujours belle iyed mala ka3ba mahla khoudoudek boussa kebira 3ala khoudoudek ya iyed tu est un garçon macha allah et youssef le petit ma3alem menawer idhahak ma3ana,positive
teefhiine,negative
myjmechh 5ater da5loch,negative
hhhh mela lobna,positive
na3ref chdoula,positive
ye tahana gutlkom mehedch tjibu liwled sghar litelwsa rakom bech tfessduhom letrebeh din weldikom ye ihlem lhar tfuhhhhh hlikom wehed w wehed,negative
brabo lahlouha weld houmty,positive
ya weldi bras omk yezina mn manel amara kifeh kenet w kifeh walet rak kabacht maandkch khedma okhra msatet lahkaya,negative
choufou heki lemas5a kifeh lebsa tfouh 97eb mas5at m3a deyout,negative
fech 9a3da ta3mel el mra mel teli,negative
la7louhaaa y tahfounn yarhm waldiik y jjaafour y 5ouya y bhyy,positive
db8 97ba,negative
chkoun ezabour el9a7boun li sanef tasnif hetha bana sifa w chnya mou2ahlatou bch y9oul chkoun 5ir,negative
ana nhb amir,positive
salem monsieur,positive
basam el hamrawi men swissra annaba el homa,positive
bassem top,positive
bessam el7amraoui,positive
toujour besam le roi,positive
ya haj gayess w la chsmek aber ala rayek w mtsebch labed mthebch karim nhtarem rayek ama hamem kbal ma toul w ena baalouch mayajebnich w lokra ttzaben matarefch esm bassem w ya haj gayess haw tlaa karim ahssen coumidi hata bassem nhebou ama karim wahdou w nheb nolek hamem abel mattkalem ya haj,negative
bassem a7san we7d karim mta3 frou5 s8ar,positive
bassem,positive
karim,positive
yee 5arya yee dabe8 wila chesmek zok omeek tet9ou7eb chesmou eli lebess lunette tetbahness esmou bassem ba3ed ma dharbou fiik 9aleek filamen,negative
nnn jibou migalo khire,positive
winou mogalou,positive
betbi3a ba3louch fi 9anetkom bech t7otouh louwel w houwa akber maset,negative
esayyed elli tchouf fih lahou chereb lahou metkayef zatla 7rabech 7rabech,negative
msaken,positive
cha3b mrith ané mel janoub wmanetcharafech bhal jerthan,negative
ro7 3asba a7na nikou jaw ou nta ro7 nayk,negative
mhareeb,negative
chb 7achek ama 3onsourya ltahki aliha lbehi wel khayeb f kol blasa,negative
rafik chb ya 5ouya chta7chi fih tjoubir w kidheb w ta7ki 3la swa7liye w choreb ti dirrabkom echorb tnikou fih 3la tawla m3a lmekla w m3a 3ayletkom ya massi5,negative
chedaa aba,positive
axces ya x,positive
rak tendeb fihom 3la fdi7tek 3ad tawa far7et ahlek bik,negative
ghommeg tunis,positive
hhjjjjjjjjjjhhhhhhh akid,positive
brabi ya bouzidi féch ta3mél c est quoi l intérêt de diffuser un tel reportage ça se voit tu n as plus de matière et d imagination pour tes reportages je me joins à ibtissem nahdi,positive
hata lmou9adem mte3 lbarnemj hedha 9adechou miboun wommou 9ahba hedha chra ml évennement lkol,negative
ali tlha f ru7k chihmk fahm,negative
pourquoi toujours il y a que des hommes c est un pays de zwamil,positive
mohamed amine ben gara ali ma3rouf 3ada lmaroc bil zwamel 3ad ya miboun,negative
lenett mta3 chams labsha fi lili sourm omo,negative
paaa il es en extasie,positive
ya 3baaaad ya neeesss ma3ach tmedou wjouhkom l7ata camera tw mn evnmnt kml msawer kn hadhouma ma3neha yafda7hom haka nrml kn yo3rdh zebii cheya5 tw nikhelou 3la rasou camera miboun ki zebiii,negative
ahmed chhimk frr,positive
ya wlllhhh 7aaal hhhhhh tnekna ya zebiii,negative
3beed cheykhaa jeyaa tetfarhd chbikom aamltou mnhaa 9adhya hani 3bed tdh7k o tfdlk o tacht7 cheykha khouyaa rabby yba9i essetr aa tounss lkol o nchlh dima zehin mn ghadi,negative
sorm om sou2el positive positive ma9dmk w mamset w marzen 3osk,negative
la9mi jareb w tafham hhh,positive
ellibiya yeklo lghala wisebou el mella yana3l zabour ommek,negative
nik om weldehom,negative
chiraz hhhhbh,positive
mtarche9 esayed hhhhh yel3en bou l extasy ama ki m9ader 3lik rabi matwarich wejhek f les caméras men ghodwa twali ma7tout f liste lotf w barra w rabbi yostorna,negative
wtf zebii chnowa hedha na3n zabour omkom mala houkech,negative
jabnoun ti bellehi arteh bech nemchi nasher m3a hedhouma hhhhhhhhhh,negative
we omek enta ya mibone ya3ik 3asbaaa,negative
hhh walah wen nfed netfarej alih hhhh,positive
azha mezha men 8adi,positive
7lilet ha daynasour yetlawek ki loubena,positive
heyhey m en ghady che3l,positive
chedaaa hahahahahaha,positive
belehi heda miboun eli yachteh bteremte mela bled ki zebi,negative
3andi crf 450 hahah chnowa sahbi bed3a 3andek,negative
m l9bil nlawej f cmntr chkoun y9olo exta,positive
mala rhout,negative
echaboub mgalaa khlas hh,positive
the strongest tunisian rap,positive
hahahahaahah,positive
bravo wasel,positive
bara nikomek,negative
ourkous ourkous y a bhim,negative
wallahi letenjeh felfen bjeh rabbi ma3adech tghanni illi rayou kifi mateb5louch 3liya b,negative
sa7a weld 3awatef,positive
ken atit treha ltermtk be chleka khir,negative
nka omka k7ba ya wlda khba,negative
sa7at ya wadiya3,positive
tnik fl rasss hhhhhh bravo khouya,negative
bara nayk,negative
abonde lchen youtub jdida dyeli free fire,positive
taw na7na bjadna ntfarjou fih,negative
945k mibon,negative
mle mnyk ethhb 3asba ya stay frhtna nikomk,negative
hhhhhhhhhhhhh fara5,positive
subscribe to zizou games,positive
savapa,negative
savapa,negative
tnekna ya zabbi,negative
yedek fi lm3ach3ch,negative
tnikna wllh,negative
mamesetik,negative
alah na3el zabourom 3awatef,negative
hh harba harba achte7 kima ja hhhh m3lem sa7bi,positive
mala heich,negative
or9os ya wadi3 hhhhh,positive
9ays,positive
m3alem,positive
hahaha,positive
el twebsa wa7adhom ama a7san 7aja kif 9al chmata fi el l9souri mouche nrml hhhhh,positive
kolou fhemtou ken wadi3 chkounou,positive
kamel mahemdkch ya m3alemmm,negative
mch menek mena na7na li ntab3ou fik,negative
yn3n rab omok w rab bouk w rab rab rab wldiik ya 7ayawen,negative
hhhh ya3tik 3asba ya wled 3awtif,negative
y3tek 3sba,negative
n7eb ni7i l vu amaan chy y9azze,negative
hhhhhh ya3tek 3asba fi ha tal3a,negative
hhhhhh ya3tek 3asba fi ha tal3a,negative
nek omek ya weld 3aotaf rak afchel wa7ed fe dareb atbana,negative
allah latraba7 eli 7atek tghani hhhhhhh,negative
chekoun ely m3ah a jabri,negative
frer,positive
jabri,negative
yetrach7 lriada hhh tetrach7 l3asba fi sormek ya farakh ya mnayek,negative
hhhhhhhhh,positive
mala mnayk,negative
bilahi chkon yi7sdik 3ala blatik,negative
ya masit,negative
nikke omek il9a7ba inti wiyah,negative
nik omek,negative
bara nayek,negative
wtf this shit fkkkkk this music u are pussyy,negative
ma3ejbetnich masta el ghonnaya barraw esm3ou el ghneyet mta3 kourya korean khir men ghonneytek barcha,negative
blhi bar nyk,negative
hhhhhhhhhhhhhhhhhhhhhhhhhhh mala ka3ba rabi m3ak ya weled 3awatif i love you,positive
khay rabi y3ink w yzidk fi l3asba alla sormk,negative
alh ya3tik 3asb lik weli em3k kan mechit nathft 3arthk fi sfax mouch kan 5er o5tk etnayk em3a eli ji wenti 9a3d tenabr,negative
star aktherr men pablos eskobare ntnaket tounes,negative
9lha y7boni dzria hhhh nmin nitah sayad,negative
9lha y7boni dzria hhhh nmin nitah sayad,negative
ka3ba wa7da weld 3awatef,positive
malla t9achtil ya talel,negative
ya frere,positive
spaystoun,positive
akrem na7na lgfsa s7abk skena jiranek mayna lik rabi y3ink ya m3alem,positive
inchalah,positive
amann a3mlouli aboner lel chaine mte3i wallah rani 9a3da net3eb,positive
mala tafaha,negative
zbarrrrr hahaha,negative
brabi ett ttkalam bi ya hh,negative
nmout 3l kaise rabi yonsro,positive
hhhhhh walh t9ouul mouu3aa9 ki yechtaa7,negative
gay nfuck what you sa,negative
baraa niik awaaatef o mouche 7acheeko lfartas liii maak ytiih asbaa 9aad mataa lbhiim lomo,negative
yawadi3,positive
walah hlowa hhhh,positive
yaatek 3asba lik w lwadi3,negative
mtounes tneket,negative
imchi m3ak rabi hya 5let 5let majitch 3lik inti yalla moulaha rabi,positive
ma7leh itfoul i7eb iwali machhour ida5il fi5achmou bisif nma7leh eni in7ibou ou dima intaba3 fih ili i7ebou ya3mel like,positive
hhhhh rythme music 7lowa hhhh,positive
soutou bte frere w harraab hahaha,negative
le le le leeee 3ad mnin jaboukom ya zebbi,negative
bilahi mtin d5alt rap bach t7ki 3la jbora,negative
bravo hhhhh,positive
bravooooooo wild awatif,positive
merci weld 3awatf,positive
miboun,negative
ya3tik 7arga,negative
ya weld 3awatf nchdk mn8t3k mthchmch thabt fi 8oneya enta w mahboul li m3ak,negative
hh hedi behya or9es or9os y a wdiya hada mald jamiya3 hhhh j ador akrem,positive
c est quoi ce khraaa,negative
9emmet tafaha welli labes veste y a ritha ma thnatek,negative
veste,positive
astuce kifeh nahi l vu,negative
l go3r yo93ed go3r,negative
zwina,positive
3asba likom,negative
or9os or9os ya wadi3,negative
walah lwa7id yitfarhid ki ysm3ou ya3ml jaw,positive
chbi nik oumak tor3och bidikkk,negative
bsraha chapeau likkkk,positive
aboune bch youslk live,positive
mo5ek 7achiholek fi9 3la wad3ek w bara chof san3a anfa3 beha ro7ek,negative
d9i9tin t3adew mn 7yeti 5sara,negative
bara nik omk m5yibb rabikk,negative
matchich kima samara hh,positive
bra nik y3tk 3sba ach tnf5li zabi,negative
jibouli ii wadii3 5a na7ki m3eh brabii,positive
hasbia allah w ne3ma l wakil fel vu li t7asbetlek men 3andi nik omha leni mssema7,negative
jerk,negative
y3tek easba ya wdie3 ya,negative
or9es or9es ya wadiiii3 hhhhh,positive
zok omek el 9ahbaa bara moutt nayk,negative
hh ma9tla,positive
ya3tik 3assba,negative
o9sem billeh ma3isou illi yitfarrij 3al weld 3awetef,negative
chkoun yaaaref kifech najem nafsaakh l vu mtee3i,negative
funny,positive
mela mneyk,negative
3asba 3la rasek hhh,negative
mnin 5raj le5r zeda,negative
m3alm weld 3awatef mafamèke sabite maya 9sori sa7bi,positive
tawa bouk e9oul 3andi rajil,negative
hahahahaha nik rohék,negative
bra nik omk,negative
chkoun wadi3,positive
yeeeee 7lelha hhh,positive
zibi ken je masri wala souri wala loubnani ray nas kol tochkr fiyh w ki ji tounsi twali mnayka w m3afta,negative
malla ja3ba,negative
hahahahahahah,positive
ya mnaik,negative
onnnava onnava wiouuuuu,positive
yna3n khrak mamstek wmkhybek ki enty ki li bjanbek jbrii ta3 zahi orkos ya wadi3 malth jami3 pfff wenty walitna ostora akther pablou scobar ti trettt lhak fi yamloulk fi vu mn aslo,negative
hahahahahahaha malla jaw ya m3allem azla3,positive
mlla mnyk jabri,negative
wallah madama zalla3et charchabil ou charchabila inta belfe3l malath el jami3,positive
weld awatef,positive
li je ya9ra fi comentaret idez j aime w abonnés fi chaîne lbrenes lbrenes https,positive
things we can find in area 5positive,positive
bravo weld awatef,positive
tuniss tnakttt,positive
3000 we7ed 3amlin dislike w jme3a elli tseb fih ma7ssoub ki 3mlatou hakka 5ritou fih ti 9oulou klima behya walla rou7ou naykou bheyem mte3 zebbi,negative
bravooo weld 3awatef chab3a tha7k thnk u hhhh,positive
bara nan bok w bo zkomkk,negative
brabi kifeh tetna7a l vu raw tfrjt 3lih w ndemt,negative
yna3en 3os omek ana jaw ta7ki 3lih da5el lbled fi 7it,negative
x gamer 3asba likk ya mnayyk da5el lbled fi 7iit beliksh ra2iss bled houa maw ma3jbkch matetfrjjch,negative
m k bara 3asba 3la rasek yata7an nzidek wela nbaza3lik fi idek,negative
x gamer ya3tyk 3asba mn wa9tesh lmwabna tbazaa3 bara lanzid n9oslik krarzek,negative
m k ani bech nhabtek chicha,negative
ya3n zok om irjal il kifek,negative
tfouuuuuh,negative
balehi bare nayek w na9es mal webna amt3ek,negative
hhhahahahah ar9ees,negative
hhhhhhhhhhhhhhhhhhhhhhhhhhhhhhhhhhhhhh mais bravo la folie intelligente,positive
nik omk,negative
wallah tounes tneket mil 97ab w el freret ezzebi,negative
twa weld 3awtef na3rfouh inik fi idwe am ichkoun cha9a9 ilte3 zeby makhyeb zok om ikwanetou,negative
ya7beni ma nsada9ch,negative
impossible hh he4a msawer lclipe fi espace montazah 9mar,negative
hhhh mala sel3a wld 3awatf hhhh zla3ha 3la b3athha lotfi 3meri wmaya hhh nb9ahwa w9arouta wfi koll 7ouma doura hhhh njaime 3al faza,negative
ya3tek as,negative
ya3tikom 3asba lezouz,negative
hhjhhjj eyyy bch yeklou bi sinih,negative
hhhh weld 7ram,negative
grave ana fi bokatik ndfin rouhi bil haya insan tafah marakssik marmdouk w fdaht rouhik w mazelt thabit fi lgnana miskina tounes wnti brabi ifkid ilamal rak grave rak jabri w thachim please madich tgani,negative
rjaa3 lmard llbleed,negative
allha y3tini ëna 3asba eli 7alit video w inti allah y3tik positive000 3asba w 3asba,negative
mala a8nii il7a9 i33333,negative
3assba likom fi 2,negative
miile bdan we mrlla beche3a 3asba 3la toul rasek,negative
nik omk,negative
raja3li el vu mta3i,negative
atiwni esem e ddj 5a nhareb alih,negative
awl mara 8neya mte3ou te3jbni,positive
hhhhhh la ma 7ala ma fhemt chay mais chimda5al kais fi hal 8oneya tefha,negative
chou lmnayek le5er hatheka lmazel ne9es pfff,negative
omk omk il97ba ye3tk 3asba ya wejh 97ba ich nkerhkkk zok okhttek mthmch majber menk ya wed 3wetef 97ba,negative
hlouwa hhhh,positive
bravoo,positive
mouche nwi t7chem ala rou7k tijbtt lomk sabb rakk,negative
wwoooooooooooh 3la sa3d zboubna erre9d ntnekna,negative
yatik 3asba teriya,negative
raby yfarajj alyyk wkhayaa,positive
chmeta fel ma3za maya w wejeh eterma lotfi anfe9,negative
bara mout 5ir,negative
abbes riadh wlh wallina dhohka koddem el 3alem,negative
abbes riadh,positive
taleb ihyuijokh,positive
abbes riadh hhhhhh,positive
allah yerhmek ya tunis,negative
my last two brain cells,negative
i can t wait bch nchouf salem mr kifeh bch yfarak hom 3al clip,positive
wtf chkoun el 3k eli aamlou like,negative
hhh mafchlek bourjoulya,negative
ya3tek 3asba lik woul 8onaitek,negative
hhhhhhhhhh mamset,negative
ena li4dhni eli jbed esmi fel4neya pfff mamestou,negative
dislike,negative
ma anyek menek ken eli yghani maak,negative
shkon aando chaine youtube ybi3heli f tones,positive
woillah f4aya7 malla kér2a,negative
0000000000 la chanson barack chouf hall el 3omrak frère,negative
tw wlh wld 3awtef n9oulo wlied sa5yer wle5 ye3taha 3azba,positive
ya3tik 3asba fi sormek tefleghoulek,negative
n3en diin zeby,negative
jamais sabit f 7ayti barbiii bera nayek,negative
hahahahahah belehi bara nayek,negative
y weldi nech ywali ra2is bled raho ye si zeby chwya 9dar 3asba hal mnayek hedha,negative
masett,negative
there is a voice in your autotune,negative
wllh ma7léha hhhhhhhhhh,positive
mamset sorm omk,negative
yasmaa pablo escobar y,positive
ya3nnnn diiinn zeeeebb zebbyy chniya wabnna eli fik ti 5arjouh 3ala zeboubna ya weldyy ken njiblek wadi3 ynik ya3mikk,negative
hhhhhh zaboura,positive
yaatk aasba aala wejhk,negative
belahi kifach ne7 vu,negative
you you nik omkoo,negative
before sending help to africa we should make france stop stealing africa s wealth,negative
malla ka3ba,positive
eli 3amlou eli ighani m3a weled 3awatef jarima i3a9eb aléha el 9anoun,negative
sa7a wallah m3alem 5ir mel ta7ana elli 3adna,positive
chkoun nek dislike 9bal mayetfarej,negative
belehi bara ma5iybek mala go3ire jabri jey minwra lblayik 9alek ostoura ti enti kilma matjich de 3ala aka l5li9a,negative
8na kollo auto tune ma3andouch sout,negative
kolha t8ani bih 7ata samara sanfara wkol madem mcha m3ah s7i7 y3ni chad tab9a wi8ani shih enti matfhmch mousi9a,positive
bras ommetkom dislike,negative
niik omek inta w harba w wadi3,negative
autotune,negative
rit 3lech a7na m yetchahrou ken l7outhela w o5tha kima maya w la3merii w barcha kleeeb enty kifk kifhom,negative
ya5i 5nya hathi ncv fi mo5ek ya weld 3awatef,negative
hhhh mamstek,negative
khaled chbikom teklou fi rwe7kom chkoun 9alkom tfarjouu yeziw bla 9oheb belehi,negative
no god npls no,negative
m k ena kifek,positive
déçue,negative
eni mandemtech ou 3omri meni bech nendem ok,negative
3asba lik w lndamek te7chelkom fi vu ya mnaykin ta7ya lakram men dzirya,negative
talel 3asba lik w lndamek te7chelkom fi vu ya mnaykin ta7ya lakram men dzirya,negative
bara,positive
fem menkom brche fi sfax,positive
fokehi ya 7mar chbik tsada9 etamthil,negative
barra nayek positive,negative
hahahahahahahaha,positive
ah layka chfama nbarrrrrrra nyekkkk nma3dech tgoul zebi layka,negative
hedheya rab ibrahim eli lehi bih lezem ynik treha bech youfa weld awatef,negative
blhi bar nik omk,negative
3asba l maya 9sori hhhh,negative
wiw 3la ziiiiiiiwwww,negative
ya3tik 3asba likom bzouz hhh,negative
jaime mch 3la 5trek enta ya tafeh nama 3la 5atr le clash lmaya w la3mari,negative
jbour stop making stupide ppl famous,negative
m5ybha,negative
ta3rfouch kifah na7i el vu w nraja3 el d9i9tin ili dha3o,negative
tayara,positive
hhhhh mala mnayk ili i8any m3ak,negative
mekch 3ady,negative
hhhhhhhh ya3tih saha,positive
weld 3awatef bara nik omk l97ba ou ya3tek 3sba lik ou llmoboum le5r,negative
or9os hhhhh,positive
chkoun wadi3,positive
mlaa mnnayek al miboun ta3 zebi,negative
jeb prof mta3 3arabeya irani m3ah,positive
talbiiz,negative
na3en zabour omok mamstek,negative
un jeune homme il faut l encourager,positive
bravo,positive
yl3n zok oumk lgahba,negative
barra ya3tek b 3asba y a weld 3awtef,negative
fan b g g a hhh,positive
kan nrak nhez nratha3houlek ale miboun,negative
3andkom 5ir m en cha5syet maya ou lotfi ou bou8aleb esemi dharba blech bihom méteklouch el5obz keyeni fhemt elo8z bech t7ayrou esemikom welé a7né hedhé maoudhou3 belma9loub ki kaskrout malé 9asewet chouf yé sidi kifeh to93od lela 3aycha leou ken telbes 5ayche,negative
bravooo,positive
grib nabki,negative
hlowa pas mal,positive
nik omk,negative
hhhh or9es or9es ya wadi3,positive
lklem mando ht ma3na ema daloula lmusica cmm jw,positive
mla k3aybaa,positive
yoow yoow sahbii enty m nnas li nadmitnii fii fiin om ela74a li tulidt fiha w fii hall blaad l,negative
brjouliya 3almi klib,positive
c une bonne comedie,positive
ma tfarejt fil clip,negative
behi,positive
khyyyyt,negative
ya3din rabou mnayrk mta3 zebi a3tih ay tari9a yochher baha ro7o n9ollo 7ata xnxx fi eab chohra bra bi3 termtek ya3tik 3asa,negative
jabri kafza,negative
ya3tek 3asba,negative
hhhhhhhhhhhh ya walla wa7la nayak hhhhhhhh,negative
ahna m3ak men elmahjar,positive
vraiment minable,negative
hhhhh mtath7kch chbikom 3a tfol saybouh 3amel jaw 3la rouho,positive
hhhhhhh tatla3ch enty eli 3mal m3aha clip lewel ou 5raj lelbechraya kima zombie,positive
ey hhhhh miselch,positive
ok n,positive
wiooooooooooooou,positive
rabi ifrej nchll hak had el baes,positive
belehi o9tlouh hetha,negative
pfffff ce n importe quoi soit disant un petit clochard,negative
ya3tik 3asba ya wadid,positive
ya3tik 3asba ya wadid,negative
inchalah labes,positive
ya3tek 3asba avaka man9olik,negative
rak tooooooooop,positive
abir ourabi hhhhhh,positive
n importe quoi wlh,negative
5arej alik eli 3amlou,positive
ltaw 7ay weld l3asba hahda,negative
hhhh sel3a,positive
guys mafama possibilitie besh nahi l vu taai,negative
ya3tek kaleb youklek etfooooooooohhhhhhhhhhhh,negative
hhhhhh,positive
bera ya3enzok omek el97ba,negative
awel 7aja ena li mnayek eli 7atit sob3i 3al video w thani 7aja eli bjanbou akid rajil kbir w miboun,negative
weld 3awatef ostoura kima pablo escobar,positive
m3alem w 3asba lmaya l9souri,negative
m9awad weld 3watef,negative
nazbourr omkk 9ahbaaa tfohh alik,negative
bara yaweldi kan mshit tnayèk khirr kol mara theb thayer esmek bhkeya taw walit thèb thayer esmek heka alesh hatet ft kais saied lezmèk tzid tet3alèm el 9o7b ye mnayek menech 7asdinek esh 3andek ken besh nehsdek khaterk tkarker fi rouhek hakeka nik nathba7 rouhy hhhhhhhhhhhh,negative
ya naa l aaos omk,negative
bara nik omk,negative
hhhhhaaahhhhhhhhhhhhhhhh 3malt l fadh7 fik 3ala wadhek ya khra ya bhim malla,negative
ya3tk 3aseba 3ala sourmk mala emnayek,negative
hhh t7essu 3alouch weld 3awatef,negative
3asba lik w lndamek te7chelkom fi vu ya mnaykin ta7ya lakram men dzirya,negative
bravo weld 3awatef,positive
ya3tik 3asba yaweld elkahba bars neyik wiji mat7at clib yasa7ma,negative
bara mout l7yten,negative
ya jabri jboura lahya bik,negative
arrete la musique,negative
wlhi mafamech jabri 9adek nti wayeh,negative
go tunisia,positive
chbikom 3bed mordha 7soudin wlh n5alliw erajel yasna3 rou7ou w ynatter lefrank la te5dmou w la t5alliw chkoun ye5dem,negative
rajl sa7by,positive
chouf le5er zebiiiiiiiiii rajel kbiiiiiir w yamra7 yaaah zebiiii,negative
bravo c est la tunisieeeeeeeeeeeeeeeeeeeeee d aujourd hui,positive
ma 3andk ma ta3mil,negative
l amal lb9ali fi hal bled tnek,negative
ichbik darebb,negative
mala hala tfohhhhh hhj,negative
chkoun yaref kyfeh inahy il vu,negative
baramchy nayk,negative
hhhhhhh bravo,positive
mka frou5 walao yfhmo hata fl riasa,negative
loled rakzo 3al la7in nla7in mta3 freriit,negative
dj hadheka ya jabry l3alem lkoul yasma3 feha w yachtah 3lyha wenty ab9a wahel fel freret,negative
kifech tetnahh vu bilahyy,negative
bravo,positive
top bravo,positive
bravo go weld awatef,positive
medem zla3tt l9souriii zabuura sa7bii,positive
ya lina hotli abonne,positive
ykol diz abonne,positive
libya abonne,positive
or9os or9os ya wadi3 weld 3awatef sa9eh fel besin,positive
hhhhh 3assel wlh,positive
hhhhhhhhhhhhhhhhhhhhhhhhhhhhhhhhh y3tek 3asba ya weld 3awtf l97ba,negative
mala jabri,negative
enti men imen bobo miboun chta3mel houni tnasnes kil 97ba,negative
pablo escobaay,positive
masta ya frez,negative
ya3tik 3asba,negative
youtube ykhales fe tounes wtf,negative
ksouri c est de zbal,negative
ya3tykom,positive
choufoulou barwita ykarkarha,negative
hhhh fibeli weld awatef akber kertha yekhi tlaa3 fama chkoun moghet akther meno,negative
hhhhhh wlhi m3alm sahbi,positive
hhh rabbi y7in chkoun jey ychouf les commentaires kifi,positive
poubelle sonore,negative
bravo weled 3watef bon continuation dima el 5edma,positive
ya3tikom 3asba,negative
fl s5ana o picine o lbes costume,negative
chkoun 3andou esem el music,positive
5rra mta3 rab,negative
belhi bara emchi nayk na9sin bheym fi hel bled 5rawwat emt3 zebi,negative
fekret l interboyes akber fachel f tounes w weld awatef farkh mnayek f mokhou hhh,negative
bravo wild 3ayatf,positive
hhh bedmou3 aa wadiy3,positive
lihabet ya9ra idez j aime,positive
baraa moot barraaaa,negative
bcostume fil picine,negative
ouiiii 3endou clip bech ysawrou fi tounes sousse,positive
bara 3adi 3ala ro7ek bro walit manika 3and l3bad,negative
nekni fi rasi haya win bech nmoto syb zebi mn lmafr5a,negative
hhhh malá fthaye7,negative
hahah la 3ed mech a ce pt hahah wa7ed satla ki hetha i5alina nsaybou ma9rouna terba7,negative
na3ti chtar 3omri wnaaref chkoun wadi3 ena,positive
chaker,positive
anas ah namek,negative
chaker hahahahah,positive
ya3tyy denya 3asba,negative
ya3tii benya 3asba,negative
azer cesar bllhi like w abone,positive
wlhi zboura,positive
bjeh rabi 3leh el 7aja hedha kabartouh ou 3titouh 9ima ou 9dar fassrouli bech t5ammou ya 3bed zab wakahaw,negative
random things about stuff bllhi like w abone,positive
houda tababi bllhi like w abone,positive
why tho,negative
oussama othmaine bllhi like w abone,positive
jabri aallekher,negative
wahid games dz bllhi abone,positive
ya wlh 7wel mla grd,negative
anava anva achta7 7atta kima je,positive
y a bhim,negative
aymen klai bllhi like w abonz,positive
ina3n zok omkom f zouz,negative
aez hhhhh bllhi like w abone,positive
or9os or9os ya wdhi3 walah ta7founa,positive
maseet 3la le5er,negative
hhh walh 9bi7a,negative
na îm tounsi wlh,positive
yesss,positive
bllhi nes lkol max abond,positive
bllhi like w abone nes lkoll,positive
chalbi houssem 5oya lbhii hadhiika oumouri w asln ntouma lpublique tonsii ma tchaj3ou 7aad w ma thebouch chkon yousel law ken jii we7d 5aliiji wala machour raahi lfariina b zayed fi beli klemi s7iih m3a kool ihtiramti,negative
chalbi houssem ama ana 7aalef bch nhot fi 9aalbi w tw tchouf 5 sniin o5rin tfaakefr klmii,negative
illi ygoool tounes tnekt yniik jaime,negative
wlh tnekt,negative
wertani sayye ya zebby lzmnaa 7al,negative
familia nostra bllhi like w abone sadiqi,positive
nshala rabyy meak,positive
weld 3awatef,positive
ow ya 7ata enti tawa fiblek,positive
walh 3andk ha9 ya 5oya,positive
rayen hhhhh natchrfou,positive
kol wehed hor zah awel mara tchouf parody ay haja saye touness etelhe brohek,negative
phénomène heda weld awatef,positive
rayen,positive
chkoun l3azlouk elli m3ak,negative
awale comontereeee,positive
soufir camis bllhi like w abone,positive
moudi achour bllhi like w abone,positive
7achwa no limite,negative
chiheb marzogui bllhi like w abone,positive
oussama zwedi bllhi like w abone,positive
tanja7,positive
med fadhel bllhi like w abone,positive
chahnez stars bllhi like w abone,positive
c est géniale continuer,positive
magnifique nfière d être tunisienne,positive
la tunisienne,positive
twahchtek tounes un jour naarjaa in challah nhbek tounes,positive
il me manque grave mon bled nhebek tounes wallah twahchtek,positive
je t aime mon bled,positive
nhebek barcha barcha tounes,positive
wallah chaque fois qu on je écoute cette chanson je pleure franco tunisien karim,positive
tounes ie sang,positive
bravo,positive
vive la tunisie,positive
a9wa 4oneya tounsia t3amlet wlhh,positive
paroles s il vous plait,positive
ya rabbi a7mi bledna 3,positive
9adech tla3ana nhebou bledna walah la7mek ychwak ki tasma3 ghneya 3la tounesna lghalya bil behi mt3h wel 5ayeb tab9a dima 3ziza 3lina wjamais nsayboha,positive
the real message starts,positive
tunisia ta7ia lel met8arbin elkol inshallah rabi i9asser 8orbetna,positive
www c est très jolie love tunisie,positive
god i love this song so much,positive
ta7ya tounes,positive
i love toi tunis,positive
ghenya lik,positive
bravo,positive
a7sen 4neya fi tari5 touniss,positive
lghoneya hethi koul ma n7ess ro7i wa7di fel ghorba n7otha ne7ss ro7i rja3t netnafs ta7ya tounes men almania 20positive9,positive
twahachtek ya bledi,positive
les voix féminines sont parfaits,positive
vive la revolution,positive
starting 20positive9 with this song,positive
aussi,positive
could not understand a word but loved it a lot long live tunisia,positive
what country are you from,positive
tahiyaaa lik man maroco rak toop,positive
ajouter à cette vidéo des sous titres,positive
vive la tunisie from shanghai,positive
rabbi yahmik ya tounes n elghalia,positive
tout simplement,positive
tounes rabbi m3ak,positive
bien,positive
j aime beaucoup cette chanson,positive
vive nôtre belle tunisie,positive
bravo,positive
machi mouhim min ay balad nta lmouhim kitesma3 loghniya katkhayel bladek wana maghrabiya kanmout 3la had loghniya,positive
3omri makont netsawer rou7i n7eb touness leddarja hedhy beraghm merit feha ken eddouni ama la7mi y9ach3er w rou7i tarte7 kif nesmaa 7ad yochkor walla yghanni l bledi touness errou7,positive
ya mimti mala rnaya,positive
vive la tunisie 20positive8,positive
bravo,positive
oui na3tik david like,positive
wahid like,positive
pâle copier coller de khaled,positive
nhebek ya tounes,positive
j adddddddore cette chanson chapeau,positive
yaatikoum issaha,positive
how can people dislike this,positive
vive la tunisie éternelle,positive
mahleha bledi,positive
mahma daret leyemm manarja3ech kima mchitt ou mahma kathrett lem7ayenn hana sabrinn ou mahma twalet l8orba msirna raj3inn ou bimenn kbirr ou barcha confiance mwaslinn,positive
je t aime mon tunisie,positive
ma tunisie,positive
ken 5rajt mn hal 7ofra rod belek la tarja333333 hhhhhh bled tneket,negative
bladi to9til w thabil w nmout 3leha w law tba3adni 3lik boldan inty illi fil 9alib w rou7 w jwaji ya bladi,positive
la plus belle et la plus orchestree des chansons tunisiennes quelles voix limpide bon courage a mon pays d enfance tehya tunes bon courage a vous tous la bas merci,positive
hello,positive
vive tunis bledi l4alya w na3lbo l ghorba,positive
kol youm nissma3ha a7sen ghneya tounsia,positive
tunisie tunisie w3ak rabi we nibi,positive
tounis ahla bled fil 3alim,positive
tounes bladna elgalya,positive
des talons,positive
merci,positive
nhebek ya bledi nchala tarja 3 kim a 9bal,positive
j aime ma tunisie,positive
a7la ghneya wlh 3 n perfection,positive
trop fort les paroles,positive
j ai jamais cette bijoux,positive
460 emarati tfrjou fiha xd,positive
barcha wataniya,positive
tout est dit avec des mots simples,positive
nhebkom ya twensa,positive
omer coco hrhrhrhrr745,positive
awesome cheers,positive
j adore merci d avoir chanter en tunisien je suis fiere merci beaucoup,positive
barvooo,positive
nhebek tounis,positive
ch5ass ken jet lbled hakka kima fel clip hhhh bled lmesiriya wel jahl,positive
woooow,positive
ellli ma8roum bl foot yaaml subscribe,positive
j adore la tunisie,positive
bouguarnin ism jabal fi tounes,positive
twahchtek tunis barcha inti zinet libled dima nismeh ilgnia hadi tafkirni fi tunis,positive
teslam,positive
tahia tounes,positive
bravoooo,positive
trop nostalgiaue,positive
ya tounes ya galia ya 3ziza twahashtek barcha,positive
7lowa barcha ma7leha laghneya wel i9a3,positive
n7ab ennikha akilli bil 7nek,negative
aaaaah ye bledi,positive
très belle chanson tunisienne salutations du maroc,positive
vivie la tunisie et vive le nord d afrique,positive
chapeau d un frere marocain une des tres belles chanssons tunisiennes que j ai ecoute jsq a maintenant creez encore des chanssons comme ca je l ecoute en boucle avec plaisir,positive
rabi yahmi bledna rabi m3ana 3 tahya tounes,positive
any translation,positive
bravo pour cette chanson vive la tunisie,positive
bravoooo 3 y,positive
une des meilleures chansons,positive
what s up guys like if you re watching this on april 8 20positive7,positive
ta7ya tounes el 3ziza el ghalya berjelha w nseha la7rar,positive
twahachték barcha ya tounes ya ghalia ya aziza alaya nhébék ya tounes,positive
vava hannibal une chanson une leçon hymne national des artistes reconnaissants bravo un grand salut,positive
n9arihoulik nsadi9i mat3anedech je suis amazigh nnech d amazigh,positive
vive imazighen,positive
ou il 7adara il arabiya,positive
amazigh mato8lotch lkolha fi nord afrique wa9t li france majetch w ma 9smetch tounes w dzair wil maghreb b lou8a o5ra wa9tha kent nord afrique ismha loubia,positive
positive0milles ans oui vrai quand on parle de lempire noumydie avoir monuments historiques douga tataouine maktaris bellaregia el jem zagouan sicca venerya thala sofeytla etc,positive
la civilisation capsienne et noumedya 2civilisations amazighs de la tunisie profonde,positive
ana nhzb bira,positive
3 raw3aaaaa 3,positive
walahi ya bledi mehma twelet layem,positive
zaki 3aychek,positive
zakaria zaki un hiboukom barcha,positive
3 tunisie 3,positive
j adore cette chanson les paroles,positive
thabilll la8neya bravo,positive
great song every time i watch this video clip i cry because of health reasons i have not been to tunisia for over 8 years i love tunisia and i love you guys,positive
zakaria ben salem nrabi yechfik inchallah,positive
bonjour kbo n v n juste ntu n p v la n nutilise n tu ntu veux x nzakaria ben salem je f,positive
rabi yechfik nchlh,positive
tunisians are with you,positive
bon rétablissement nchallah,positive
rabbi yechfik inchallah w rabbi ya7yik w tarja3 salem guanem,positive
mercii rabi m3akom,positive
merci 7ata a7na n7eboukom,positive
viv la tunisie,positive
we love you too,positive
courage ma tunisie,positive
bravo,positive
merci,positive
merci,positive
merci,positive
reda maximus merci cher frère,positive
tunisian fadwa nmerci infiniment,positive
merci bcp rabi y5alikom rabi ya7mi tounes wel algérie,positive
merci fréro 3,positive
bara nikomik,negative
même ahna nheboukom barchaaaa 3 tounes dzayer bled wahdaaa,positive
merciii from annaba algeria 3 3 3,positive
merci nos frères algériens et vive l algérie,positive
merci mon frère que dieu te protége les tunisien aiment beaucoup l algérie,positive
merci et nous aussi aimont l algérie beaucoup nous sommes des frères,positive
looooove tunisie,positive
c est notre elle est la plus forte et le restera pour toujours,positive
respct from morocco we love you,positive
magnifique 3,positive
bravoooooo,positive
na pas joli,positive
vraiment magnifique,positive
ui ma5ebou haka wlh,positive
great work,positive
soy de otro país pero mi interés y cariño es para túnez un país que es mi favorito,positive
cual es tu país,positive
gracias seniorita nosotros os gusta tu país tambien,positive
miri garcia gracias os gusta te paìs tambien,positive
vive la tunisie,positive
n7ebek wn3ezek ya tounes,positive
ta7fona barcha,positive
love u tunisia 3,positive
trés belle chanson 3 ma tunisie 3,positive
sara entouma andkom 8ne,positive
houdhayfa ben khlil na,positive
samy el maghrébine,positive
bouteraa fairouz 3bed mortha hhhhh fi belhoum kol chay mte3houm mala halla w houma akber sore9 rahou barcha ghonéyét tounsia yasr9ou fihoum,negative
lé yé lélla 5alta méhoch nafis ala7in bara imchi asma3 il chanson mta3 chéb khaled w compari tal9aha mich kif kif,positive
hhhhhhhhhh ya bhim ki tounes ki dzayer nafs el i9a3 w musika techbah leb3adhha t3almou w tha9fou rwe7kom 9bal ma tcharrek fommek la musique maghrebine ça se ressemble,negative
belehy ssaker fomek atfah cha3b hoja cha3b dziri ba3dou yji libi fard martba entouma walah el t3adhrit wel bhema,negative
mohamed jibou jdid 3maltou el 3ar kol 8neya t9oulou ser9ouha men 8neya dziria ken jitou monfat7in w tefhmou fel mouzika rakom 3raftou elli el rythme hetha maghrébin w mawjouf f plusieurs chansons,negative
hedha la7n massrou9 men ghoneyet khaled bakhta,negative
belehy bara nayek enth w dzeyer m3ak,negative
n7ebbek ya 3ziiiiizti ya tounes,positive
ti amo,positive
khedma 7lowa w ndhaifa bérssmi respect,positive
jolie,positive
merciiiiiiiiiiiiiii,positive
much top sahitou 8d,positive
vive la tunisie libre et indépendante msg d un algérien,positive
gedhdk,positive
merci nos frères algériens et vive l algérie,positive
voleur,positive
quand jecoute cette chonson javais toujours la chaire de poule,positive
bravo,negative
bravo,positive
najet ounis 3 3,positive
3 3 tàyàrà 3,positive
bravoo zied litayem quel talent,positive
tfata9,positive
tunisie 3,positive
tunisie 3 3,positive
i can t wait till i see tunisia raisin up shining and great like always high hopes from morocco canada,positive
ntouchante tu me manque trop ma belle tunisie n,positive
nice bendirman,positive
yaser 7louwa bravo 3 ta7ya tounes,positive
wawwwwww j adore,positive
barsshaaa hobbb 3,positive
magnifique 3,positive
tounes,positive
gooood,positive
love it love tunisia,positive
7lowa nice goode,positive
ah ya tounes ah,positive
a7lowa yesir entre ls mots on senté l odeur de jasmin d un nostalgie perdu,positive
ma7lehe le8neya,positive
abonne a mon chaine et merci,positive
i liked so much this song but i don t understand what the mean please i want to know lyrics,positive
me too,positive
noor naseer this song speak about tunisia,positive
anybody have the lyrics please,positive
adnen chrif could you give me the lyric of this song,positive
i cant give you all but i will give you a summary the singers here speak about the rich history of our tunisia the love of its citizens the promise that our country will never fall down and they speak about the saints herethe beauty of beauty of tunisia and everything in our country,positive
chokran,positive
adnen chrif you from tunis,positive
noor naseer yes i am,positive
adnen chrif have a friend and his from tunis souse,positive
merci hassine,positive
amr adel you can start by hedi jouini,positive
rahma abdelli i love lotfi bochnak i will see the others thank u,positive
amr adel listen to kelmti hora by emel mathlouthi,positive
i know it,positive
amr adel also i forgot to tell you to listen to myrath my fav tunisian band,positive
i will listen to them,positive
amr adel listen to mortadha ftiti,positive
i will,positive
ayou cha thank you hsm3 3,positive
depp abdeli listen gultrah sound système,positive
bravoooo c est un bon chanson,positive
viva la tunisi,positive
j aimerai avoir la traduction de cette chanson qui me tien beaucoup a cœur merci a vous,positive
marcel napolitano n je vais voir ça,positive
depuis que j étais petit j errais à l étranger nj ai passé mes jours à parcourir les terres comme un ivre nje voyais ton ombre dans mes rêves,positive
merci c est une chanson qui me tien a cœur,positive
men a7la ma sma3et,positive
merci,positive
merci ya opm dounia,positive
mohamed sayed,positive
wtounes abou el donya,positive
youssef chmengui ta7iya lik e5i wa asdi9a2i fi masr om doniya,positive
thanks to our brothers egyptian,positive
merci,positive
ay rassi wja3ni wlh mordha entouma ay 7aja tasm3ouha twali dziriya w ken t7eb tarja3 l teri5 tourath mta3 l est algérien kolou tourath tounsi puisque teri5kom lkol kontou teb3in l touness w walitou teb3in l dzayer ken en positive830 ki 7taletkom fransa w la79etkom b be9i l actuelle algérie,negative
ya tounsi ya assil antoma twanssa eli toujours tasr9ou lghena t3 chab khaled w ghena t3 dzayer bakrii tgoulou t3ena,negative
kita7taram rouhk et je dis bien ta7taram rohek 9bal ma t7tarmni nkalmek fhmet khoya,negative
bellehi prove that this music is algerian,positive
ababababab bellehy waryny anahya l4neya ly feha lmusiq hethy w waryny tary5 ly 5arjet fyh makomsh normal raw yeser t4yrou mn tounes,positive
bellehy bara nayk,negative
tunisia nhebouuuuuuuuuuuuuuuuk berrrouh weddam 3 from canada,positive
ta7ia touneees,positive
cheesy as fuck,negative
vive l europe fuck tunisie,negative
fuck omek ya miboun ya kaleb tseb fi bledek makech rajel tounes khit mel europe ya jabri,negative
omar kanzari a5tak meno 5ouya ili ynkor fi aslo ken lkalb 7achek,negative
fuck omk l9a7ba,negative
kodessssss kathaaaaaabbaaaaaaaa ba3ed meyemchi yniklha ommha fi europ w amarica yji ygoullak bladdi w ma bladdddi commercial yassser,negative
toooooooooooooop,positive
nhebbek ya tounes,positive
shayma mahmoud,positive
nice,positive
tunisie 3,positive
bravo bandirman bravo peuple tunisiab,positive
magnifique chanson,positive
fathi kasdallah chouf el 5wenjya ech 9elbouha torkya chouf sidek erdogan,positive
la tunisie vue par les bobos dommage l image c bcp plus sombre pour l autre majoriteeeee,positive
nhebek nhebek ye tounis ye blledii le8alia,positive
tounes blediiiii wbledna kol,positive
ntouma cha3ba mlih rabi nchalah yansarkoum ou yahfadkoum khoukoum min el djazair,positive
bara nayek wine la7en tchouf fih kifkif,negative
chto9sed 5ih mamstik,negative
7atta dzaier 7outhéla kif la3rab el koll tkt,positive
5 w il 5mis 3la tounis il azziza il 5aliya,positive
tayyyara tahya tounes,positive
tahya tunis a9wa bled fel 3alem wlh ghir twahechtek na3lbo lghorba,positive
ta7ya tounis,positive
merci,positive
yed wahda,positive
vive la tunisie,positive
intouma ili tejro bi din min akthar min 70 sna nkhwanjiya kano fil sojoun w wintouma ili wassilto tounis lidamar hadha bisim moharabit khwanjiya,negative
bravo mais svp bendir man a3tina kifich tedgad bel guitar siwa bel chords ou tabs plz,positive
tab9a tones faw9a el jami3 ya rabi e7mi bled eli jebet rjel,positive
j adore,positive
tounis,positive
ahmed nkamanji,positive
viv la tunisi,positive
rabbi iraja3 ghorbit kol mitgharib ili ana wa7ed minhom,positive
pour ma tunisie que j aime,positive
magnifique,positive
et depuis qu est ce qu il devient ce groupe un travail à l horizon je l espère,positive
ta7ya tounes,positive
beautiful song it makes me cry in a good way every time i lesson to the song away from tunisia for 3positive years,positive
oh que tu me manques ma belle tunisie,positive
my all time song,positive
bravo très belle chanson vive la tunisie,positive
vive la tuninsia,positive
a chaque fois que j écoute cette chanson je pleure,positive
moi aussi wallah,positive
s7i7 n,positive
c vrai louay avishi la civilisation capsienne 8500 av j c,positive
ya maalem ma tabdech tahchy fih aala khale9 raby awel hadhra fy tunis hya lhadhra lhafsia,negative
aya lawled mafeha bess ta9raw tarikhkom li moch y9ariewlkom fih,positive
akrem soudeni hhhh el hadara el hafsia,positive
hadhara lkapsia la civilisation capsienne elli hia gafsa tawa ken esmha capsa khouya micelch kif tarja3 nty zeda taamel talla 3la terikh bledk,positive
j adoreeeeeeeeeeeee 3,positive
wallahi ki tgani mena l sbe7 chay tounes y7eblhaaa bech tridh,negative
j aime,positive
tounes el8aliya,positive
tounes 8alia 3 3,positive
j aiiiiime 3,positive
quel culture tout simplemet ya pa mieux que la tunisie,positive
n7louwa barcha bravo louled y,positive
j aime,positive
ta7founa yèser la4nèya w vidéo clip a7la,positive
wawwwwww 3,positive
bravo bayrem shayma najet amal fahmi yaser et 7atem ca c est du bolo et j ai bien aimer n merci,positive
magnifique,positive
j aime ma tunisie,positive
j aiiiiiime bravooooo,positive
très belle chanson 3,positive
bpositive tt le group,positive
je t aime beaucoup la tunisi 3,positive
je t aime ma tunisie 3,positive
maya tunisienne tu es tre belle sur la toffe tu minteresse,positive
9albi yébki 3ala bladi,negative
bravo,positive
ma tunisie ,positive
brabbi c est quoi la valeur ajoutée quand tu télécharges une vidéo pour la réuploader sur ton channel,negative
yna9es fi 3dad el vu 3al vrai propriétaire mta3 l4naya,negative
magnifique magnifique magnifique,positive
magnifique ,positive
pub i phone,positive
pub i phone,positive
ils sont tous y tunisie,positive
big up bendir,positive
7lowa barcha ama bendirman m3alem barcha,positive
bravo 3,positive
bravo ghnaya hlowa barcha,positive
nn eli habatha sére9ha mil tv officiel,positive
les paroles si c possible,positive
très jolie musique et clip,positive
bravoooooooooooooooooo,positive
waaaaaaaaaaaaaaaaaaaw je l adooooore vrm bravooooooo 3 3 n,positive
bpositive ,positive
trés belle musique continuez,positive
najoutta,positive
blady ya aghla 3liya men awladi nblady zinett elbeldenn nblady ya blady ya blady 3lik enadi,positive
je suis sur que les gens aiment ben dit maine,positive
mbc voice,positive
why can t i find your music on amazon music,positive
bravooooooo klem 9yes ya3tik esa7a,positive
wa7dek mortadha chaîne ta3k kol youm ned5leha bravo wa7dek tkawer,positive
badni 9ach3er,positive
enfin qqun qui se respecte et qui fait de la recherche artistique bonne continuation,positive
mortadha sout w 7odhour 8nyeto raw3a,positive
bravo,positive
bravo bravo bravo,positive
nhebek mortadha 8neyetek bkol ye3ejbouni,positive
bravo ,positive
beaucoup d encouragement mortadha brabi reste dans ce style de chanson tu vas reéussir,positive
wawww love u so much,positive
bravoooo wa7dk ya mortadha wasel,positive
j adore,positive
berrassmi fenen fort mayjiboukech fel telfza khater moustawek mouch mon7at,positive
tik sa7a nchallah t7afith 3ela nefss il mostewa il 3ali mta3ik,positive
respect,positive
en boucle j adooooore,positive
rabi m3ak mortadha ,positive
bravo,positive
bravo nestanew f jdid mortadha,positive
klém logique i7sés tayer bravoooooo,positive
top toooooooooop kol youm nasma3ha tellement n7ebha,positive
bravo tu es le meilleur,positive
vraiment ya3tik positive000 sa77a,positive
mortadha rod blk tbadl style l4na mta3k yesser tayara w klm 7low w mo7taram bravo rabbi y3ink,positive
to9tel nemout 3alik mabnou w ma7leh soutk to9tel ganytk le kol,positive
tellement y3jbni style mortadha n3ml like 9bal mansm3 lghneya bravo yeser tayara,positive
wlh ma3lem chapeau lik,positive
it s a really great song that you can feel it good luck,positive
bravoooooooo j aiiiiiiiiiiiiiiiiiiiiiiiiiiiime,positive
bravoooooooooooooo,positive
bravooo mortadha a7la klem men 3and wld bladi,positive
biiig respect y,positive
bonne continuation,positive
bravo,positive
bravo,positive
cool taheya zawali 3,positive
bravo,positive
rawwwww3a nbon courage,positive
bravo belles paroles et sonorité,positive
c est vrai,positive
merci mortadha,positive
bonne continuation birasmiiii superbe chanson ama mafemtesh lweh les vues chwaya par contre 8nayaa yecer mezyenaaa 3,positive
bravoooooo,positive
toop bravo,positive
positivepositive6 je n aime pas 4riba wallah,negative
berjolia nchala nchoufouk feat m3a red star radi tnajmou ta3mlou 7aja 9wia m3a b3adhkom,positive
frr 4nék ta7foun,positive
bravo mortadha klem 7lou w la7in raw3a bravo,positive
bravo a7la masm3t,positive
de je trouve la chanson excellente bonne continuation,positive
yeseeeeeer fort 9ad masma3et to93ed ntty lbest fel 8né kol mesh ken genre teek ou 8neyetek tasmaa wahda tansa lo5ra yessser ftouuuu9 raby maak kamel bel mostawé ra9i hedha,positive
vraiment 7louwa barch l8naya en plus stilk hadi w mzyan,positive
top ⑳ this week,positive
i love it,positive
bravoooooo mortadha,positive
mortadha omg mahleeeq naash9eq ena leghneye tooooop aalekher,positive
artistou bravo,positive
yeejbuni les sujets mtaa ghneyetek theb twahed twenssa w tnahi fekret ljihawiyet wel fareq bin les niveaux de vie olh yaatyk saha touness hachetha b aabed kifek braavo bon continuation,positive
sa7a mortadha ya m3allem,positive
bravo message 7low,positive
bravo mortadha fititi,positive
bravooo parfait,positive
bravo soutk tayra clipetk hlowiin ghneyetk tfataaa9 tbarkalaah aaliih w nwhlh touseeel l blaasa eli testehelhaa rabbi ywaf9eeeek na3ch9eeek w nmout aalik,positive
bravoooo,positive
heyla,positive
like it,positive
truly amazing keep going mortadha,positive
bravo mortadha,positive
hel 83 eli 7atoou dislick kel sbo3 yarrakom tal9awah fi 7ofretkom,positive
bravooooo,positive
bravo keep going mortadha dima nab9ou nestanou f jdidek,positive
waaaaaaaaaaw,positive
bravooo moradhaaa,positive
tfatta9 bravo bil barcha,positive
magique,positive
excellent la meilleur chanson,positive
bravo,positive
mortadhaa lkolna twenssa ,positive
bravoo tres belle brv,positive
j adore j adore j adore,positive
kaka aahahahahahha,negative
jadore,positive
kawther mh kll wa7idd u rayouu w mttnjmmchh trrf44 rayikk 3laa 7eddd,positive
machllah alik mortdha bonne continuation nefrah enik weld bledi vers le mieux nchlla,positive
très talentieux mortadha nawwartna 9oddem el touristes 3,positive
j aime 9bal ma netfarrej,positive
love u mortadha,positive
abonné aman compte jdyd pliiz,positive
bravoooooooooooo,positive
sout top klem raw3a clip 7lou mourtadha top d top bn continuation,positive
j aime men 9bal manesma3ha top as always,positive
tooop,positive
bravo mortadhaa kammel kk,positive
bravo nkmml hakka ntooop,positive
braavooo,positive
blhi shkoun 7at d like kn jboura weli yasma3 b termtou,negative
bravoo inchala mesajk yousil li nas kol,positive
top mortadha btawfi9,positive
very good keep working,positive
tooooooopp,positive
hlouwaaaaaaaa,positive
in love with this song 3 bravo mortadha keep up the gd work,positive
j adore,positive
thbelll barvo mortadha,positive
bravoooo heylaa bonne continuation,positive
j adore ta voix,positive
j m trop,positive
une belle chanson très bien,positive
bravoo bravooo,positive
mamstou halokza,negative
u r really a big artist,positive
raw3a,positive
vec un autre arrangement ça sera mieux,positive
m3allem khouya top du top,positive
hedha fannen s7i7 w genre mta3 4na jdid w ymes ay 7ad tbarkallah 3lih,positive
bravooooo,positive
mena3rech 3lech ki sma3t titre hetha direct jé fi beli bouda ahmed weld 3amek w 3amek eli fe 7zeb ma5yebha deneya paradoxe,positive
respect,positive
exelent travail mortadha,positive
mortadhaaaaaaaaaaa bravoooooooooo,positive
keep going gj,positive
bravo,positive
thumbs up soutek tayara w you re topics are what we re all facing in this messed up country keep up the good work,positive
braaaavooo,positive
raw3aa bravo,positive
message behi lbarcha nes dharbinou fi rwehom,positive
top top,positive
bravo mortadha enchallah rabi iwaf9ek,positive
bravoo topp,positive
jdr la7in w sout w kalimét,positive
chkoun sma3 laghneya 9bal ness lkol fy festival eni festival eljem,positive
bravo,positive
woooow tooop bravooo mortadhaa,positive
bravo mortadha ftiti,positive
nitmena morthada we radi ya3mlouna mara featuring,positive
3 3 mortadha w radi nestennewkom fi featuring nchallah 3 3,positive
bravo,positive
j aime 3alle5er,positive
y3jebni suuteek ,positive
bravvvvvvo mortadha,positive
artistou,positive
raw3aaa ,positive
bravoo waw j adore ,positive
bravo,positive
bravo,positive
tbarkallah kamel haka,positive
saha,positive
bravo ,positive
top du top ya3tik essa7a man rabi ywef9ek,positive
kollou kif kif un véritable chef d oeuvre bravo,positive
braaaavo 3 3 tooooop,positive
bravooo mortadha,positive
kl 3ada w allah le ya9t3elna 3ada j aime 9bal ma nesma3,positive
ken lwe7ed ched fi fagri w aman w tawa haw kifkif kel 3ada ebde3 bravo berrasmi artisto mn 8ir mana7ki 3le taher guizani,positive
super,positive
bravo mortadha,positive
bravo,positive
ya mortadha w5ay rabbi ifadhlk bon courage,positive
awesome lyrics keep up bro,positive
bravo dert j aime 9bel ma nesma3ha,positive
j aiiiiiiiime meli smaatha fl festivale bqit nestana waqteh tahbet enfiin,positive
bravoo respect,positive
3alamia akwa wa7da fi ghneyetik bonne continuation y,positive
go on,positive
bravoooo,positive
bravo mortatha good travail bravo,positive
always on top,positive
yeeeeessseeerrrr hlowaaaaa yaateeekkk esahaaa bravooo,positive
the best,positive
m3alim sa7bi,positive
j adoooore bravoooo,positive
bravooo mortadhaa deja aamalt j aime 9baal manasmaa vraiment bravo yesser hlouaa chanson w kolnaa tweensaa w nchlh msg youseel,positive
bravo mortadha,positive
bravo mortadha,positive
bravo mortadha,positive
mortadhha,positive
mortadhha,positive
yel hob braaavo,positive
bravooo j adore 3 3,positive
parfaitement parfaite bravoo walah,positive
9bal manasma3 j aime,positive
belle chanson,positive
belle chanson,positive
mortadha ftiti,positive
mahmoud boughzela,positive
elli ya3mel abonnè lel chaine mta3y tarja3lou et merci 3,positive
mahmoud boughzela,positive
mortadha ftiti i love it bravooooo artisto,positive
mahmoud boughzela,positive
mahmoud boughzela,positive
j adore,positive
svp paroleeee 3alamiaaa,positive
awesome,positive
un grand bravo et un grand merci pour ces mots,positive
the best,positive
bravoooo une belle musique avec des belles paroles,positive
kill 3ada like men 9balll manasma3haa nkeep goin u r the best,positive
bravo,positive
bravo mortava,positive
bon continuation,positive
j adore j adore j adore soutik real barcha w unique w so deep n7ebou encore plus de chansonnnnnnsss,positive
waw 3 comme d habitude morthada tu nous donnes du vrai délice,positive
t as rien compris mon gars,positive
omg toop,positive
i adore it keep up mortadha,positive
bravo,positive
loooveee u,positive
parfait,positive
bravoo,positive
bravo,positive
yessr tayaraaaa,positive
vrai artist,positive
braavoo,positive
sma3tha fi concert b9at fi mo5i wallah,positive
enfin bravoooo mortadha fière de toi,positive
aamlt j m meme 9bal mansmaaha 3,positive
bravo tfata9 leghneya kil 3ada dima met2alla9 ama svp habtelna les paroles,positive
mortadha ftiti merciii bp,positive
monia sâanouni bled kalba ihebou ken tounsi ou l3onsotiya isahel yakrouhouh ou hasdinou ani min janoub ou nheb isahel ou mortada ou radi,negative
elli ya3mel abonnè lel chaine mta3y tarja3lou et merci 3,positive
hamrouni aïcha uii uiii s7ii7,positive
chapeau bas,positive
bravo nsvp ektbelna les paroles,positive
j aime 9bal ma nesma3 nbon continuation,positive
tayara,positive
j aime 9bal menasma3ha,positive
elli hatin dislike yasmouu b wedhnihom,negative
elli 3ejbetou l8oneya kifi yenzel j aime,positive
bravoooo,positive
les chords mortadha amanek stp aussi c toi qui a écrit les paroles merci,positive
aymen turki ouii houwa,positive
un vrai artist keep going on this way best,positive
aleh metektech el lyrics fl description sinn mahleha lghneya bon continuation,positive
mortadha ftiti merci bien ça fait un grand plaisirs w belhak mahleha lghneya w mahleha lkhedma li taaml feha,positive
walah top ,positive
mortadha ,positive
top top bonne continuation,positive
bon travail,positive
this is ur color stick on it welcome back,positive
attractive,positive
nice 3 keep going y,positive
j adore aal akheer nassl hedha mortadha w hedhy khedmteek dyma nejaah nshalah,positive
mobda3 ki 3ada,positive
3 3 nes litefhem ,positive
mortadhaaaa extraordinaire,positive
bravo professionnel comme d habitude,positive
support local artist,positive
proud baby proud j adore wlh,positive
avant positive000 vues ,positive
j adore bravo mortadha,positive
mabrouk,positive
bonne courage sahby mortadha,positive
bon continuation mortadha,positive
j aime kbal manesma3ha,positive
hlouwa,positive
tayraaa,positive
good music,positive
finally,positive
chkoun lina 9bal positive million,positive
j aiime 3,positive
chkoun lina 9bal positive00k vues,positive
like before watchin,positive
saha m3alem,positive
j adoreee,positive
fort barchaa bravo,positive
bravooo,positive
bravoooo,positive
j adooore,positive
first 3,positive
excellent comme toujours,positive
proud of u,positive
omg toooop,positive
bravoooooooo,positive
first,positive
enfin,positive
zghidi malik ey w mbaed,positive
yassmine s channel tet9alla9 enty ki 3malt haqeqa,positive
zghidi malik taw el rajl aaml ghneya mezyena w te3eb aaleha w ness tji tekteb bravo taaml ay react aal ghnyea tji nty w tekteb first chmaaneha,positive
yassmine s channel maaneha fama fan ki doub m tahbet el 8oneya sma3ha ou bravo aliiih howa,positive
first comment,positive
woooooow,positive
first btw xdd,positive
sot moch normal bravo men mehdiya,positive
raw3a,positive
ghada je t aime,positive
ana l8naya hathy 7afthitha w 8azfitha 3al giutare mta3y,positive
20positive9 bravo walah dima nesm7a yeser temes,positive
bravo bravo,positive
nhbeeeeeec baarshaaa ghada maatouuuk,positive
c un rapport hhhhhh xd xd,positive
gueueydu,positive
very nice song,positive
ya baba ya 8ali guitare cover watch dont forget to subscribe to the channel enjoy,positive
rw3aaa,positive
tooop,positive
a baba,positive
super très bien bravo ya ma3allem,positive
brao mahleehaaa l8nyaa,positive
papa,positive
bravo,positive
bravo,positive
bravo,positive
very nice,positive
rabi m3ak y a rou7iiii,positive
mahla soutekk,positive
magnifique sa voix trop apaisante,positive
chkoun mazel iyesma fiha positive0 positive8,positive
bravo espoir et enthousiasme,positive
bravo,positive
good,positive
alllh yar7mou,positive
bravo,positive
bravo,positive
qpzaa qm pqmamm qmm sas mmmzqmqlappa as zaz mpppalaaaaaaaaa qzmzq,positive
malek y est 3ejbetni li gnea aide a3mel 5ajet abusent inchalah,positive
i love you gahada,positive
je t aime beaucoup ghada tu es très talenteuse,positive
bravo mahla sotik,positive
fanena nej7a wasel ntout simplement sout neder,positive
bravo,positive
rak mech 3adiya jemla fi h 8onaya bravo,positive
tros belle chonson,positive
ma7lehe ghade yesser simple er naturelle er zede artist wsouthe raw3a ma7lehe tounis ye 7oukoume etelhew bwledkoum rahoum houme elmosta9bel welli ynajmou yhezou lebled el fou9 ma7leheeeeee bledneeeee n7ebek ye tounis el ghorbe rahiiii kletneeeeee,positive
bravo,positive
rabi i5alili baba,positive
bravoooooooooo,positive
ghonya ta3jbni bizzzff,positive
bravooo 3,positive
maandhech esem hhhh aleh keteb ya baba ya ghaly,positive
bravo,positive
allah yarhmek ya baba ya ghali,positive
ta9ra médcine adi,positive
salam,positive
5sartek dharbetou fi ro7ek w jamais kan bch tkmel haka bech tousel il 7aja rak,negative
tayara barch m y n4niha si stem rap,positive
je viens de découvrir cette chanteuse qui est juste époustouflante un énorme coup de cœur je passe de chanson en chanson et chacune d entre elle est magnifique quel talent masha allah je vous souhaite un succès à la hauteur de votre talent c est à dire énoooooooorme,positive
bravooooo ghadaa,positive
excellent voice and the personality goes with it,positive
bravo bon travail,positive
love,positive
borjolya ya3tik sa7a,positive
bravo,positive
bravooo,positive
bravo tout le monde,positive
brave c est jolie,positive
bravo ghada alah airahme baba,positive
bravo je kiff,positive
bravo bravo,positive
waw cordetha sahlin 4,positive
megdich samia shnouma l chords aman,positive
bravo,positive
love you ghada ena farah,positive
mahlaha,positive
4naya 7alawa,positive
tabarklla 3alik nbarvoooooooooooooo,positive
wine mnesma3ha nebkii rahamete allah 3lik bouya elghalii,positive
lov u ghada from algeria,positive
bravo,positive
bravo,positive
rawa3 kol manasma3ha demo3i tahabet rawa,positive
bravo ghada bon courage w rabi maak,positive
nmoute fikkkkkk,positive
lahas,positive
lahas,negative
bravo mahla soutek,positive
trés bien,positive
bravo,positive
bravoooooooo,positive
bravo 3,positive
love,positive
bravo ghadaa,positive
machallah alik rada,positive
bravo,positive
hata ana guitarist,positive
bravo touchante,positive
excellente,positive
bravo ghada men alger n7abo tunis 3,positive
raw3a,positive
waaw,positive
y a baba y a 4ali y a habibi,positive
merci doursaf,positive
bravo ghada,positive
raw3a bravo,positive
ahla 4naia ya3tik saha,positive
bravooooo 8adaa hbeeel soutek mchallah wena n7ebek barcha,positive
bien,positive
mkhybkk ya khra wiou,positive
j adoore wallah 3,positive
bravo,positive
bravo,positive
mahla southa i love this 3,positive
très touchante,positive
brovo ya3tik esaha rabi y5alikk,positive
rawaa,positive
magnifique,positive
bravooooooooooo,positive
bien,positive
bravo sotek mezien w l 8neya meziena bravo bravo,positive
bravo,positive
nice,positive
mahlah hdi il okonaya,positive
bravoo bravo,positive
touchante,positive
bravoo,positive
far5a noob,negative
bravo,positive
soutek extre walah ti ki manisma3eche soutek net5na9 soutek loxigene ya 3assla,positive
mahlehaa l8ouneya jtmmmm,positive
je aime sa,positive
maya tebini,positive
ma7leha rabi m3ak,positive
bravo wlh,positive
bravo ghada yaatyk saha y,positive
hhhhhhh kima jeouebtny eenty taoua bedhabet,positive
yzkem fik mdrr,negative
bravo,positive
merci,positive
bravo,positive
mahleeha 3,positive
one of the best songs i ever heard na gifted girl like should become a superstar,positive
veryy veryy nice bravo ghada,positive
yaya,positive
bravo,positive
wooow sis,positive
mahleha,positive
bravo,positive
meziena barcha,positive
izakirni fi shabi kol,positive
bravo,positive
mahlah il kidar,positive
bravo et bon chance,positive
ça promet pour votre avenir en positif nen tout cas je l espère beaucoup pour vous nmerci,positive
ma7laha ghada maatouk,positive
waaaaw,positive
bravooo ghada,positive
walhi 5ir mel wasa5 libe7dhaha,positive
tehabel al5oneya wa taberkala 3ala sotek,positive
subscribe to my channel,positive
tres touchante alah yarahmek ya baba,positive
alah yarhmou w ynaamou,positive
alh yar7mo wna3mo,positive
allah y rahmou qu allah lui ouvre les portes du paradis amin,positive
mahleha,positive
loveeeeeeeeeeee,positive
bravo,positive
wooooow,positive
ya3tik sa7a,positive
sirine laref nbravooo,positive
bravo ghada je te souhaite que de bonheure,positive
bravoooooo,positive
les accords stp,positive
douda ma7lek w ma7la soutik très belle chanson,positive
bravo,positive
tu a une très belle voix,positive
ma7lah la8naya nastanou fi gdid,positive
beravo,positive
trés jolie,positive
7lowa,positive
chkoun ynajem ya3tini el chords aman,positive
je t aime beaucoup douda,positive
oh 3ayshek,positive
oh 3ayshek,positive
wise man,positive
morocco,positive
wise man alh yahbok,positive
bravo,positive
bravoooooooo,positive
good,positive
9adeh 3morha,positive
man3refchi,positive
fi ena 7al9a ghanetha brabi,positive
bravoooooo n,positive
ya3tik sa7a ghada tbarkala 3la soutk bravoo,positive
j adore,positive
bravoooooo,positive
mahlek ada,positive
bravo,positive
très bien,positive
les accords svpp,positive
you are the best,positive
bravo 3,positive
7elwa,positive
les accords svp,positive
m3alllma,positive
justin bieber ya massa5 hahaha,negative
bravo cute,positive
vraiment j ai touché à cette chanson,positive
tres belle chansson et magnifique voix,positive
slt najem naaref les accords,positive
bravoooooooo je t aime beaucoup ghada 3,positive
sirine farfra,positive
nicccccccce,positive
bravo ya3tik saha 7aja hayla,positive
bravo 3 3,positive
masta yesser 7aja maaaaasta,negative
ma7la southa,positive
bien bien bien bien bien,positive
bravo,positive
mouche nrml,positive
snop sasouki bien,positive
raw3a,positive
tu peux faire un cover de zina babylone ca sera top continue,positive
ma7la soutékk 3 éma éni n7éb nésma3 héz 3younék b souték ya ghada plz 3,positive
stp les achords guitare,positive
mahleha el ghonneya w mahleh soutek ghada,positive
les accords svp,positive
tilhé bil bac 5irlk,negative
bravooo,positive
ya3tik sa7a tres tres touchante,positive
bravoo bonne continuation,positive
still waiting for other song,positive
ma part ncgft,positive
wondering,positive
why is your comment written in english then,positive
fibelou ta7kish aarbi mdrr,positive
mahleha ha9hom hatouha hiya il jinirik,positive
wtf jinirik salem 9raytek okhti,negative
bravooooooooo,positive
chesmha,positive
semha brcha,positive
vraimon m3alma,positive
tayara sout w 7thour,positive
yatttkkkkkkkkkkkk saha,positive
bravoooooooooo 7louwa legnaya,positive
rawwwwwww3a,positive
braaavoo c est magnifique,positive
bravooo ,positive
bravooooooo,positive
ken tghanii ki ydhi9 byk eddaher yé mezyana ala souutek yhabbeel,positive
thablii manoulaa rabi yahfdk,positive
je t aime manoula,positive
gharibi yasmi oh une française,positive
gharibi yasmjl kg fk b wghodwa k bob n no boubou,positive
gharibi yasmi partajéé,positive
chiri chiri nhbkoum bzaf bzaf,positive
wiem daalouche nchloé ça va,positive
manal 3mara l lové you,positive
huwaei jkllmi,positive
mdr nimporte quoi,negative
yosra wrt gfcct,positive
mech ajbek,negative
mnoula n7bk kan 9ritiha j wbini ani n7bk ana ikram mina algiri,positive
marhba aba fani mna algzair,positive
chiraz chiraz 3ndk fb,positive
m3ndich choft ismi lima ismak wsmak,positive
ikram chiraz mmmmmm masta w lahlaha,positive
ysimoni habibt habibha mgtlkch golili,positive
salam,positive
ikram chiraz rani bagi nsaksik,positive
ana oussi hebha men alger khoti,positive
mahlek manoula mwahh,positive
rawen rawen n,positive
jana tv ki ki ki iip,positive
enty w nermine sfar t3mloo a7san duo tho,positive
lol far9 kbir chemjayeb nermine sfar l manel stop exaggerating please,negative
mana3rfekch,negative
chnia esem lghoneya mel loul,positive
2702 za3ma yo93id 3ayich,positive
criminal a7mir wala as f i r free fire,positive
3ers msawrino b arri alexa,positive
tooooop nithal chatha thabeeel et sirtou badour,positive
chnwa ism lmusica li tabda mil owel,positive
brabi chkoun y9oli esm l ghoneya doub ma bde l video,positive
hhhhhhhhhhh braveau lawled hhhhhhh,positive
hhhh badre rah yargas hhh manich maman,positive
c est nulle,negative
mamstik ya7aj,negative
baderr baz raw chaye5 5ater howa fi la79i9a yochrebbb hhhhhhh,positive
4a7akni badr kifech yechta7 hhhh,positive
maria maria rexo,positive
bravooo fathi,positive
eli 3jebni ki zina gat3et m3a rajelha,positive
mouselsel tayyyara,positive
jai suivie cette série avec beaucoup d intérêt je ne pas compris grand chose les tunisie en bien changer est surtout leur façon de vivre,positive
yassine ben 9amra bder m3alem,positive
zidouna joze ekhir khali nchkhou chwy do7k w action,positive
haj m3alem,positive
chesmha brabi leghneya li tabda melloul,positive
i love tunisia,positive
bravooooooooooooooooooooooooooooo awled moufida,positive
gaith,positive
a7sen partie fil mosalsel bajze2ou 4,positive
ye5i wfe saye,positive
el 7il9a positivepositive weni taw,positive
chnaya l8neya mezwed,positive
el 7aj bouba hhhh,positive
ti brabbi kamloulna el positivepositive 3aléh hakka,negative
bsaraha y sami fehri kad mahabieh mosalsel kadm karahtna fih 3am kamil 3amil positive0 ep ti cheniya fin mte3o w jibelna ejdid effffff,negative
win nl9a hal9a positive2,positive
le scénario est des conneries,negative
chatha ta bader hhhhh mdrrr,positive
kol chay fhimte kan rebit zina laylahi lalah kani rebit 3irs,positive
belehi 3lach fih ken positivepositive épisode sa3a 3jebni belehi zidou des épisodes okhrin,positive
wini ya trabich,positive
hay ep positivepositive,positive
iwini l ep,positive
ekher 7al9a yekhi,positive
ti winu zok omm ep positivepositive,negative
wini l episode positivepositive,positive
m3dch selk,negative
chbikom masstin blahi tjii lelhelqa elbhya w mathabtohech,negative
s il vous plaît où est l épisode positivepositive ne me dites pas que vous allez l arrêter ça se fait pas walah,negative
ia jm3a 3lah mahbtetchy l 7al9a el5ra 3al youtube,positive
habrou l7al9a l5ra walh n7eb netfarj fiha bras omkom hqbtouha,positive
wini l épisode positivepositive fel youtube,positive
wini 7al9a positivepositive zah,negative
w kifeeeh hadii talyaaa wela,positive
tet9ou7bou wa9teh thbtou el 7al9a fe youtube,negative
hadi lhal9a l akhira,positive
makanch épisode ,positive
i5i hadi a5ir 7al9a,positive
weni l 7al9a le5ra la nikek,negative
din omkom habtou l7al9a l5raa,negative
win rahi là partie positive2,positive
bonne contuntaion awled moufida,positive
el 7al9a positivepositivewin,positive
a5er ep hadhi is this the last episode please tell me anyone,positive
non mais je ne trouve pas l épisode positivepositive aujourd hui à croire qu il ne l ont pas mis,positive
ouarda brass ommek a7hki bil tounsi or english please,positive
no it s not the last episode strangely the last episode it is not put today you understand,positive
ouarda allah yar7am weldik,positive
7al9a mte3 lyouma chbeha mahbtetech awled moufida s04 episode positivepositive partie 0positive,positive
haw bayen si sami l fehri yo9roblek es2lou inty,positive
wini l ep,positive
aleh ltaxa mahabtit l7al9a,positive
chbohom ma habtouch 7al9it lyou,positive
sami 9al demain tahbet,positive
wini e5ir 7al9a,positive
ey w mba3ed ymout wala bagla lih,negative
win rahi episode positivepositive,positive
diamond ma7abuch yhabtuha,positive
pk positivepositive hia lekhra,positive
diamond psq 9alék nhabtuha dmpositive,positive
ep positivepositive winy,positive
chelwa9 yebda el hal9a,positive
on veut la dernière épisode,positive
ye5i ltwa la habatou el épisode,positive
hal9a li baadeha mahabtetch,positive
man3rf 3lesh 7aba ntfrjha,positive
cha hinez zah hata ena,negative
ma7abouch y7outha 7al9a positivepositive 5ader goudwa bach y3awdouha fe talfza mass9othom,negative
3la 9dach y3awdouha,positive
ye5i echbehom mazzelou mahabtouch el7al9a,negative
ye5i wini l7al9a le5ra,positive
ti wini il 7al9a chbihom mahabtohech,negative
weni 7al9t lyouma wela wa9teh tet3awed,positive
nikou dislike lel saison lkoll n eppositivepositive,negative
administrateur ya miboun ya drogué rab waldik il est minuit w taw nestanaw tfouhh alik w 3ali i5adim fik,negative
rah yel3eb lyoum wela la,positive
nikou dislike lel saison lkoll,negative
nikou dislike lel saison lkoll,negative
nikou dislike lel saison lkoll,negative
qdehh m en 7alqaa esnee yekhyy,positive
svp boyocttez cette chaine désabonnez vous elle n a aucun respect pour les gens elle nous prend pour des chiens,negative
ah bon qu est ce qu ils ton fait,positive
administrateur wine dine rabha episode wallah moi je taurais viré depuis des années administrateur incompétent nul tu n a aucun respect pour les téléspectateurs toxico omok tatla3 illi fi beli,negative
ye5i win episode,positive
nikelu dislike lel episodes lkoll asba lih miboun,negative
chris wolf hhhhh eyeh nlawej aliha bech naamelha dislike,negative
wini l 7al9a positivepositive ya mnaykin hao bech nebda nsarfeg feha bel kaff kol 3la b3adh ha,negative
nektlu lkoll dislike ena,negative
thnx bravo,positive
wini el 7el9a positivepositive,positive
fammech si semi yt9o7b na3ndinrabbu nikoulu dislike lel épisodes lkoll w yeddu,negative
hhhh ena wrajli lezemna nguat3oo hhhhhh,positive
ma femmech na3ldin rab semi el fehri w rab rabbu,negative
fi zokk semi l9a7ba,negative
mahom mobben,negative
thnx mfhmtch kho ana algerieen mfhmtch wach 9oltli,positive
wini l7al9a ta3 lyoum,positive
winou awled moufida ep positivepositive,positive
bayrem mettttt,negative
ti yedddeeeeeeeekfih inti wayeh ya zeby tebki yarrak tebki ala sa3dik,negative
sa3dek enty w wa3dek ya ham tafi ro7ek ti bara mout,negative
administrateur miboun koul 3am ikafarna dine rab waldihhh,negative
asba lih nekt dislike lel saison lkoll dirrabhom,negative
ep positivepositive wini,positive
lhal9aa le5raa wini,positive
mala sel3a aymen,positive
yakhi akher 7al9a,positive
désabonnez vous de cette chaine elle n a aucun respect pour les gens il est 23h39 w dine rabou administrateur n a pas encore mis l épisode fema nssé tjib rjal bich traham 3lihoum ness w fema ta7ana kifik i9alou rahma ala waldihoum,negative
asba lrabbou niklou dislike lel saison lkoll w sayeb l3asba,negative
fadat la serie wela kifah,positive
administrateur tu comprends le français il y a un épisode positivepositive ou pas dine rabak chaque année tomrojna w tkafarna un incompétent de première ça ne m étonne pas venant de cette chaine sidkoum chwirib toujours à l heure et respecte les téléspectateurs,negative
keyna 7alka positivepositive,positive
fehri tu nas aucun respect pour les téléspectateurs tes fins sont nulles,negative
wini lhal9a lekhra,positive
dine raboukoum allah la trabah dine rabwaldikoum vous nous prenez pour chiens ya wlad 9ahba je comprends pourquoi je ne veux plus rentrer au bled depuis plus de positivepositive ans mentalité d enculé,negative
vu comment tu t exprimes,positive
va rager ailleur tt sa cauz d un episode,negative
wini episode positivepositive,positive
w9teh tahbet 7al9a positivepositive rana nesenaw,positive
mouch hadhi a5er 7al9a,positive
carthage la hal9a positivepositive lakhra w mzalt mahabtetch,positive
yakhi fih ghir positivepositive nhal9a w l hal9a positivepositive mahabtatch,positive
chkoun aandou fekra wa9teh tahbet,positive
bouslama merci frer,positive
mimou oui mzal makayn walo,positive
cherni allaho a3lam,positive
mch rah yhabtoha bash ghodwa y3awdoha l7al9a 3la lhiwar ettounssi tv,positive
win din rab episode positivepositive,negative
hhhhhhhhhh wtf was that,negative
l episode positivepositive shbeha mhabtetsh,positive
wini episode positivepositive,positive
makach épisode positivepositive,positive
tfouhh ala dine waldikoum 9idech krahtt twanssa rassa kalba episode positivepositive fema oui ou non allah la trabahkoum tiers monde sami fehri n a aucun respect pour les tunisiens il les prend pour des chiens ses fins sont toujours nulles scénario zéro,negative
habtetchy lep tw,negative
winhii 7aal9aa le5raniyaa belleh,positive
robe nde mariage wela djaja mnatfa,negative
yhaaaabbel aymeeeen,positive
a7san séne fel film la9tet el 3ers hhhhh,positive
bayrem fisa3 il7imha wfisa3 mich yitnak,negative
hhhhh mla mhbola,positive
bder wbyrem fte9 mwhbhom adh7eko hhhhhhhhhh,positive
hhhhhhhhhhh 3res t7fouen hhhhhhhh,positive
bhim ya3ty feha lcode lwahh,negative
spielberg n aurait pas fait mieux mala scénario,negative
7low,positive
bravo sami fehri et loulade bel7a9e senaryou yassir bniin,positive
bravo fatehi hadewi ahsen momathel,positive
mala bader hhhhhhhh,positive
abone stp,positive
ma la rouha,positive
zina kon t3arat brk,positive
7al9a eliouma ohhh ba3ed marat el video kefeh zina 9atlet wild salou7a tawa sou2al za3ma bech twali menhom wala bech te5dem thed bayerm w zid ta5la deneya bien sur ba3ed elfar7a w a7na t3awdna a3lihom ba3ed koll far7a tsir msiba wala ba3ed koll msiba tsir far7a,negative
ya bayrem ya bayrem,positive
kifaa taw mochkell elli a5err 7al9aa lyoummmmmmmmm 9adech men 7aja bach eyfaseroha taw,negative
awled moufida ma5ibhom ki yacht7ou,negative
oueslati na7ki 3a robe ya si zebi 3ejbek wajhek nti jayebha l zboubna ale5andro,negative
amyra mtaa lhafnewi w bayrem khwet,positive
top awled moufida,positive
hhhh badr neskhaylo 3a9el cho kich yechta7,positive
belehy chneya esemha el ghoneya mte3 el mezwed ely tabda fel d9i9a 2,positive
chkoun y9oul bayram bhimmmmmmmm ydez j aime,negative
yeser fort walh,positive
bra tya efbha 8,positive
fathi lhadawi men les géants rabi barek la3rossa labssa nuisette,positive
mala mgarb3a,positive
3andi sa7ébti dima t9ouli a3tini code talifoni n9oulha lé lyoum ba3d matfarjét 3la l7al9a kalmtni w 9atli li binétna lkoul wfé ya mojrém ya 9atél larwé7 azbi né9és kén t9oli flé5ér fkrét semi lfehri,negative
touness da3aara tfouu niik matkoum yaa lihoud nghal9ou lhoudoud tmoutou bcherr,negative
lamine pablo chbi omok enta,negative
vidéo fih jarimet katel important alekher hyatou marbouta bih mkhalih fil galerie adi mynajmch ysobou fil icloud wlé ykhalih fi dossier sécurisé yaser bhema,negative
esq sah zwzo brahim ou zina f la vrai vie,positive
ghir bla39l brk rakom walitou t9awdou bzaf ltwansa hata karhou mankom wlh ghir bahdeltouna,negative
star eh 9awdilhom hata tchb3i mais bla madiri 3lam ta dzayr bach mayhsbouch nass ga3 kima nti ya mbahdelin,negative
star lah ghlab ntoma debarch mkhlou3in mandirch alik aya athlay wsmak où had la3lam mat9wdich bih 9awdi basmk,negative
ena ghadhetni ken haja kifeh khalew moufida wahadha o kharjou,positive
bhééééeeeeeeeeeeeeem,negative
jhhhhhhhh bader 9tlni dahk,positive
yawlelil lalh welfarah nha bayrem wkhy hahahahahah,positive
toujours tunesin,positive
wahdek ya fethi heddewi kfouf fi maestro kfouf fi awled moufida,positive
eni tfkret video lfi tlfno mt3o whowa video 5ater kihka mtfkroch hhhh 3lkool bo taflikom wbo tremkom,positive
d les nfkfkfik2iskkldlelllldleldn es,positive
rakzouli 3la bader,positive
zina elle me tue elle est trop drôle,positive
chatha t3a badar to9tal hhhhh,positive
chkoun ytala3 chnoi 9alelhom aymen fel d9i9a 0,positive
top bayram,positive
magnifique le feuilleton je regarde meme en france meilleur feuilleton tunisien,positive
chab3ouu sa9laaa yastahel,negative
ha o5et najla wa5yti 3leh akeka maw matlbes chy 5ir,negative
mais vraiment le fethi heddawi il a bpositive joué sn rol,positive
7al9a raw3a,positive
lkaf n7es fih fi blastou,positive
ali 3jbw berhym ytych jem,positive
surprise ta3 bayrem wahedha,positive
beras omk 9olha mat9ol le7ad,positive
mm ana kifek,positive
nrmlm ghdwa rah tkon akhir hal9a je pense fih positivepositive ep,positive
lli 3ajbto 7al9et lila ya3ml like 3,positive
ili iheb nessim ihot j adore,positive
malla 3rousa ha ha ha,positive
chbih yethaz wyet7at akeka 5o zina esghir hhhhhhh mas5fo,positive
oulef moufida is lit,positive
talifoun iphone 7 w l code yelzmou 6chiffres pas 4,positive
pas compris,negative
lay leh lalah hhhhhhhhhhhhhhhhhhh,positive
superbe,positive
el mou7amia sa7abet bayrem baz 9odwa twade3 hhhhhhh,positive
si raif y ma3lm,positive
mala weld lhaj,positive
roubt la3rousa,positive
yhabloo hhhhhhhh,positive
mala jaw le3rass,positive
j ai un faible pour la robe,negative
moi aussi,positive
belehy lemoulna l 7al9at lkol w 3adiwhomlna film nhar l 3id khyr,positive
zina sifet bgarb3a mch normal nmout aalihom laabed hedhom,positive
it s going down,negative
fl le5r msat,negative
sa7a chribetkom ness kol,positive
tik sa77a nidhal,positive
mneek lsah amnti bli houa hhhhhh,positive
nidhal saadi bravo et merci,positive
chatha où zin où wahra où tamthil super star bravo nidhal wasel,positive
brabi wini a5er 7al9a eltaw mahbter 3al youtube,positive
ti ep positive0 a5er wahda mouch 7ata ep positive4 heyyy fini ep positivepositive bel7a9 a5er wahda hadhi,positive
7ajti bik,positive
raw3a,positive
sarfa9 lkazi hhhhhhh,positive
hejer exacty yup azza slimani fashion model,positive
te7cha hhhhhhhhh,negative
msat yaser,negative
wogfat a3la moto insat alii zokha bayen kolo,negative
berjoulia chkoun 3andou noumrou el 3aweda,positive
awlad mofida machey5in kan homa xd,positive
zaaa7 9asou laa9taa wa9telli 9alhom bayrem 3andi likom surprise ma warrouch surprise chniyya malla 7ala che9aad fih lmousalsel zaa7,negative
sami fehri mch newi ykhalina lila nbetou mrtehin,negative
tunisiens,positive
normal lebset la3reousa wala,negative
bezouletha dhahret ahahahaha,negative
9adeh men 7al9a fel mousalsel,positive
5sara bech youfa lmousalsel demain,negative
hhhh la3rosa heblet,positive
sinaryou kbir fi kaminda,positive
oled mofida el 9a hhh,positive
ma7lena etwensaa kadech darbin hhh ma 3la belna betakkks n7ebek ya tunisie,positive
sabrine brabbi chma3neha dharbine dima anisma3ha c est positif ou négatif,positive
m salam darbin ya3ni l7aja li moch normal w tbanilna normal w jet fi rasna na3mlouha,positive
positivepositive223344 oui bien sur wlhmd ena wledna zwawla psq globna ndifa wnheso bba3dana,positive
el houda zahmoul wechbik enti,positive
wled moufida ya3rfou yacht7ou ma7lehom,positive
ahna netfarjou fi tele mech kifkom,positive
mknch suite wela kifzch,positive
moussa moussa 3asba lik,negative
najla ben abdallah khayefa ala moto,positive
ace hhh ma rat chay,positive
semi el fehri a son poids dans le media mais l histoire mouch 7lowa esena bqs d agressivite de crime fsed moi je vois illi howa yenejem yekddem mekhir avec les trois beaux hommes yessine nidhal et nessim il faut respcter ethowk el aam rahou dans le mois de ramadhan ana je vois illi howa fechel le senario mouch mekhdoum belgheda berraghem semi trés intelligent dab je propose qui l fera un autre style plus calme plein d art de dance d amour propre loin de cet merde de bandit qui agis,negative
khedhri v,positive
eyhhhhh ma7leha fih el far555 klee chab3a chlaba9 men 3and si raiif hhhhhhhhhhhhhhhhh,positive
schniya hiya il mufeja,positive
light sober doura al moto,positive
kr koll marra ya7schieu fih iltaua nesstana fil combat,positive
7ata l avocate chaqit lakhla,positive
miskine badr wahdou 3al moto,positive
awled moufida,positive
5sara bech youfa lmousalsel,negative
sami fihri waggif 3lihom sne hhh chbeb bourjoulia,positive
ouii,positive
ya3tik 3asba,negative
ya3tik 3asba,negative
tayara chwireb,positive
ezouz,positive
le policier mazine damou 5ittt mlayiktou rzina,negative
2702 nmala mo5rej hhhhh 5iiiiiiiiiiit nmaterkebech la7keya,negative
laima souleima gharbi,positive
zoopy ta7chelou,negative
chennouf yup gta vice city hhhhhhh,positive
billehi lyoum matfarijtich fi episode positivepositive wini,positive
hhhh oui,positive
zamil,positive
dj n4el hhhhhh,positive
ena fil 9ahwa wsa3at fi youtube,positive
bpositive sûr,positive
moi ya tunisiya,positive
moi aoussi kan fel youtobe,positive
ena netfarej fi 5 mousalsalet fellila 3la youtube,positive
eccomi romdhankom mabrouk,positive
chouf omk wala o5tk,positive
dima fin soirée sur youtube,positive
ana manetfarej kane fi youtoub,positive
ena men italia,positive
dj n4el ena,positive
twati mafamch zab lawjt chay,negative
oussamoussam eyh ena zeda kifek,positive
yekhi wfe,positive
wllah ana kifak maser,positive
hh aziztii nt3rfo,positive
hh ey hw déja 9a3d ntfarj,positive
bkollna je crois,positive
wlh kifek,positive
bravo,positive
mellinet eli lebs ha we chkli hedha m2akses beyen hhhhh,positive
chnia essel3aa 9oia barcha saysou rouwehkom nyahya ljanoub tounsii,positive
hata eny wlh hhhhhhhhh,positive
chkoun ya3rf chnya l4neya ili f video,positive
nediw el hekam rali nik jel weldicom clocharat masrine,negative
mela miboune yatik hasba al la rasak clocharat,negative
abonnée svp,positive
extasy,positive
jboura w karhaa f zoooo,negative
bellehi lebes kasket hamra yahki bil krahb walahi a3a3az wahed walid bravo walid,positive
ya nari 3ala tounes,positive
kamcha mwabna 39eb sakra idourou inikou fi b3athhom,negative
mela jabri wou el mochkol twansa fer7anin bih radouh star,negative
ya denya dawara,positive
gh mana7kich 3ala hedhi 3al 8neya raydha wa9t bdew yesel fil rajel ili lebes lunnete,positive
manyek 3os bouh hal sa7afi,negative
y a weldi ezha m en ghadi mouche m en hna jemla,positive
hahahahahahahha yetripi,positive
malla hala ou barra tounes ken lefssed,negative
kifek behi 7aka,positive
bravo quel professionnellisme bouzidi tu fais toujours que de la merde tu devrais mettre ta carte de journaliste dans les toilettes et tirer la chasse d eau une bonne fois pour toute ntu es la honte des journalistes tunisien,positive
hahahahahahahahah nella kertha,positive
mala ka3ba,positive
ma7lehom ahl l janoub ahl tiba wel karam 3afawyin brsha,positive
sa7bi 7dhart enty choft les groupe italian w francais méla ched babouchtek,positive
samir le sa7by enti msattek barcha el message elli ktebtou ena mawselch l mo5ek idiot,negative
w l message elli mafhemtouch ya si l bhim c est l bolden el 3arabia mta3 zebbi la 5wet w la zebb l 3oud 7atta houma des étrangers kif kif,negative
ken mawalech meme mnjich nchouf x3,positive
lagmi ahla w a9wa jaw w arkass charab jerb ta3mal mohawlatt tayaran deja byen fi garom lagmi,positive
taw inta rajel,negative
hhhhhhhhhhhhhhhhh saha wlh jaw 3alami,positive
nass el janoub a7san nass,positive
blhy bara naik,negative
sarrah rajel aamel namoussa w yheb yetfarhed maaneha mch rajel mala takhalof,negative
sarrah namoussa kelma tounseya mafhouma w ness lkol taarefha w ken howa mch rajel khater yheb yetfarhed menghir mankaml nahki maak,negative
m axes hhhhh,positive
t9oul debut video porn,negative
l abus d alcool est dangereux pour la santé,positive
new music real talk by chaher rozay nhttps,positive
bravo haw s hyh mafamsh ma andhef mn ahll lwasat w ahl janoub w kolna twensa w maghyr jyhawiyet w tnoufy9 bel feragh,positive
cha3b el wiouuu hhh,positive
walah win na9la9 nji netfarej fih yo9relni b dho7ek,positive
mawathi3koum k zibi w ily msawrinhoum anyik minkoum,negative
nik omk,negative
w kifech yji hedha,positive
chnoua meyt,positive
bien,positive
a7la jaw wi mayklmek 7ad,positive
manghadi,positive
5rit fih yaser,negative
mala kertha fey9 brou7ou chyaamel,positive
hhhhhhhhhhhhhhhhhhhhh ayayaya 7lili na 3ala rouhi hhhhhh,positive
meme source,positive
hhh barcha chikha,positive
hhhhhh akther mil zhe mil ghadi wiou,positive
ricardo milos,positive
ricardo milos,positive
wlhi ma7lehoum louled chaykhin w 9a3da nethifa sa7a likoum jma3et touzer el koll,positive
eli maya3rach touzeur ma3raf chay fedenya alors la akhtawkom metanbir weli a7la men touzeur nesha bien sur,positive
ya zebi mala mahboul mta3 hya ti7 w ena ngala3ha,negative
hhhhhhhhh melde ka3ba heey heyyy,positive
el memes ya baba,positive
ya farhet ommek biik hhhhhh exta aamla fihom,positive
yetlammit kil 9a7ba nmamsit smeh,negative
exta chta3mel fel 3bed,negative
si w5ayna nayekha bel 7alwa hhhh,negative
mala barnamej mab9ito lan ta7cho fih ou tchawho fi souret el 3bad,negative
mas9tou modhi3 positive positive 9deh tji mala mo5tawa i9zem fi libiya,negative
esayed eli y9olhom positive positive 9adeh yelzem yarbtouh fi dos d anne w yet3adew 3lih b trax,negative
moudhi3 behi w rajel w yittcharraf bil janoub hedheka 3lech n9addrek birraghm milli 3milt m3aya faza mtee3 so9ta,positive
c est quoi sais drogué là,negative
vraiment ken 9rit français khir meli lehi bghirek ya bhim,negative
mohamed sghaier hahahaha fasa3 sweye3 el français lehi bel 3bed,negative
sghaier va travailler a l école après viens discuter sur la langue française avec moi vraiment toi aussi t ai un jabri comme eux,negative
velodrome tu france bien toi,positive
oussema j étais a l école a tunis comme tout les tunisiens et je sais parler le français c est notre 2 ème langue en tunisie,positive
walh akbr jabri howa inta ya mnyek tfouh 3la zok omkk 3aychin 3la za3kt omkk,negative
wakher ltéli 300 km bech yaayet ala zebi wehed maaked yaatikom aasba kad ma fama rmal f sahra,negative
hhh feyda fi lunette,positive
nheb ngoul kelma le nes eli tseb ou tgoul 3asba yarah fi sorm omk en kanet 7aya wela mita fi jabana 5it 3lik ya mwabna,negative
rajel chaya5 ou la3bed etnaber b7el tbi3oulah feha che5a wela sarfin 3leh men jyoubkom emchewo 3esou 3la 9a7abkom 5er men t3esou 3la la3bed cha3eb mou5ou 7achiholo,negative
hhhhh wallh m3alm,positive
l animateur 9adecho mech rajell mssayeb festival kol wyssawer f wehed meskine mgala3 tefdha7 fadh7ou hakekaa,negative
ouais,positive
ylawej ala el buzz,positive
louled a3emlouli abones ena jridi w ta7ya touzer w moulares,positive
omk akber frera,negative
mala jaw mdrrrrrrrrr,positive
extasy positive00000,positive
yatikom asba,negative
saha chribetkom,positive
la meilleure série de lèvres de toute ma vie mercy,positive
za7 mabhmou,negative
awled ammouss hhhh,positive
ben cheikh hhhhhh hlouwa menek sahbi,positive
ben cheikh awled thomasturbat ezgvshdjid hhhhh,positive
yonnnn wahida dridii allah ybarik to9til jat,positive
hahahahahh eyy riit,positive
wenty chihemk f jed waldiha mahou tetfrjch ken mesh aajbek,negative
saguer yekhi nty chemdakhel oss omek wala felah ken fl saben ena kolt ken mesh ajebkom tetfarjoush sehla lahkeya hiya l kolha tetfarej ô baad tnaber ken telhitou bli kaadin yesrkou fl bled khir mel hkeyet l ferkha,negative
enty aabed mesh métrobi awel hkeya ena aandi ken l bouasba aandish khwet bnet theni haja besh tetlaa okhtek ô bara esel omek ô zid ena kolt éli mesh aajbou yetcarjsh mesh tetfarej ô baad tji tseb khater l saben ydol ken éli nty jabri ô metkhalef ô ken telhit b hkeyet aham men tofla rak felah,negative
ghir badr maskin,negative
khawla boudraa bayn ajbk badr,positive
ijibou jounta,positive
même na,positive
mamstou w mamsat tamthilou 5iiit,negative
9wiya yéser haha,positive
good houma déjà 9alou fih positivepositive 7al9a donc normalement lyoum e5er 7al9a,positive
nini ms normalment y7otoha 7al9at lyoum,positive
hekom 7adhrin 7ata fi 3ers 3alaa,positive
hahahahhahahahahahaj,positive
TRUE,positive
hhh walh hattena,positive
hay ep positive4,positive
yekhi wfe el mosalsel,positive
le policier j en peux plus je veux qull dégage,negative
bravoo,positive
awled moufida bien sur,positive
les deux,positive
les 2 yhablo,positive
fi zouj,positive
t7eb wled le7ram hhhh,positive
hamza le ama awled moufida tayer tiran 3le le5er,positive
awlad l 7lal 9awi,positive
les duex,positive
queen hhh dhamra,positive
iyugcuh iig 6euros a un enfant de l algérie les vêtements de la robe car je suis intéressée par les photos demain kgib de l algérie les vêtements qui me plaisent le monde du voyage et on a déjà trouvé un échange avec le même en noir taille de la robe car je voudrais bien la voir porté parceque je compte la mettre comme par exemple vente maison à la place du voyage et on a déjà fait en tunisie ça va être chaud de la robe car je voudrais bien prendre le même en 4rue villon de y avait une photo du derrière des chaussures 5rue villon de 9rue et de la robe car je voudrais bien la voir car y avait une photo du travail de l escalator le même en noir taille du travail et de la robe car je voudrais bien la voir porté parceque je suis nouvelle sur le site,positive
l or6 et je sais pas combien les vêtements qui me plaisent le monde du travail et de la robe car je ne peux pas prendre tout le monde du travail et de la robe car je voudrais bien prendre le monde du travail de l escalator le même en noir taille de la robe car je voudrais bien prendre le monde du travail et de 4ans à l escalator le même en noir de l escalator le même en noir taille de la robe car je voudrais bien prendre le monde du voyage et on a déjà fait,positive
ritadj hedi heja beyna,positive
tooooooop,positive
wlad lahlal,positive
j adore wlad lhlal net wlad moufida aussi,positive
cho bader kifeh yechtah,positive
bnat khalthom wynom,positive
awled moufida awled lehlel,positive
awled la7lal 3,positive
bayrem mahlehh o barhoum,positive
ye sami ye miboun 9oul sa7bek 3zdin mneyek hani ewel we7ed 7atetlek jem weli wraya ynik jemm,negative
ya3tek namm,negative
sober yarah fi mnefsek namm ye weled el 97ba,negative
s3ib sami ommak neekha,negative
sober nik omk ya 9tous semi lfehri nik omk w omou kemcha jboura mte3 zebi,negative
moclcl nobat,positive
3aloli barbi rawach,positive
wwaw,positive
a9wa music,positive
fi montreal,positive
j adore,positive
famma 2ème partie nchallah ramdhan ejjey rabbi ya7yina w ya7yikom 3la 5ir,positive
3le chnowa ya7ki brabi,positive
allah ysamhou bouchnek hayerli,positive
aalech mayetcharjech el vidéo,positive
yes tayara mousalsal,positive
tooooop top 3am sala7,positive
je suis ivoirien j adore cette musique jour et nuit galouli rawah barrani,positive
c est la musique traditionnelle tunisienne,positive
ok vraiment ces adorable vivre encore la tunisie,positive
soyez le bienvenu,positive
jdidi merci frère on est ensemble,positive
bienvenue frère,positive
oran nhbkom barchaaaa,positive
bouchnak eli khaleh bouh kamlou howa,positive
nabila taouas f,positive
bilel briki bravo yesser tayara wild mellassine,positive
skander awinimersani weld homtik un bon acteur bravo,positive
ana min generation 80 vraiment 3malilna wild bouchne9 tbarbicha lil souvenirs w 7ayarilna lmoweja3 lkol braavoooo,positive
tt simplement nik om ommek bnatna ma tal9ahomchi fil 3alem ou kan ou5tek 9a7ba hadika 7kaya o5ra,negative
nik omikkk nsaa twansa arjill menik ya zamel,negative
m3allem bouchne9,positive
nhebou,positive
nouba,positive
bouchnak ya m3alem rak habltna 3maltlna nouba fi m5a5na,positive
bilél briki,positive
ihablouuuuuuuuuuuuuuuu,positive
montage tayara g j,positive
aziz jbeli momathel tayara bravooo,positive
a3az m9salsal romthan sne tunisie positive00 bravo mn a9wa mokhrjin walah chalah dima tb9a haka mtbalbazch kima lba9in,positive
hamdi hhhhhh,positive
tounsi 3leh tati7 le9dar tw naarfouk 9bi7 ama 9ader rak rajl,negative
vraiment 3atik sa7a,positive
migalou much nrml,positive
5retou fyyyh wlhhh,negative
bassem 3ijbtou la7bela hhhh,positive
douche,positive
nssme,positive
yessir killit i7tiram parfinti dawichiti 3leh ekhi karim maadouch bouh,negative
karim chad talifoun bel ma9loub,positive
you can watch it alone,positive
tfoouuuuuh 3likom f3adt ken tounis fiddomar bsaraha lezemkom 20 ans jayech,negative
ay errjel illi bech tharer la3rab ya3ti 3za lidinya,negative
7ram mahech mta3 3ila jemla nhebou nhar 3 nasahrouy ena we rajli w weldi 3ib 3likom haka rahou fotou el 5at la7mar rahou ena benesba liya 0 0 3ib 3ib 3ib,negative
aboonnnnné f chaine mte3yy jddiiiida hna taarjaaalk bl wa9t,positive
msata safi ala ouelhom winek ya naoufel nari ala sami ken patron sbah lamem el homeg el kol,negative
mouch normal,positive
migalo mamstou,negative
ma5yeb zok om weldih el manfou5 lebes bel asfer kifech yaamel ezabi m5alsinou bech yenfa5 rou7ou ou yet8aswer episode kemla chimout rabek,negative
jasser q'qlq,positive
vremen formidable,positive
cool,positive
malla 9illet la7yee keen l5maaaj,negative
viv algiri,positive
3asba likom men 3nd weld bldkom ya ta7ana ya kleb sami ya masi5 ya fro5 zale,negative
niveau bas,positive
hhhhh karim 9ema,positive
le bsara7a hne 3awroulha chay,negative
mskin ili i3arse b3 insaaaa hhhhhhhhb rabi maah,positive
bardana,positive
mafhemtihach,positive
mnassri seif,positive
hâta ehna nhbkon brcha,positive
hata nihna o5ti,positive
nihna itwansa,positive
7ebik allah 8aliya,positive
hahaaaaaaaaaaa,positive
mala ka3ba karim,positive
choufou e jaw,positive
hahahahahhahahahahahahahhahahahahahahahahahahhahahahahahahahahhahahahahahahahahahahahahahahhahahahahahahahahahahahahahahahahah,positive
ouuh bech ytaaya7 youssef,negative
bravo malla jaw ya3tihom issaha,positive
barnamij tafih alkomidia ba3ida 3ankom bo3da asamaa 3ala ard,negative
migalo chbik w5ay hhhhhhh,positive
fazet il tamthil le9demi ser9inha men 5anchour,negative
migalo 7san,positive
hhh ces vrai,positive
harfi n,positive
ya faysal wouhhh wouuuuuuh mamstik yaaaaaaa wkhaya rak maset w jabri w mataaarfch tahki ezah had lakalhelik ngrave rak ya malllam mad wejheik w tetmosit ezah normal hakika metetfaraj ala rouhik baadika,negative
wallahi twensaa we3riin bezef bezef tahya touness men magrib,positive
hahh karim mch normal,positive
mla9iit hh,positive
nissrine nissrine,positive
j'ai adoré merci beaucoup,positive
m9awdin twansaaa from algeria,positive
ki mahoumch 3ajbink matitfarjich fehom,negative
rabi,positive
chaîne jdida chway tachji3,positive
berabiii eli mech 3jebhomm ma8er mattetfarrjjj zabiiiiiiiii yezikommm mel7kayatt el farr8a keli entom mat7kouch kelam 5ayb wala matsm3ouch kelam 5aybbb,negative
ariena,positive
chbik ya migalo,negative
migalou bardane,positive
lazemo yrj3lo lotfi yaafra7 bihh hhh,positive
kn mathl bacem fi3odh karim 5iir,positive
hhhhhhhh kib s3oudhom,negative
a3mel abonné,positive
elfeyda behya lbayra kifek inti ken jeeee 3andek rajel raki megultich heleklem,negative
lotf y'a rabi alah yosterna mnkom y'a 3laya,positive
belehi mara emchi,negative
abjahrabi ta3mlou mzaya saybou zboubna rana fedina menkoum ya5i metefehmouch rwa7kom chbikoum emkabchin lin masetouha ma3ajboukomch baremejna 7ed ma9alelkoum tfarjou a3lihom besif chadou bladkoum w abe3douna bark,negative
opppppp choha ø lafdiha,negative
mala mawthou3 nes weslat lil gamra aw nes,negative
tfouh 3lik ya 5amej ya karim,negative
bravo bravo bravo,positive
killit haya télé da3arraaaa,negative
mariem hammami q guuuuyyuug,positive
de5 irajl,positive
illi for life r lazemna neft7ou termit omek el 9ahba,negative
yes mella hmoum rit brabbi yetfarjou ywas3ou fi belhom mba3ed y3al9ou,negative
bllahi hka tamthil tfadlik bra chouf 7ta bladek fha fasdin,negative
ma9al torbitkom c trop haka,negative
bravo,positive
9adech wban ya zebi,negative
ya weld el 9ahba w mawbna,negative
ben ali,positive
hhahha chab3a dha7k,positive
bich itaya7ni ya karim,positive
migalou maset laset ya3mel diarrhé fel mokh,negative
ya 5ouya karim wa7dou fel de7k,positive
malllla msata ouuuuuuuuh mansadakhich taw brabbi hath'a sketch bich yitfarjou fil ill aylat,negative
borjoleya dhamrin ama chouya 9dar lel 3bed eli kifna enhebou edha7ek ama 9elet etorbya hedhi fel chera3 fel 9ahwa mech fel tv w zid fou9 hedha jebo aka lafram amine w el mass5a mariem wallet elhiwar positive6 3ib 3likoum,negative
rit brabi aka ill hala,negative
mamsetkom yaser msata 5sara fikom fannanine,negative
dante n nwenti e7tarem rou7ek maw jard commentaire heka,negative
ken wizitou mittmakair ken khir rakom challakto rakom massatto kol chei wikhrito fih ithouh alikom ekol ma titrabbewich zeid nalbokom el kelb itfouh,negative
ya klab o5ra,negative
ya klab,negative
walah late7chmouha ya klab,negative
hhhhh karim mnayeeq,positive
gasmi l sidkom eli 9rib kif t9oulou issmou tektbou radhiya ellah 3anhou hahahahahaah,negative
awel ra2is yched bel intikhabet howa beji o migalou 5 snin yetmanyek aalih o aamelhom fazet lkol maah o omri le ritt wehed 7al fomou ama tawa fi awel mara yetjbed el allha mte3kom tkalmtou lkol ana makheb 9ais sa3id men tour loul o mo9tana3 bih ama man9adeslouch o cha3eb keml aandou ha9 y9oul fih eli yheb,positive
lwabna cherrbinha m'en 3and 3arefhom sbe7 wlil rajell mafamech,negative
ya3tikom 3asba,negative
samix maadsh barsha al mornagia nabar kima theb,negative
masta lasta,negative
5iiiiit 3likom,negative
userya sa7bi rahi tfedlikaaa,positive
user mon ami meme dans les pays dimocratique ya3 mlou les gunyoles,positive
mon ami rahou migalou howa illi tala kais said ken dima y9aled fihh,positive
na3let allah 3likom ya kloucharat ya ta7ana,negative
tfedlik ya sa7bi rahou chnowa el mochkla,positive
user en plus hak el cmnt mte3ek dort 3matlou coller fel blayes el kol nbellehy 9adech i5alsou fik sa7bi,negative
zeyda,negative
mamstkom tfooooh,negative
eyy khir khali nertehou menkom twaliew jraba safi,negative
nik omkom we7id we7id w nik om 7oriyet ta3bir itha haka,negative
tfedlika rahi mono mina,positive
ya3tikom 3asbbaa yeziou bke tkarkir rou2sekom wa3mlou 9ima lerwa7naa ye zebi,negative
tres mauvaise,negative
masta barcha la79i9a 7awelt nadh7ak chay,negative
nchlha tkoun 3ajbtkom la7l9a 3,positive
bravo migalo positive positive positive,positive
chenia haremtou ena9ed zeda,negative
msata wewabna,negative
tfadlika behia normal,positive
ma3net'ha kharya kbira,negative
maste yesre lebleda werkeka eveka feche ze3ame mouche men3e menkoume 7ade 5ite,negative
mansouri ti le berrasmi ken serveur,positive
kais kais kais said said said,positive
sami lfehri ya9tara7 w y9oul w 9titisetou ynafdhou w ljomhour betbi3tou yo5los dima ysafa9 hhh hawka 9alouha a7na maarek vraiment,negative
aka yel3b akajouet,positive
karim vraiment flopppppp nm3aech kima konte yesser bleda b 9ellte 7yé,negative
0positive ethletha dwal elli 9olthom essyessa mte3hom 3al 7iiit w enti makech kifhom fi chay huma yet9o7bou za3ma za3ma yabta ken traja3 7aja men frança kif tounes twalli 3andha seyada tnajem t9oulou el klem heka,negative
tfouuh 3la zok omkm,negative
tawa echnow hedya sketch ya3tik 3asba,negative
hachem gaddouch,positive
ta7in fe5ir,negative
ta7an 3la rou7ik jibt 7aja min 3andi hhhhh,negative
ya tahan,negative
jemai saha ta7an hhhhhhh,negative
3gebni,positive
this is fucking funny,positive
bedda,positive
ahla sketch fi 7ayati,positive
lfkir,positive
ahla tahiya l'omor jedia nhabkom kaml bezzzzzaf,positive
mahleh el sketch,positive
taw ta5ra fih,negative
malek,positive
karim w bassem nhebkom barcha barcha,positive
migaloooou lma3alm,positive
walad halal26,positive
khsani darha fi dz wilo ysibo fih wtyholo whna ydhko,positive
hhhhhhhhh yo9tlou bidhahk,positive
tehchmouch,negative
bassam,positive
toooooôoooooop,positive
haaha zh wlh maalimya bravo maatich najim bil dhohik,positive
karim nmout 3lik dima netfareg fik,positive
karimmm mouch nourmallllllllll,positive
france 24 ncom,positive
hhhhhhhh meganouu rak tooop tahiya lkarim w basem w faysel min alger,positive
hhhhhhhhhh chab3aaa dahkkk yakhi karim iu yakhi migalooo rakom tooop et crt karim nmot 3lih masabni zawjtek karoma,positive
topppp,positive
j'adore bassam,positive
aman sout migalou,positive
haha,positive
h raahi chkraatk yaa7maar chkon khir mnak,positive
hhhhhhhhhhhhh moula biti ja hh,positive
hic j'y peux ú cb tech chut,positive
lkdlhllkdlleillul,positive
migalo hhhhhhhhh,positive
entii li dahka ya9hbaa y5ii 3lach thkii 3la dzayer hkaa klitunaa,negative
qodhhd sl'dj slejb,positive
chkon mazal ychof fih w hna f 20positive9,positive
min mn dz,positive
achekr yarj3lk akid,positive
c vrai yda7ko mi matnjmch tfarej en families 3ayb wlh,negative
aminne,positive
tnékat tunnis,negative
farah,positive
illi7b rabbi like,positive
ena birjouliya y3jbouni wn7eb nitfarj fehom,positive
ni vu,positive
mistawayet,negative
yazel mallek même ana hhhhhhh,positive
wllh bedmou3 hhhhhh,positive
choufou 5,positive
thablououou,positive
bera nyek ya menana,negative
t9aren fi rabye b weld 3watef hhhhhhhh,positive
wiiouuuuu,positive
wiou,positive
wiouuu,positive
wiiwoooo,positive
wiiiiiw,positive
wiiiouw,positive
groupe l wiouww hné,positive
ma9tla dhohk yazebi,positive
wiiiou,positive
wiouuu from london,positive
wwwwwoooooooooouuuuuuhhhhhhh 3la zebi,negative
c'est pas bien d insulter les gens mr,negative
wiioouuww,positive
merci chaab el wiou et hedi zaiem,positive
wala chrab fokhra hhhhh,positive
tbatl chrab twali sahbi,positive
il est libre wiouuuuuuu,positive
tahya l wiwwwww jemla nwiiiwwwww,positive
wiiiiw wooh 3la zebi,negative
yaaaa m3alllm wiiiiiiiiiiw,positive
m3alem,positive
wwwwwwiiiiiiiiiiw wwwwwwiiiiiiiiiiw wwwwwwiiiiiiiiiiw wwwwwwiiiiiiiiiiw wwwwwwiiiiiiiiiiw wwwwwwiiiiiiiiiiw wwwwwwiiiiiiiiiiw wwwwwwiiiiiiiiiiw wwwwwwiiiiiiiiiiw wwwwwwiiiiiiiiiiw wwwwwwiiiiiiiiiiw wwwwwwiiiiiiiiiiw wwwwwwiiiiiiiiiiw wwwwwwiiiiiiiiiiw wwwwwwiiiiiiiiiiw wwwwwwiiiiiiiiiiw wwwwwwiiiiiiiiiiw wwwwwwiiiiiiiiiiw wwwwwwiiiiiiiiiiw wwwwwwiiiiiiiiiiw wwwwwwiiiiiiiiiiw wwwwwwiiiiiiiiiiw wwwwwwiiiiiiiiiiw wwwwwwiiiiiiiiiiw wwwwwwiiiiiiiiiiw 3 a zebi,positive
barbirou 9alek esma3ni,positive
omek 7outhla ya menana,negative
c est un très grand homme il dit tout haut ce que pense les gens tout bas sans filtres ni rien,positive
wiou nrabye,positive
bera nyek ya menana,negative
der hat ja richtig was in der birne ken ynakes chwaya min klem zeyed würde uch den feiern,positive
hahahahahhhha,positive
yaatkasba,negative
wiou,positive
wiiiiiiiwwwwwww,positive
wiiiiiiiiiiw,positive
rabiii ya maalam,positive
wiiiw,positive
wiiiiw,positive
il ressemble à joël de dimanche tt est permis,positive
des bon question bravo les deux,positive
wiiiou 3,positive
wiou,positive
wiou ala zeby,positive
zaggma wiouuuuuu,positive
wiouuuuu,positive
nheboukk ya rabye wiiiiwww,positive
la personnalité qui parle,positive
bravo interview tayara yasser,positive
le grand,positive
m3alem,positive
groupe lwiou inik lkol,positive
m3alem ya rabi3,positive
sa7a arbi3 wlahi 5oya enti,positive
wiiiiiiiw 3le zebii,positive
chaab lwiiouuuuw winhoom ibenou hnaaa,positive
il est bien dommage l'alcool bezehfff wa de temps en temps kouffrrrr sinon o top,negative
wiiiiiiiiiiiiiiiouuu,positive
wiou,positive
wlh ahsen mafamma nwiiiiiiiioouuuuuuu nrabbie i5allik rabi3,positive
wiouuuu,positive
normale thotou hal miboun fl telebsa wehed 9bi7 w mnayek,positive
bara nayek chkuun y zeby entyy chbyy baba chyoujaa fyyk wiiwou aala zeby,negative
abdou hanafi wiwou 3ala zebek tahrouhulk yeser maw 9sayer ha nammi chemda5el sahbi fl lahkeya ahh,negative
eli men groupe el wiou ynik j aime wiiiiou 3ala zebiij,positive
qaesar yatek 3asba,negative
aaa c'est pas bien d insulter les gens,negative
aaa yatekk zeb alaa dhbabtek ya mnayek,negative
nanou nanou c est pas bien tasm3 klem wehed 3aml feha mahboul mayehchemch 3ala nammou,negative
en esprit 3ala tremik nchallh,negative
hajahabaau aaa 3asba t3aseblek w zebi rateblek w bara nik omek el 9a7ba,negative
aaa j'avais regardé une vidéo de lui dès que j'ai entendu qu il disait des gromos j'ai arrêté la vidéo et je ne les ai plus regardé,negative
ye5i mezel groupe el wiw 3al fb,positive
football tv oui groupe jdid,positive
wiiiiiiiiiiiiiiiiou 3,positive
eyh w mba3d,positive
ti houwa 9al awel 7aja na3mlha ki nousel l tounes nbouss rass el welda,positive
pearl positive0,positive
ey fi positive7,positive
tbarkallah 3lik kifech chla9t beha,positive
o u m a y a hahahaha mela nalaabouu,positive
hhhh ey wathaa7 kan noshaa ahayka fel a5ther,positive
bel chikh officiel hahaha ouii,positive
maaa,positive
bel chikh officiel,positive
wiouw,positive
wiwo,positive
ou iniko ichlyik illi kifik barcha i5ra imta3 zibbi,negative
sahit y jabria,positive
bari nik omok nebli bou 3asba,positive
la maladie de gilles de la tourette ou syndrome de gilles de la tourette est un trouble neurologique,negative
ya weldi azber insen ritou nwiouûuuu,positive
il est libre chaab el wiou nik j'aime,positive
btbi3etna sla3 ki zebbi,negative
dalel sa7bi ennikou j'aime wiiiiou,positive
wiouuu,positive
wiou aala zebi men paris,positive
wiou,positive
wiiiw,positive
wiouuuuuuuuu,positive
je taime naan din zbi 3,positive
wiiiiiouw men dzayer,positive
wiouuiuii,positive
ya rabi3 ey makoltenech kifech bouk endou flous ya3ni aban an jad wala bouk methayel samhni ya khouya,negative
kifh methayel dhhrli lkolna naarfo aghleb ajdedna ta9ahom aanndhom rez9 w msali 3annibi 9bal kil haja laadia tawa denia ghlet w bara,negative
wiouuu,positive
wiouuuuu,positive
hhhhhhhhhhh mala sel3a,positive
bravo rabii tu nous a dévoilé ton autre bon côté,positive
wiouuuuuuuuu,positive
wiooouuw,positive
il est libre wiiiiiiou libre comme le vent,positive
hedi zaiem d5al lil térikh,positive
rabiiii3 3 3 3,positive
bourjoulia 3indou baguage kbir w bayen fih weld ghorba w karraka,positive
un vrai artiste,positive
saha rabye interview hayel,positive
maalem rabi,positive
il est pas mal surtout can il parle de la civilisation est la différence entre nous et les autres,positive
wiouww,positive
wahdek y a wiou,positive
mridh,negative
rabye nwiwo alé zebi,positive
wiou,positive
wie kann man so dumm sein alter der typ ist echt eine kaniste bidooooun lol,positive
wiwwww,positive
a7sen insen fil 3alim wioooow,positive
wie heißt er denn,positive
bidoun,negative
der kerl ist auch ne kaniste,positive
wwiiiiiiw,positive
kima 9lo il 3asafir 3ala chklih ta93o,negative
lwa7id li fhem lwadh3 fi tounes,positive
a3imlilha dharba wiiiiiiiouw aya rabiii3,positive
wiouuu rabek,negative
bera nyek ya menana,negative
wiiiw,positive
rabye labes 3lih rabye ta5ralou fih y,positive
rabi3 lebes 3lih wiow ina3nnn din zebiii,positive
andek 7a9 elena,positive
wiou,positive
hahhahahhahahahaha,positive
wiiiiiiiww,positive
sada9ni khyr w azber mn ay zok om fartass cheded el solta wala ay wehed mnayek sabou w 9al aalih vulgaire essayed 9ari w cultivé aalekher w yaadi f des msg serieux b façon tdha7ek w atheka aalech 7abineeh w ken jee aandou authoritée raw 9faz biha touns khatr berrasmi thess aandou patriotisme w kessa7 barcha fi mokhou w benesba l ay wehed sabou wala 9al aalih mahboul houma jme3et lmedia wl politique juste khatr aandou chaabia kbira w ness lkol yhebouh howa w yfedou mn zok omhom houma npeace,positive
wiiiiiou,positive
mahelkkk ye zebiii taw 3jebtnii,positive
wiiiiwo,positive
zidou roddouh legend hetha,negative
deja legend houwa,positive
respekt aus deutschland,positive
c vrai bon concltion,positive
hhhhhhhh na3zok omk w omouuuu l9a7ba,negative
rabyee 3,positive
un grand respect pour cet homme,positive
bjeh rabi bara emchi ati triha l termtek,negative
sidik rabye,positive
bara 3asba 3la wejhek,negative
respect rabye,positive
wiouuu,positive
wiouwwwww,positive
mzlet omek ya menana,negative
chouchane sihem y a pas de comparaison entre les deux,positive
a7la rabia,positive
bera nyek ya menana,negative
manena hhhh,positive
rabie putin,negative
wiouuu,positive
walah nchallah 3a9litek yefhmouha hala3bad elmet7ajra,positive
wiiiiw,positive
wiouuuuuu,positive
les gens pense qu'il est un débil mental car son langage est un peu vulgaire mais c pas vrai ça wlh c un homme qui a un bon cœur w mitha9ef w 3andou fi mo5ou khir mi ta7ana aka siyéssiyin te3 zeby houwa jalel brick nmout 3lehom w na3in zok om li yakrahom,positive
sayb lsouri lmalih,positive
w niktelek bouk enty zeda barra imchy nayek frou5 te3 zeby n9ary zok omk ena,negative
ahmed chkoun malih enty keni ghlot fi zok om kilma 9oltha trah sala7 lzeby makenich barra imchy nayek la yizzi jahil w la yizzi tnaber rou7 3asba,negative
rabye y m3alem,positive
rabi3 t es une source d'inspiration ma7lék sa7bi w ma7la 9albék 3,positive
y3tikom 3asba cha3b lmanena ntouma wiw inik lkol,negative
hhhhhhhh wiiiiwoooo,positive
wiouuuuuuuuuuuuuuuuuuuuuuuuuuuuuuuuuuuuuuuuuuuuuuuuuuuuuuuuuuuuuuuuuuuuuuuuuuuuuuuuuuuuuuuuuuuuuuuuuuuuuuuuuuuuuuuuuuuuuuuuuuuuuuuuuuuuuuuuuuuuuuuuuuuuuuuuuuuuuuuuuuuuuuuuuuuuuuu,positive
wiwww,positive
wiouu,positive
stop making idiots famous,negative
hahhahahahahha,positive
men qbal maarouf yakrah moncef,positive
besrour hhhhh ghasloulek mokhek nés lkol t7ebou chokri yamin ou yasar konchi el irhabin yakrhouh,negative
3andou el 7a9 ki 9al a7na cha3b psychologue et on juge trop wenti 5ayr dalil ya kamel,negative
wiiiiiiiiiw nrabi3 ya m3alem,positive
aya wiiiiiiiiiiiiiiiiiiiiiiiiiou 3,negative
wiiiiou,positive
el faneen rabii boudeen yee m3aleem nikelhoom zok omhom eraa5 leee,positive
wiouuuuuu,positive
raw3a hhhhh wiou,positive
ya manena ya3tek 3asba,negative
ya lamia barra naiiek,negative
sbaici barra naiek si tu veux pas rabi3 tu le regardes pas faudra pas juger les gens manather,negative
t7ess ken nsé ysebou fih hhhhhhhhhh met5alfin,negative
franchement il est loin de toi dans toutes les niveaux,negative
wiiiiiouu,positive
bravoo wlh ensen sada9 may5abi chay,positive
javier anti walid el 9a7ba,negative
ti yiziw ble tal7is ya mta3 il wa3iii nkais s3ayid mouch fouk il nakid nmalou ilaa mowatin na7na inta5ibneh n n5aliw 7oriyit ta3bir ala rwa7om nya mta3 il wa3ii,negative
ya3tikom 3asba,negative
yn3n dir rabkom 9anat el wabna,negative
raaaakom 3maltou riii7aa,negative
vive kais saied,positive
yeser msata w lsataaa,negative
fack,negative
tfouh zeyed etta7an ta7an 3arfkom bech ychi5 l7abs n ma3andou win héreb,negative
ya to3asa2,negative
na3enboukom elkalb wa7ed ba3d wa7ed ya la7aset elfehri emmasi5 wlh dwah ytaych waldihm elkalb fi el7abs,negative
malllll mostwayettttttt,negative
mamsit zouk oumhoum lazem rayes ahthoum lkoul fi alhbes,negative
billah ya sa7bi 3lech t9assem fina,negative
aya belehi fech t5aref enti,negative
douma,positive
mamset zok omkom,negative
ti barra neyekkk,negative
berchaa msouutaaaa sibouh belhi rajel choufou 7aja o5ra,positive
quel manque de respect avec ben ali il oser pas faire sa maintenant quand tu leur donne la liberté il te pisse dessus,negative
lmneyk dimma yab9a mneyk,negative
potentiel mal exploiter j'ai l'impression d'avoir un qi 0 on regardant le sketch ',negative
ya3tik bechoulaaa,negative
smela 3liik ya t7ii7en,negative
e3lem l3ar,negative
sakerr rabb fomk iraki wech da5lek fi touns ya jabri 3roubi bawl ba3ir,negative
bravo sa7bi,positive
ti barra 3assba we nassba,negative
frou5 wenba,negative
user bara nayek,negative
user w chsarlou lra2is mch haka lklem,positive
amine que dieu soit avec lui,positive
not funny,negative
mla chlayek,negative
ya 9adech mastiiiinn ness el kol karhoukom,negative
bravooo hhh migalo raw3a w toz fi nabbara,positive
mereeg,negative
enchallah 3ejbetkom l7al9a,positive
bravo a toutes l'équipe,positive
takhraw fih,negative
user ki ma tefhemch fi 7aja oskot yal3en bou t7iinek,negative
non omk w rabbk,negative
mohamed dhia kahlaoui ya3tek 3asba,negative
adri wasa3 belek si eta7aan,negative
a part enou tfarkou fihom 3la 9ais w n9oulou normal wtlamdou fidho7ka w kadha w t7ebou tal3ou nisab lmouchahda ama mouch kolchay ntay7oulou 9adrou wnkeboulou sa3dou fha lblad mahouch tfadhlik fih na9d lelwadh3 ama tmazbil l ra2is tounes w zid berasmi bladna manhouba w tharawatna masrou9a mouch mawdhou3 tmanyik hadha,negative
ken na9sto mel 9e7b 5ire,negative
vraiment bravo migalo,positive
bravooooooo sketche formidable magnifique,positive
wallah maaaaaalem miga,positive
mala 7ala 9rib bech ya3mlou snam le rajl w ye3bdouh eni ent5abt kais said ama mouch leha darja kifou kif 8irou w touns fou9 nes kol,negative
bravo lawled wlh hhh toooop,positive
tfouh,negative
elhiwar ta7ana we akeber ta7an mleha sami fehri,negative
flop masta,negative
hhahahhahahh malla migalou bravo,positive
mastin w kleb w awled 7ram w tfouh 3likom intouma wel miboun 3arfkom sami el manfou5,negative
this absolutely rubish joking,positive
mala 9ilat 7ya w i9oulou chbi libled haka maw min hal omarik,negative
vulgaire,negative
3lech ye5i zayed 3al beji w el marzou9i,positive
frou5 haha,positive
3asba likom,negative
bravo,positive
hhhhh migalou,positive
o aala rasek enty maahom nchalah ya la7as,negative
azizz,positive
a zebbi ye5i rasoul raditouh mala mordha,negative
hatena nekouni f rassi ech y9adsu 3bed athika laariba mechin w nwaliw kil marooc seblou omou w matsebsh lmalek,negative
sakrha fi dark sehla moch fi dar la3bed,negative
win tra fih el mouyou3a sketch idha7ek 3adiiiiiiiiiii,positive
dahar fik hab inikouk dziria rahoum fssayl a sahbi,negative
triki ya sa7bi tfedlikaaaa,positive
aw 4 3asbet men 3andi ma3ach 3andi barcha,negative
w men 3andi enna 3la rashom elkol 3asba 3asba bidoun estethnee emmarek mta3 zeeby,negative
dislike,negative
mamestkoum w matfahkoum pfffffffffff,negative
bientot bech tichb3ou btala,negative
bajbouj w marzouki amlouhom karakouz wa9tha nés kol chay5a n wa9ft 3la kais nés kol kif kif nnifa9,negative
bara nayk,negative
mamsetkom,negative
howa dekhel l habes ba3ed me nek 20 melyarr o enty bch y3adiwekk aala sigaro hahah mnaykin mte3 zebi,negative
ya3tikom 3asba kol 3ala b3athkom he4i lo8a li tefhmo biha thantlo fi rwa7kom w fina thahrin sbey7iyet lfransis,negative
foued très bien yelzem lkolna na3mlou haka,positive
med ali belhy bara naik enty o 9ais zebi ya3tini 9assa fi sob3i eli intakhebtouu mafibalich b aabed ta7ana kifekk ye3bdouu fih,negative
azizz rjouleya ennek t9oulha elkelma hedhi face à face ama enti mechk rajel kan le97ab yesebbou wezid lada3i bech nfassarlik 3ala 5atir bayen fik t5ammem btermtik,negative
med ali ija netfehmou win net9ablou tawa omek nikhelek ya mnayekk 9alou face a face hahahahahaha aya sahby warini 9o7bek ya 9ahba,negative
karim hd s7i7 wlh 3amlou haka m3a ll marzou8i 8bal leli radouh 5ayb w may ji chy taw bech ya3mlou haka bethabt m3a kais saïd ama tawa yelzemna nwa8fohom w man 5aliyhomch ykamlou fil mahzla hethi ll hayka yelzemha tetkalme,positive
aasba lik o lih,negative
dhya kahlaoui ey o nzidouhom aasba l okhra l omek o ijaa rawe7 behaa hay bahdheya fel dar,negative
ya fehri y fased aymtek ma3douda ma3dch bich etawel bayask f mornaguia yestana y masa55555,negative
ezebii za3im belhy misselch ta3tini haja wahda a3malha ahhahaahahah makech bch tal9a chy ken tal7iss mte3komm ya tahana me nektouna ken ntouma bel ta9dis yaatek walah b namm,negative
ya sa7bi ta7ki 3ala mandilla ye zibi chnowa ett7inn,negative
safwen n,positive
allah ghalib z3am kan f tmeniiyek 3la 9al9 rabiii tfouh 3lihom johal,negative
user yezi ya ta7an yezi ya r5iiiss,negative
bravo,positive
mastin w 9lel tarbia w ala aarfkom l maskh tbi3ou rwehkom markhaskom,negative
yatikom asba,negative
y3ayif kamcha mastin,negative
tefhine ya lkozz,negative
elli ya3mel fel e8tiyelet hethi lezmou yet7aseb,negative
si ce n'est pas de l'inconscience,negative
au nom de ton drapeau,positive
3la chkoun tekdhbou nsebsi 9atlou,negative
tu t'engages sur un sujet fondamental,positive
d'ou la culpabilité d'ennahda,negative
oui les médias controlé par des sionistes qui profite de tout ca pour pouvoir ensuite diabolisé tous les musulmans dans le monde entier et renforcé l islamophobie,negative
ya zendi9 ete9i elleh w a3lam bi2ena allah youra9ibek salafiya i7ebou echara3 w enti t7eb chkoun 7ram 3likom kol chay selefiya mazeltou methemtounech bezina 7asbya allah w na3ma elwakiyel n,negative
tous les salafistes et islamiste radicaux qui salisse les autres musulmans sont des pourritures traqué et chassé dans le monde entier europe mali syrie inde birmanie thaillande indonésie,negative
sa7bi limsatik msatik wil ayari ayari me8ir le tsib rabi ye chleke,negative
tga3di 3ini 3inik cheye wele jhar bhar tounis na9sa hiya b3abas kabar ili chedinha kamal mafra5 ta7li jbin i9atrou 3lina bilehi ha4a klem mta3 wa7de bouha twafe le ilaha ila lah w nh4a w me nah4a lilehi il mar min 9ablou w min ba3d fawa4tou amri lileh n,negative
c est un enculé,negative
méch ken okhtik mou3aka nsiti rouhek 7ata enti fi beli zayha mdrrrr,negative
eyy w ba3ed yakbro 3ala korh eleslameyeen mala 7ala fihom,negative
bellahi barra nik omek,negative
behia hethi baba meymoutich o o nbheyem n9asiw fehom fhel bled kolkom lasa9toha fil islem o o nmoutou bil bhema mte3kom lin t9ablou rabi,negative
ben oui l'armée laic algerienne n'y est pour rien bien sur,negative
c'pas le ramadan pour tout les musulmans en regardant cette fille,positive
belle comme sous le regne de benali sinon la tunisie est toujous aussi belle,positive
c'est quoi un salafiste,positive
il ne faut pas appeler ça islam c'est tout sauf de l'islam ce sont des diables ils ne ressemblent en rien au prophète que le salut soit sur lui n,negative
on ne peut même pas les appeler islamistes,negative
honte à vous les salafistes,negative
bande de cheitans mohamed n etait pas un kefir c etait un bon musulman qui a compris que l islam resepctait les autres religions sales cheitans meutriers vous irez en enfer kaleb,negative
rabi ysabarhom wallah n n,positive
tal3at msatka kima boha n n,negative
pauvre fille,negative
ma ferme ta grosse gueule de baleine,negative
le people tunisien est bête après la meurtre il se dirige vers al nahdha alors que c un piège le pauvre people n,negative
si j'étais berger,positive
sauf que tout le monde ne peut pas être berger comme toi,positive
une grande perte pour les démocrates tunisiens mes condoléance à sa famille et aux tunisiens c est le résultat de l islam politique,negative
sauf que tu fais le mouton qui a gobé leur manipulation ncar celui qui a identifié leur dogme te démontre qu'ils auraient tué les positiveers salafs,negative
sauf que manque de bol,positive
je te dirais même que l'assassin de brahmi comme celui de chokri belaid sont de vrais musulmans et qui connaissent le vrai islam originel tirant son essence des salafs,negative
je te dirais même que l'assassin de brahmi comme celui de chokri belaid sont de vrais musulmans et qui connaissent le vrai islam originel tirant son essence des salafs,positive
jerry des commentaires,positive
tous le monde plonge dedans,positive
peterhawky renseigne toi avant de parler sur l'islam,positive
aux dernières nouvelles,positive
nullement une opinion,positive
c'est ton opinion mais au delà de ça,positive
il faut savoir que malgré la plus grande assise populaire du régime de bachar,positive
sans un kadhafi pour son modèle peuple armé et entrainé comme en suisse parlementarisme direct,negative
preuves mathématiques que le positiveer coupable est ennahda nle camp ennaahda faux frères musulmans,negative
ya3tik esa7a walah 9olt el 7a9 y,positive
ils viennent de tuer son père,negative
bonjour quelqu un aurait il la gentillesse de traduire pourquoi cette jeune femme a autant de chagrin et de colère merci,positive
arête de geuler,negative
bellehi tawa tettahem sans avoir aucune preuve elle est triste pour son père d'accord amma tjii ta7kii hakka 3la des innocents klem kbir hedha rahou n,negative
wallahi tounes da5la fi 7it rabi saber 3ayeltou,negative
il a été tué surement par les anciens de ben ali et leur amis israeliens du mossad qui veulent remplacer ghanouchi par un bon arabe pro israelien et anti islam il vienne de le faire en egypte,negative
rou7 nik ommek inti w massr ya jwa3a ya r5ass tfouuh 3likom cc mte3kom,negative
moi je pense que le ou les meurtriers ne font pas partie d'ennahda et qu'ils sont des ennemi de la tunisie,negative
si vous voulez que je vous réponde il faudra m'écrire en français,positive
mella zabourom bhayem fedawla il9a7ba bouha mazél jifa w hya cheda fi nahdha w ilghanouchi tahmatou brou7 fi bélha li3ba tmermdi wella nayki,negative
tunisiens ne lâchez rien aucun pouvoir aux islamistes,negative
ken tilhitou fi sramkoum 5ir ya msara 9allou tamarid niktouha bled'kom w t7ibou tnikouna a7na el3aaaaasba n,negative
visiblement tu ne maîtrises pas les mots,negative
brabi barra nayek a3malt el3ar enti,negative
faudrait qu'elle maigrisse,positive
allah yarhmou bouk w rabi ysabbarkom mais brabii ech mda5el innahdha ye5i kol we7ed ymout innahdha 9atletou nn yezzina min ichoukouk ilmachkouk fiha ya twansa il islam rahou dinna 3lech dima contre il islam 6ir tal9ou haja tkabchou feha bech t7arbou din soubhan allah tounis aham min kol siyessi w faw9 kol i3tibar w il9atel taw yikchfou rabbi slm n,positive
you are stupid d,negative
this is one more alert and message to the sucker barack obama who supports the terrorism in the middle east under cover of fake democracy and arabic spring,negative
woow ken jit bel7a9 moslim matesibich haka w enti sayem dhaher men a5le9ik,negative
ce sont des terroriste jamais ils peuvent communiquer avec ces adversaires,negative
behem 3andek sa7bi 3atig mawagahch da3wa lil 9atl islemyiin bich y93dsou dima irhebiin w met5alfin yesta3mloun fi din radouh sil3a lotf ya rabi n,negative
yitrabew 3la korh lislamiyin ti idkom fi zibi makom yasar w ba3d machba3 bil flous wala bech yista9il ti ta7chi fih 3la chkoun mwabna mta3 zibi w l8anouchi chmda5o 97ab mta3 zibi kan jiti mra w bent rajel rak midayna fi chhar romthan lifthil 3asba lik w rjel eli ta7ki 3lahom n,negative
a tous les hommes politique laics positive armez vous avec un automarique positive5 coups 2 sortez a plusieurs 3 placer des caméra autour de votre maison 4 prenez un pitt bull pour le jardin 5 dans la maison un famas facile a trouver a tunis ou un ak 6 ne jamais laissé la voiture dehors et courage,negative
brabi oskot traw fina kofar 9odekom chkounkom entouma bech t7asbouna lé 7low n3lech tounes 9bal kenet kefera w bara defe3 b3id 3ala sidek lmasa5 ghannouchi safe7 irhebi ma,negative
algeriaforever nellah yerhmou wa ysaber koul cha3b tounsi nmais ouvrer les yeux et elever votre esprit la vérité est ailleurs les vrais meurtriers ne sont pas ceux que vous croyer ils pouvoir obscure font tout pour vous faire tourner le dos aux pro ghanouchi,negative
allah yar9mou we yna3mou we rabbi ydhaher l7a9 we ya 9atel errou7 win trou7 ama wallah pour moi ena 7zina 3ala bledi kifech wallet tsa5af,negative
jpense quon est armé mieux que toi au bled tu connais lance roquette et ak47 n,negative
et t fiere n,positive
lah ire7mou fhad ch'har les islamistes n'ont pas compris le message venu d'egypte,negative
courage a la familles je suis dde tout coeur avec vous rabi yarahmoi,positive
meskina nchallah rabi ysaberhom,positive
maurice tu sait rien des islamiste informe toi et aprè tu poura ouvrir ta grand geulle,negative
la pauvre,positive
hé bien moi j attend j abite ben arouss et collectionne les glock mon préféré le g27 calbre 40 j en ai 9 toute la famille et armé méme les femmes a la maison un famas de 2009,positive
yes iam understand all salafiste and islamiste is big mother fucker la chasse au islamiste et ouverte,negative
i relise that some terrorist israelien want push tunisia in hell so becareful i advise people tunisian to be patient and not make a mistake and use ur mind and ur true religion islam cos i do bellive that many tunisian understand what i mean n,negative
bhim wala bhim e5wen el moslimin aleh lahzeb lo5rin kofaar n,negative
la charia dans ton cul,negative
allah yarhmou tounes tnaket walah,negative
allah yer7mou,positive
ili mat rabi yarfhamtich mais ana mafhamtich 7aja prq toujour el ikhwene el moslimine mine galkom bili homa ana banitli kone ymout chien 7achakom ygoulo bili el ikhwene el moslimine homa ili gitloh3 rabi yihdikom n,negative
hedhi ech tehem fel siessa bech ta7ki,negative
meskina tounes feha 3bed y5amemou haka,negative
il faut une bombe la ça fait des chocapic,negative
ta7kam zaaaaaaaaaaaaaaaaaabbbbbbbbbbbbbbiiiiiiiiiiiiiiiiiiiiii,negative
bravoooo le nahthaa ya3tikoum esa7aaaaa n,positive
lé baba fama 23 rajel wwenti la7ess me3rouf,negative
looooooll,positive
le messager d allah,positive
léé 3zayzaaaa 4altaaaaa,negative
brabii fasrilhommm n,positive
mata9diir t9oul kann cha3bb bhimmmmm,negative
bara ykiiib sa3dik w5aytii n9atlik t7iibb yikbrou 3laa korh l2islamiyinn bara ya3tikk déééééééééé,negative
je me demande si en tunisie ont utilise toujour la harissa comme instrument de torture sur les partie génitale,positive
ichlazzik titfaji ya5i issaha yokitlo biddehik,positive
hatha rayek cha5si wena ne7tarmou,positive
anizi hhh ynajmou ydhahku mn ghyr ghacha je pense mouch comedians yaani yelzem yghechou,negative
choftiiiiiiii,positive
vive le maroc,positive
stars merci,positive
loulou merci,positive
a4ani hazina,positive
souk aina hhhhhhhh,positive
maz3amkom ki tetfarjou w tadh7kou mbaaed tkoulou 9elt 7ye,negative
mhamdi,positive
amaaan yezzi melghacha c' est vulgaire bassem w karim ken mchitoy m3a nawfel khir,negative
tbahdiyla,negative
f god sake mamsitkom yasir ya faicel twadha3 w battil,negative
awel 7aja ya si flen mant9k klou fih tatyi7 min 9imet lmra hh wghalet 3ala toul l5at ena ke mra rajli yo5zer lghiri ne3fes 3lih wnet3ada wadha7 ink 3raft bnet min nefs tiina mte3k 5alouk te5ou fekra ghalta 3ale5er 3almra mafamech 7ata mra fl3alem kemel mat7ebch rajelha liha wa7adha wadha7 ink hadefk lwe7id fl7ayet tethbt rjoulytk wt7es rou7k 9wey 3la tri9 lmra jehlk ll7ayet zawjya wadha7 ne3lmk inou rabi wassa blmwada wra7ma bin lazwej ili howa b3iiiid 3al te7ki fih syedtk wzeda wadha7 jehlk fi din bara tchebe3 bl9alou rabi wrasoul 3alyh salatou wsalem wmbe3ed i7ki 3ali char3ou rabi wlmachar3ouch 3ib amthelk ychewhoulna dinna din ra7ma wlma7aba wsalem hh 9alou mounefssa wy7km wy7es rou7ou 9wey ya w5ey fech t5aref wadha7 3ale5er 3ndk 3o9ad misoghra kebret m3ak aman imchi chou bsy wela a9ra l9or2n mli7 wtala3 3adin chouf chkoun chi5 we3itha9ef yfehmk houma a7sen bsy ah 7aja a5ira khw kitbous 3ink wa9tha taw ysweli fama ta3adod f tunis wbara rabi m3ak,negative
arab 2positive,positive
hahahah cool,positive
taw enti layezi dziri wmekich mel bled wzed tida5il fi rou7k,negative
amin ya rabi,positive
rabi ya3tikkk ma tatmanay,positive
man fomk rabi,positive
am in ya rabi,positive
aamiiiine rabbi karim,positive
ya rabiii y7a9a9lek eli fi belek,positive
rabi yha9e9lek ili fi belek amin,positive
amiine ya rabii,positive
amine nchalah rabi y7a9a9lek ma fi balek,positive
inchaa al lah,positive
abat,positive
amine,positive
ffbohhihyughiiuggguioooiiu,positive
amiiiiiin ajma3iiiin ya rabiiii,positive
qu'elle bouchonne,negative
vous voyez bien qu'on peut s'entendre pour défendre l'islam sans tomber dans le piège de ces charlatans incultes qui sont de véritables auxiliaires des ennemis de l'islam n voici une citation,positive
pardon,positive
a part insinuer que tarik ramadan n'est pas égyptien ce point n'est même pas à débattre vous n' avez répondu que par des échappatoires n'ayant aucun rapport avec mes interrogations dois je comprendre que votre culture se ne limite qu'à prêcher des contres vérités moyenâgeuses agrémentées d'invectives à l'encontre de ceux qui vous contrarient ce n'est pas ainsi que l'on défend l'islam,negative
positive tarik ramadan milite pour sa confrérie des frères musulmans dans le passé,positive
ô les croyants obéissez à allah et obéissez au messager n n n,positive
ibn kathir qu allah lui fasse miséricorde dit dans son tafsir concernant ce verset,negative
n as tu pas vu ceux qui prétendent croire en ce qui t a été révélé,positive
quiconque mécroit au tâghoût et croit en allah a saisi l anse la plus solide ce verset sous entend que celui qui ne désavoue pas le tâghoût n a pas saisi l anse la plus solide,positive
ibn taymiyya qu allah lui fasse miséricorde a dit,negative
ibn taymiyya qu allah lui fasse miséricorde a dit,negative
ibn taymiyya qu allah lui fasse miséricorde a dit,negative
ibn taymiyya qu allah lui fasse miséricorde a dit,negative
ibn taymiyya qu allah lui fasse miséricorde a dit,negative
ibn taymiyyah qu allah lui fasse miséricorde a dit dans,negative
ibn taymiyya qu allah lui fasse miséricorde a dit,negative
complément,positive
le bon musulman,positive
pardon,positive
vous vous etes trompé de destinataire suite à des suppressions sucessifs ce passage de midayeofmartial apparait sous ma signature,negative
garde tes sourates pour toi,negative
et lorsqu'on leur dit,positive
ta reponse effacee,negative
tu nages en pleine utopie,positive
tu nages en pleine utopie,negative
de plus il faut comprendre que son déclin a marqué le début de la colonisation occidentale et donc du pillage de nos richesses qui jusqu'à aujourd'hui se perpétue n nle retour du khalifat remarquerait ainsi la renaissance de la puissance du monde musulman et donc la fin réelle de cette ère coloniale n nl'islam étant la seule bannière capable de réunir tous les êtres autour d'un même idéal sans barrières ethniques et sans frontières n nmais tristement seuls nos ennemis l'ont parfaitement compris,negative
oui justement jusqu'au moment ou des charlatans s'en sont accaparés pour leur noirs desseins tu stationnes toujours à la place d'il y a positive400 ans ne sois pas stupide,negative
apparemment tu n'as pas l'air de savoir que la charia est loi établie par dieu et son prophète pbsl il y a de cela plus de positive400 ans n nainsi ces déstabilisations à l'image de cet assassinat visent justement à pousser le peuple à vouloir un système à l'opposé de celle ci et donc du khalifat qui est précisément la hantise de tous les ennemis de l'islam n ncar contrairement à tes mots ce fut grâce à l'islam et au khalifat que la civilisation musulmane eu atteint son apogée n n,negative
les vrais musulmans qui combattent la loi de leur propre religion quelle religion celle que vous êtes entrain de mettre sur pied avec vos amis bhl et consorts ou celle de l'arabie tayhoudite avec sa doctrine salafiste oppressives des minorités n avec destruction programmée des républiques islamiques pour l'instauration du khalifat esclavagiste et rétrograde n depuis quand le sort et le sang d'un musulman font ils pleurer l'occident et leur à leur tête votre sponsor b h l,negative
les vrais musulmans qui combattent la loi de leur propre religion,positive
et tu penses ainsi servir l'islam authentifié par des chayatines barbus fm ou enturbannés du golfe semeurs de troubles dans la religion musulmane nmais peut etre que c'est vrai ces hérétiques ne seraient t ils pas ces diables barbus qui inventent des fatwa pour leur cause machiavélique que dieu vous maudisse jusqu'à la fin des temps avec vos comparses esclavagistes du golfe,negative
exact ce que vous avez dit ces charognards ne reculeront devant rien pour asservir les vrais musulmans leur chantre tarik ramadan est un diable déguisé en apôtre leur but,negative
allah yar7am elly mazel ma matych n,positive
ha m3allem 3andek ma t9oul fil mawdhou3 wella haka 7add ejhayed aya cherr nayek,negative
hadithek naffkhou w ochrob mééh,negative
hadith inventé par des barbus frustré,negative
dans un hadith,positive
hhhhhh 3malt cours hak bdite tet3allem chwaya ma 5amja ken termet ommek illi hbat minha ya irhabi,negative
la afghani la tounsi nana na7ki 3la a5la9ek el 5amja ya 5amej n,negative
n bhiri avocat de sakhr el matri hay ennah9a,positive
n bhiri avocat de sakhr el matri hay ennah9a,negative
ya 3an bou siyasa el bech ta3mel fi tunis haka brabi sayibou tunis kif te9smou fih wallah 7ram 3likom pfffffffffffff,negative
w enti moch kén mchit start rou7k 5ir yé 3ahrét yé zbélt tajamou3 ena lé nahdhawi wlé 8irou bara 5amém fiha tawa tal9a rou7k 3ahra yé lool klém rajél s7i7 chbik bhima a za7i fou9ou rakom 3mltou ri7a mén bhamtkom fou9ou 9bél matét9ass r9abikom yé frou5 makiage,negative
chéd él nahdha mté3iik w értéé7,negative
l islam yosr et non rosser,positive
libled ethiya mitjibich rjel,negative
na3mboukom woubou nahtha woubou sibsi woubou tounis mte3kom cha3b mnayik fetkom train l 7athara,negative
bech ta7ki ezzebbi t9oul afghani mouch tounssi taw ta5rali fih ya weld 9a7ba,negative
tbarkallah 3lik ya massa5 pablo jaja nma halék tounés kan elli a5la9hom 5amja kifak enta ya kalb nbarra weldi ejri al3ab b3id,negative
allah y armou,positive
nikkomek min termetha ya miboune ommek baaaaaaaaaaaaaaaaaaaaazz mibouna we5ratek min j3bha el mantan,negative
et toi il te faut un godemichet multiprise de couleur verte et donc hallal,negative
we exact ela3ba mal3ouba mais cha3b yeser thkiy w we3i tbarkalah mabrouk lel beji el korsi w lel cha3eb rjou3 el rcd zeyed johel,negative
met el rasoul mouch bouk enti barka ena bidi itima mais ma5ritech fih hakka w klit denia a9ra 3lih chwaya 9or2n raw rabi rak muoch tcha3el fel bled b3athha beklemek enti w omek ken imout tunsi e5er men joretkoum fi ra9btek enti w 3iltek w 3lech maykounouch el mou3artha hia li 9atletou kima chokri bel 3id bech da5alkoum fi 7it 3edha bech twali 7arb ahlia fi tunis eli met allah yar7mou metou sa7aba w el rosol elkol mawe9fetch denia 3la bel3id w bouk eli chtar tunis mata3rfouch amam leflous te3mi,negative
tnajem t9oli chkoun 9alek eli nahtha hia li9atlettou bech netrabew 3la korh enahtha w korh el islemiyin alors enti yhoudia chkoun 9alou bayek yasba7 re9ed w mayemchich ye5dem 3la rohou kima ness lkol bayek youthreb fi 4 mleyen behi ch5alekoum kifek kif 5wetek kel dbouba teklou men bdankoum 4 snin l9odem bala3 fomek enti w omek w kita7ki a7ki bel gdè boul 3ala omha nahtyha ama a7ki belgdè 9alou yat wensa tmardou tmuotou 3leha 3ad entouma tunis de5la fi 7it,negative
le salafisme est une secte sorti de nulle part est ce que vos grands parents etaient salafistes non car ca existait pas au maghreb,negative
ce sont les fronc maçons en tunisie qui agis dans l'ombre,positive
andrea antonelli te3 moto gp met msikin accident cheni3 fi belli nahdha zeda esbeb,negative
merci beaucoup,positive
ordures assassins nque dieu ait son ame,positive
alah yarahmou je vous demande une question pourquoi vous n'avez pas demandez la demission du gouvernement avant la vort de mohamed brahmi alors quil yavait mort avant vous voulez faire comme l'egypte vous ete manipuler car comment expliquer que des partis qui nen eu que 5 veulent faire tomber le gouvernment,negative
i just can't understand why some ppl keep accusing 'ennahda' in every shit happen i mean u better give an argument to judge or keep ur bullshits to urself that's so pointless,negative
rabi ysaberkom bravo,positive
3lik nour haw enes li tefhem okber kelb howa sebsi li mech 3arfinou borcha 3bed yteb3ou fih enou mcherek m3a el mol7ed bourguiba fi gotl el yousfiyin fi sabat edhlem golhoum chnowa sabat edhlem ma ye3rfouhech kemcha bheyem,negative
bouk imot w enti et7eb tounes te5mij,negative
malla 9a7ba,negative
kifech 3raft elli ennahda 9atletou w kifech 3raft elli moch hya,negative
allah yarehmou ama lebnaya ma fahma chay tehki kima jaa ach da5el leslameyen bech y9otlo bouha l9atala se peut rahom men jma3a eli rahbet behom fi motet bouha n,negative
mais je vous comprends,positive
je vois que le niveau intellectuel est à son meilleur niveau chez certain,positive
bara nik omek ma3ejbekech matetfarajech fih,negative
franchement j'avais tort sur son compte berjoulia chapeau,positive
bravo weld bledi,positive
wiouuuuuuuuuuuuuuuuuuuu,positive
wiouuuuw,positive
bach ta3ref cha3b tounsi 3a9lito mnayka itab3o ken fil khmaj ou 7atino 9odwa,negative
rabi3 ya m3alem,positive
respect,positive
aaaaaaaa fech t3mel nye5i kont ttfrj 3lee mr wiwouuuuuuuuuuuuu,negative
wiouuu,positive
wiouuuuuuuu,positive
wiiiiiw nhebek barcha,positive
m3alem,positive
never ever judge a book by it's cover,positive
very bad gel,negative
right,positive
wallah mas5 wenta chayeb mat7bch tkber nik omha rabi la sem7k enta wsa5 hatha yetsama manque du confiance men cheb fi rask wallah ya nik 3lik 7abes son problème ama jabri li jabrsk wela dawla li jabet toufff 3ala sorm li habtek,negative
hy tounes cht9demmmm barou raby yhbt 3likom sag3a,negative
wiou,positive
rabiiiiiii3 le meilleur 3 3 fière d être une nabeulienne grâce aux nabeuliens comme lui ntbarnet fadhloun twahchetek haha,positive
wiiiiiiiiiiiiiiw,positive
ne juge jamais les gens chacun a son histoire,positive
wiiiiw,positive
wioowww,positive
wiw 3la zebi hhaahaaahh,negative
rabi3 ya batal,positive
wiouuuu,positive
sou2eleeeet tefhin barchaaaaaaaaaaaaaaa,negative
metha9fe baarch mo5o yozen bled,positive
winou ch3b elwiou bchachell fi micro,negative
kifech wa7ed ytkelm klem zayed ywalli star we yjbouh fi télé el7asilou n3albou denya kadech ka7baaaaa,negative
wiiiiw,positive
wiiiiiiiiiou,positive
wiiiiiiiiiiiiiiiiiiiiiiiiiiiiiw,positive
m3alem,positive
walah zéyid m3ak ya rabi3 il ghali 3,positive
wiiiiiiiw,positive
ye rabi3 wiiiiiiiiiio illi y7b rabi3 y7ott jem,positive
er naik hhhh,negative
aya cha3b el wiowwwww nikou jaime,positive
ta3malli pub blhi,positive
kan yetracha7 lel ri2asiya nenta5bou wallah wallah wallah,positive
aamlou interview l aabd tasslah w tzidna haja mosh hedha,negative
mela sel3a,positive
wiwww ala zebiii,negative
rabye labass a3lih,positive
mala karakouz,negative
chnakrhou,negative
ya3tiha 3asba tounis,negative
rabi3 inik lkl positive,positive
ya hasra aal wiou,positive
wiiiiiiiw,positive
wiiiiiiiiiiiou,positive
raabiiaa yaa m3aaleem aa7sseen laa3beed oulh,positive
ouuuuuuuuuuuh 3la zebi wiw ya dawlaa,positive
wiouuuuuu 3al ezzebi,positive
wiowwwww,positive
rabiye ynik lkoll n wiouuuuii,positive
wiou aal zebi,positive
bara nik omk,negative
ema chnowa 7ar9ek zokek ya miboun enti wa7ed tefeh minhom ya miboun w omek mouch bech nsibha mais ya3tiha 3asba lik w liha w bara nik omek tawa,negative
wiouu,positive
wiou,positive
wiouu,positive
wiouuuuu 3ala zeby,positive
wiouuuuuu,positive
wiouuuuuuuuuu,positive
bravo i really love this man,positive
ya zeibi les television tunisia,negative
il est libre chaab el wiwou,positive
wiwwwwwwwww,positive
o9sem bellah ya3ref yahki akther men wjouh lou7 li fi tele walahh,positive
akther abed 9itou fehem tounes wedenya bsifa ama,positive
go rabye,positive
wiouuu,positive
wiwwwwwwwwww,positive
wiouuu rabye el bierre mel mali,positive
wiiiiwou,positive
ayadi ray mta3y w ena 7or 3ajbk el far3oun ely ched'ha el bled,negative
ayadi el fsed ta3mell fih dawla,negative
a7la rabi3 wiwou 3ala zebi,positive
wiwwww 3la zabi,positive
winkom ch3ab el wioooooooooo,positive
bravo rabye wiooooo,positive
wiouuuuuu mil kuwait,positive
yajabni ma7leh wiouu,positive
wiouuuuuuuu,positive
ya rabi m3alemm abonner vous a ma chaine please merci,positive
azbér wé7d fil 3além 3,positive
merde tet3ada normal ama 5ra n7otoulha tiiit,negative
your the king,positive
wiouu,positive
hahahah rabye bouden soft wiou,positive
l'algérie est avant tout yes somtimes,positive
dss ok d'accord,positive
w iww,positive
adam nik mok,negative
wiwouu,positive
wiiiiiio,positive
à l'époque en tunisie ont régler les conflit politiques et commerciale a coup de branche d'arbre ou avec une ceinture ou alort un vieux tuyaux d'arrosage en pvc et en criant des olé ola haut et fort sa éffrayer suffisament les plus endurcie du pays mais aujourd'huit apparament sa changer depuis la retraite de l'ex president zineddine zidanne ben ali,negative
la tunisie c'est chaud comme du chili en ce moment a coup d'arme a feux et ba,negative
seul l'amérique ce continent immensément gigantesque a les capacités et moyens pour réussire un chantier comme la tunisie la tunisie pour les usa ce n'est qu'un nouveau petit petit mais tout petit méxique un petit coup de chili par si et par là et c'est partie mon kiki,negative
conseil perso au dirigeant tunisoie,positive
c'est un classico des pays en révolution les assassinas politique et ideologique ect la tunisie doit mûrire avec des classicos call 9positivepositive ask for help demander de l'aide au usa il ce feront un orgasme de vous aider dans cette lutte pour la démocratie en tunisie,negative
c'est la guerre entre barbue et moustachue je savez pas qu'il éxister des armes a feux moderne en tunisie,negative
haw aleh tounes matetawarch,negative
keep religion out of politics no islamists ruling in tunisia,negative
nchalla nraw soumaya tebki milli bouha 7at sormou fil bled wettwenssa tebki nahda assassin,negative
ennahda son des enfoiré des traître des assassin mes attention oublier jamais sa il y a en tunisie des agent du mossad et de la cia actif en tunisie avec la benediction d'ennahda ce n'ai plus un secret pour personne 2 pays dans le monde rêve de détruire le monde arabe vous savez déjà les quel toute les gouvernement des pays arabes son des pantin de ces 2 pays a vous de deviner le prk du comment,negative
je souhaite bonne chance au peulpe tunisien des jours sombres se préparent mais ce peuple courageux saura s'en sortir la barbarie ne passera pas,positive
enculé d islamiste que le diable vous encule a tous juin 2 islamiste tué a coup de marteaux a ben arouss ramdoullah,negative
bande de bâtards devant sa femme et ses enfants surtout pendant ramdane allah i khalass kom inchallah tahya touness men jazaïr,negative
bande de sales lâches bande d'assassins l'islam est innocent de vos actes si le prophète avait été là il vous aurait combattu de toutes ses forces vous auriez été ses ennemis vous ne réussirez pas à salir l'islam,negative
emes belaid w lyom mohamed brahmi w godwa tunsie akher,negative
allaho a3lam achkoun isbab nw howa tawa mat allah yar7mo nd3yolo bel ra7ma n,negative
owa tawo mat alh yarhmo amaa ach mada5alha il nahdha masa3idhach bach liblad to5ol ba3athha nwil i3lam i3ar itajir mach3i tofla boha tawa tawo douma ma mat nalah yarhmo n,negative
oki n le nahda elle a nike la tunis tu veux koi d'outre n,negative
ma yoktlou ken illi yheb el khir el tounes,positive
ya weldi hadhoma rahom 9awem lot ihebo ygatlo irjal il kol bech ibaret3o fiha amma ma dhani ya weldi psk rjal tunis ma tekmelech nsana kolyom tjib fil rjal n,negative
nafs el sinario elli katlou bih chokri belaid allah yerhmou,negative
ma howa hokm alkatel fi ramdhan allah yerhmou w rabi ysabar ayeltou,positive
intoma karahtona fil islam karahtona fi tunis innas il kol hajet fi9o fi9o,negative
pk tous sa kima 9atloh howa ataw yatmo tes enfants aussi kima yatmto tunis rabbi lama iyatemcom,negative
nik ill nahda nik omkom lahya lahya bin ali arjel min zabor omcom ya mwaban ma fikomech positive gram rjolia toffffffffffffffffffffffffffffffffffffffffff ala din rabcom tunis 5alitoha itama nik omcom lama inhajmolcom lhaycom bil gzez tfoooooooooooooooooooo ala zabor omcom ana lani m3ared la zabor omcom ena mwatan adi ya mwaban 3ayla yatemtoha fi romdan fi bab darhom walah ya 8anouchi lama inikok ki il gadafi tfooo alicom lahya lahya n,negative
islamiste terroriste n n,negative
héya elli 9atlétou howa w chokri sob7an allah yé5i chbih ma météch wé7éd m nahdha maymoutou ken mel mou3ardha,negative
miboun 3malt relation m3a bouk w ma 5alastouch tir nayék rak 3malt e ri7a,negative
baba mamettech baba met rajjel baba fi 9loubbnna baba 7aj 3 marret baba met sayem baba mett 5achmmou el fou9 des mots tres touchants,negative
fuck islamist,negative
a3leeh braby 7raam walah,negative
ya shems fm ya ouled el kahba ya rakassa ya mwabna,negative
fuck sorm ommek ya miboun,negative
fuck tunisia,negative
ya shems fm mte3 bent essarek zaba ya3tikom 3asba likom ou lil message hetha,negative
ya3tikom 3asba ya shams aflam likom ou le tahana,negative
yeah,positive
allah akbar rabi yarhmou ema chkoun n kalhm ennahda chbi ay haja ykoulou ennahda n,negative
yal3an bouk w bou lghanouchi w bou nahda ya wlad lklab w sma3ha mn le maroc ya 7a9ir,negative
pffffffffff 9alou chimda5il nahtha mela omi ili 9atlitou brabi taw7dou allah w 2i3tarfou marra fi 7yetkom,negative
sur un ton plus humain et sans langue de bois nahdhaoui je dirais,negative
bara nik erabb mta3 omek,negative
ya si el miboun,negative
bellehi barra nik omok,negative
rabi yarahmou,positive
ti bara nik erab ta3 dirabek,negative
fuck nahdha,negative
enty t9arén f nahdha bel eslém chbik yé5i chnawa fi mo5ék jrana 5ouya rak jéhél w makch féhém el la3ba lool 9alou ech mda5él e nahdha w islmin xdddd lkolna moslmin ama e nahdha 7ézb takfiri,negative
i don't want to live at this planet anymore x_o,negative
béléhi chmda5él ganouchii wou chmda5él el nahtha wél islmin bélléhi lé9tél 3ata bita9ét t3riff 9al ena islémi mél nahtha mala 7alla fél 3bédd,negative
kamcha kléb 9atlin sa7ébhoum kima choukri bél 3id béch ytay7ou bih el nahathaa kamcha kléb,negative
depressiv hoch drei,negative
il est libre wiou,positive
bouden,positive
willoooooo al ziooooo,positive
abonné vous,positive
merci des abonnes pour mieux développe la chaîne grand merci,positive
salouwa ta copie elle cherche la tanéna,positive
ma7lek nmout 3lik naya winkom cha3b l wiou ntaychou j'aime,positive
3anna rabi3 3anna 3anna rabi3,positive
malla asala bhima,negative
wiouuuuuu,positive
rabi3 ynik el kol 3,positive
beschreibst du deutschland wie ein heilige land sie ist leide nicht wie du es sagst,positive
wiiiiiw,positive
ye5ii cheleak hethoum waleou star triiiiste la tunisie,negative
habass chraaab kho fi khater les petits sec merci,negative
cha3b lwiwwww,positive
tu nik omek ech emda5lek bara ched bladek wentoum koul youm etab3ou fi zboubna,negative
belahi nik omek enta wel dzayer mta3ek,negative
trop fort ce mec chaab el wioouuuu,positive
rabi yahdi,positive
wiioooouuuu,positive
wioouuuu 3la zebbi,negative
wiouuuuu,positive
rabi3 hna w ma9ali 7ad wouhh 3la sabi,positive
rabi3 baba we7ed meli it3arkou fi film brus lee bl79 baba 7keli 3leha l7keya 9bal mntfrg fi lviddo hthaa olh,positive
wiiiiiw,positive
men dz yahyaw cha3b lewiw,positive
nhebouk ya rabyee,positive
ma7lek ya rabiiiii3,positive
wiouu,positive
nhebouk ya rabye,positive
wiouuu,positive
ma7leh rabye,positive
ali rah jay men mimez ydir laike,positive
wwwwwwiiiiiiiiiiw wwwwwwiiiiiiiiiiw wwwwwwiiiiiiiiiiw wwwwwwiiiiiiiiiiw wwwwwwiiiiiiiiiiw wwwwwwiiiiiiiiiiw wwwwwwiiiiiiiiiiw wwwwwwiiiiiiiiiiw wwwwwwiiiiiiiiiiw wwwwwwiiiiiiiiiiw wwwwwwiiiiiiiiiiw wwwwwwiiiiiiiiiiw wwwwwwiiiiiiiiiiw wwwwwwiiiiiiiiiiw wwwwwwiiiiiiiiiiw wwwwwwiiiiiiiiiiw wwwwwwiiiiiiiiiiw 3la zébi,negative
un vrai tunisien digne,positive
wwiiiiwww,positive
wiouuuu,positive
kalb ssook followed by many kleb ssook nsend him back home,negative
neid und hass bringt nicht,positive
il est trop intelligeant sa fait soffrire,positive
wiiiiouw 3 3,positive
wiouu,positive
jalel brick a raison miboun et il vit avec les poulets et un elephant de femme,negative
a3touni lien mte3 group lwiwoouuu,positive
je regrette mon allmande,negative
la personne c est un theatre,positive
je suis vulgaire par ce que on a besoin je cosomme l allcol mais je suis pas alkholique,negative
mazal zok omek majebtoch,negative
ti7chi fih 3icha fi almania marar yaser cha3b o ta9s batid ki zibi,negative
wiiiiou,positive
haw beyn niveau mte3kom ya maben,negative
rabih kollek ala bahdekk hilouuuuuuuuu,positive
robin williams,positive
désolée mais khamaj fi klamou,positive
désolée mais khamaj fi klamou,negative
ro7 neyek fi bladek w ab3ed zboubna,negative
super vidéo,positive
cha3eb miboun o tafeh,negative
chouf mala 3alem jabouh li zboubna 9adech cha3eb tounsi cha3eb tafeh tfouuuuuuuuh,negative
slm khouya f leh samahni enti rank tawa makech nefa3 had me nchallah rabbi yahdik w tkun 5ir men hakka slt,negative
marzougi itir bik ya jahle,negative
nik omek enta wel marzougi mta3ek ya ta7an,negative
7positive2 dislike 7positive2 miboun w mibouna,negative
wallah ana nhebou barcha 3ala khater insen sadek,positive
un peuple vide et triviale qui se retrouve dans un mirage,negative
wa9tech etjibou jalel,positive
weird and astonishing as tunisian who personally i failed to judge yet i respect his intellectual level though at least,negative
wiouuuuuuuuuuuuuuuuuuu 3ala zebi,negative
hhhhhhhhhhhhhh mala keerthaaa chaa3eeb wiiiouuu,positive
allah 5aleb 9anawat tounes el kolll binisbali 9anawat t7adher fi jiill fased la a5laa9 wela mella 9anawat 3abdallh gacha wel fahim yefhim,negative
9anawet zom omek el 9a7ba,negative
wiiiiiiiiiiiiiiiiiiiiiiiiiiiiiiiiiiiiiiiiiiiiiiiiiw,positive
rabi3 président,positive
7ata zabrta 3malnelhom 9ima,negative
asba lih zabrat omou 9a7ba,negative
tournés el kol 3andha hal syndrome hhhhhh syndrome jaloul el touati,negative
vielen dank für ihre klarheit,positive
sfe9s allemagna tounes coté comportementale,positive
bâtards,negative
wioooooooou,positive
wooooooooooo 3la zebiiiii,negative
winkoum cha3eb le wiouuuu 3,positive
w li maya7kich français mehoush mtha9ef ma tekdhboush 3la rwe7kom 99 m twensa maya3rfoush yaamlou paragraphe bel 3arabiya,negative
wiiiou,positive
le syndrome gilles de la tourette c'est une maladie neuro psychique t5alli ensen yor3och moch t5allih yetkallem b vulgarité,negative
hhhhhh walh m3al wioooo,positive
wiou nhbk rabiaa,positive
vraiment rabi3 tu ma change l'idée que je reçoit et bravo bon continuation,positive
wiiiiiiiiw hhh xd,positive
860 dislike 860 miboun w mibouna,negative
nader abbassi w nsit rou7ek,negative
yfekkerni fi klem ellil mte3 tawfik elgharbi yehki fi kol chey,positive
wiouuu wlhh lihh wa7chaa l groupee zaah,positive
rabye ta5ralou fih wiouuu 3la ezzebi,negative
yam3alem,positive
grand salut pour rabii le monde t'aime moi aussi bravo,positive
rabye for presidence,positive
rabii3 il hobb,positive
wiouuuuuuu men tounes,positive
bouden l7ob wiwo anaka7 jaime bkol fa5er,positive
rabi3 enik koll,positive
il est libre wiwo a7la rabi3 bouden,positive
9adeh ya7chi fih eli m3ya j'aime,negative
3amel page w b4ath el 3bed eli t7eb thej men tunis gelbo ak7el,negative
wiouuuw,positive
wiouuuuu ynk lkool,positive
wiouuuu,positive
wiouu,positive
ja3b il wiwou chkon ya3mil fil grrrrrrr nik j'em o ta3da,positive
ja3b o5tek ya mnayeeek wiou nik lkolllllll,negative
wiou,positive
wiiiiiw naiko kol 3,negative
ya jme3a belehi abonnés lel chaînes,positive
wiiiiiiiiiiwwww,positive
wiouwwwwwwwwww 3,positive
wiouu ala zebi,negative
aaaz abd fil denya wiouuuuu,positive
comme d'habitude hedi zaaiem vous bombardez vos guests avec des questions ridicules,negative
wiww,positive
wiou,positive
bravo rabye bouden,positive
wioooow team where are you,positive
wiiiiw,positive
lkolkom mwabna,negative
mazbrouuuuu,positive
beraasmi bech yetracchah,positive
viel glück es gibt aber einen wort,positive
wiouuu 3alaa,negative
don't make stupid people famous,negative
i think u're the stupid to don't notice valuable people,negative
brass omekk rabii3 tklem 3arbiii kiff yjibook f tv,positive
wiiiiou,positive
rabi3 insane bahi w na9d ll wad3 l mnik,positive
les libres wiwouuuuu,positive
ena tmanit tkoun baba rana 3malna akber wiiiiiw fel 3alem rabi 5alik witawel fi 3omrek,positive
wiiiou,positive
wlahi 3jebni moch 5ayeb,positive
il est libre wiwwwwwwwwwwwwww,positive
a9wa interview sar fi tarikh tounes,positive
wiiouw,positive
wiouuuuuuuuuuuuuuuuuuu,positive
jeybin we7id isib fi rabi raditouh batal,negative
nhbk,positive
7ayawen y7ebouh l7ayawenet,negative
tu le juges parce qu'il est connu et qu'il a reussi à se faire connaitre ntu le traites d'animal et de jahel mais ce que tu ne sais pas c'est que ce type est tres largement cultivé que toi nc'est tres facile d'insulter derriere un clavier,negative
awel marra narref esmou,positive
wach makch rajla fi tunsi okok jayb lina hada walad 9ahba li yakla halofa o dima sakran hada miboun wanta miboun o li yatafrj fi hada yasma kifou walad 9ahba wiwo hada i tab3a f li gay fi alamania o yakla fa halof o ram,negative
bravo,positive
me7lehe,positive
vraiment une belle chanson j adore ghada,positive
mashallah ta une voix incroyable,positive
vraiment bravoo 3,positive
allahu akbar,positive
good,positive
bravoo ghada y,positive
i think im in love ghada,positive
habbalni soutek wlh 3,positive
ramy slimene,positive
thabile,positive
wa7dek,positive
bravoooo j aimme nsoutekk yaccer hlou w ather fiya barcha et surtt fakretni b papa allah yar7mou nw 3jebni dawrek fel seri bravoo et bon courage,positive
7lowa barcha ghada bravooooo,positive
big fan,positive
machalah 3laha hya w sadi9ha eli ktab les paroles vmt bravo,positive
j ai envie de mettre plus qu un j aime 3 3 3,positive
i love you very much ghada you are the best singer in the word,positive
mahleha walh,positive
woow,positive
accords,positive
la7mi kollou ychawak de coup smaatha pour la premiere fois vraiment un bon travail,positive
kiifech chawek,positive
b chouk lol,positive
hhhhhhhhhhhhhhhhhhhhhhhhhhhhhhhhh akhtou ttofla laydoggkom chouk ha,positive
bravo wasel,positive
baravooooo ghada j ador,positive
aktir 4onea 3ijbitni,positive
très touchante vraiment ma7lek bonne contunuation bravo félicitationma777lekkkkkk,positive
walah lehy adeya lghnyea 3 tbarkallah aalik w ala soutek ntrès touchante,positive
bravo ghada j adore,positive
je t aime boukou cet chanson,positive
très touchante j ai les larme aux yeux,positive
tu es super,positive
magnifique,positive
ghneya 7lowa ama taamil mzya taatina les accords,positive
bravo ghada chanson touchante,positive
ghadaaaaa 3 excellent 3,positive
bravo ghadghoud zeyed dima yap9aw jme3et el lpbt houma l a9wa,positive
bravoo,positive
j ai adoré la chanson et surtout ta voix bravo bonne continuation,positive
mais t as une voix à tomber,positive
i just waant to tell u thaat ur so perfeect,positive
talent extraordinaire nbravo,positive
kol mara wehed yrajaana l amal fi tounes 3 3 bravo,positive
wonderful song,positive
coup de coeur du moment,positive
très touchanteee 3 3 3,positive
bravoooooo 3,positive
bravissima,positive
7louwa,positive
c est magnifique,positive
amazing maybe after this you compose another song,positive
7lowa barcha barcha,positive
ibde3 bravo wallah,positive
bravo wasil,positive
jaime,positive
ma7llek ma7lek w ma7la soutek thabel keep going girl you have a good voice and an awesome future u can do it ghada braaaavoooo 3,positive
j adore,positive
bravo extra,positive
perfect,positive
bravo j ai eu des frissons,positive
bravo,positive
bien waselle,positive
bravo,positive
bravo,positive
3sal 3sal 3sal 3,positive
j l adore vraiment ya3tik sa7a,positive
3asslaa tbarkallah 3lik,positive
bravo ma7lak ou soutek ifata9,positive
tout simplement magnifique paroles très touchantes et voix sublime,positive
brvo 8ada vraimnt tres touchante fl mousselssel wbaketni bonne continuation nwma7lek,positive
bravo,positive
very beautiful voice ghada perfect one,positive
aman chkoun ya3tini lparole mte3 lghneya ma7leeeeeeha,positive
ma7lh soutk,positive
amazing,positive
love you,positive
vraiment bravo je suis tellement touchée mon ange,positive
merci,positive
dorsaf ch merci,positive
dorsaf ch lol,positive
dorsaf ch mawsa3 balek wkhayti,negative
hhhhhh golt l ha9,positive
merci doursaf,positive
dorsaf ch bravou,positive
dorsaf ch hak 7fedthz,positive
mahleha,positive
vraiment c magnifique,positive
top top top,positive
j adooore,positive
so nice tawa tfarajt fiha fil mosalsal w jit lawajt 3liha bravoo ghada ya3tik esa7a,positive
tu es juste magnifique toi,positive
j adore,positive
bravo 7lowa barcha 3,positive
3lech ma7atouhech,negative
7lowa bravo,positive
wini hana masma3nahech leghneya fel mousalsel,negative
ken sbart rak 7ajjyt hhhh,negative
kaabi aziz ysalam 9raytek,positive
bonne chance ghada,positive
bravooo ma7leek w ma7la soutek 3 bonne continuation,positive
kelmet elghoneya mahlehom o soutek ahlla 9lil talka aswat haka tawa sinn aandek elmawhba tetkhalesh aleha,positive
bravooo ghada très touchante aman habet lparole,positive
saha lo5ti e3la haswaiet,positive
this made my night,positive
ghada u have a wonderful voice and u play the guitar vert well ni have a guitar but i don t know how to play it that s why i ask u to teach me how to play the ghuitar i don t know,positive
very beautiful voice and the song and the magnificence of genuine 3 3 3,positive
pourquoi tu n essayes pas de participer à the voice france tu as une voix extraordinaire et j écoute souvent tes vidéos bonne chance pour la suite,positive
bonne continuation,positive
bravo ghada magnifique,positive
bravo vraiment yesser ma7lehom lkalimet w soutek yesser 7lou,positive
bravo ghada 3,negative
7fadhtha fisa3,positive
tres belle,positive
ma7lehhhhhha el 8oneya,positive
bravo ghada bonne continuation from algeria,positive
thabaaaal,positive
j adore 3333 bravo,positive
tu es parfaite daddouu,positive
trroooo bieennnn,positive
lyrics ya ghada tahfouna tnjmch thabetha 3 hatta ala fb,positive
tu es une fierte,positive
bravo ghada 3,positive
vraiment bravo ghada,positive
j depuis samedi en boucle et jmen lasse pas bravo continue ghada,positive
anbma7dartch 3alik à ma nkaml ma3ak fi el klammmm njibou s7i7,negative
bravo 3lik,positive
thabelll l 8neya w el kalmiet w soutekk,positive
les paroles mahlehom aleekhr w souutk zedaa mahleeh,positive
m3alma,positive
m3alma,positive
m3alma,positive
7loua la8nèya ghada mais 7a9ék 3malt combinaison bin 2 al7an 5ater fama chwaya rataba fil la7n par exemple fil refrain tnajam tbadal el la7n manefhémch fil music ema hetha rayi c tout,positive
c est vrai,positive
deja c bien pour une debutante kifha kan yetklhaw beha taw tra tatla3lna 7aja kbira,positive
trop mouch chwaya,positive
bravo ma belle,positive
vrm exelente bravooooo ghada,positive
mmmm chkarin rwa7hom tgaaa3tiii mkhybek inty w soutek,negative
ya3tik essa7a ya ghada,positive
bravo ghadghouda bonne continuation,positive
good voice,positive
tbaarkaallh,positive
tik saha,positive
masha allah ya ghada zwina bzzaf,positive
t es vraiment parfaite,positive
good song,positive
viva lotfi,positive
lotfi parle sur la politique mieux que les politiciens,positive
il est très agressive,negative
la réalité de lotfi abdeli walah regarder kifech mtayech omou bouh ou kouh sur page youtube mte3i holaco holaco ben youtube mte3i merci beaucoup partagé tous,negative
le maitre lotfi abdelli un grand bravo porte parole du ptit peuple,positive
samir hantel hatem,negative
mabham waldih hal 7atem hedha,negative
lotfi ya m3alem,positive
d9i9a 57 00 lotfi y9oul fi klem zeyed w9oul lsamir hot tiiit 3leh lbnet eli wrak mehomch 3bed ya lotfi ken jet okhtek fl plateau bch te7ki hakka chouf tofla eli wrah kifeh wejha te9leb wkarzet wala khater ykhalsou fihom bch ydhilouhom ala 20d,negative
un vrai conard,negative
ilmonashet atfah insen shoftou fi hyaty galou washesh ishasha bagla shasha,negative
je retir ma premiere opinion sur boulabyarr il est magnifique mais il n est pas aussi vite get to the point faster turning around and around his speech its a misleading for him miss opportunity because he doesn t answer the right question he loses a lot of importante time for a simple question to or his representation to his mentor nabil karoui,negative
w chahida chahidon min ahlihom yodhhorli ki aghlabiyet el 7adhrin y9erou b tha9afet hamza kaabar w tari9tou el manti9iya fi el hiwar yodhhorli mafamech 3lech nchakekou fih jeune fi la3mor hadheka b tha9aftou lekbira maykhalina kan na9foulou e7tiraman w nsandouh fi afkarou bravo hamza,negative
lotfii ya m3athebhom,positive
tu ses kenys bravo lotfi,positive
bravo 3al episode,positive
lotfi a fait un bon raisonnement politique malgres qu il n est politicien et mr bou labiar est a côté de la plaque vrmt il est trop con,positive
mridh el abdelli hal kaka t es positive idiot ou mekech khir melli 9a3ed m3ahom bhim rak,negative
5iiihhhh mamestouuu hatem wela chkounouuu,negative
bravo lotfi,positive
mamset zok omou w marzen mlayektou boulabyar pffffffffffffffffff,negative
ye nahthawi ye massek inahbuk bu zokomek inti kaiss mteh sorm ommek lkhahba w mhek midu lmunefek,negative
lotfiiiiiiii brjouliya yna3mbouuuu zinkkk,positive
bravo lotfi,positive
lotfi l 3ebdeli baredli aa galbi,positive
ana netsawir ajder beriäsa fi tounis kais said rajel motawesen fi afkarou deriss al 9anoun al 3aam we dostouri ynejim yceyir dawla,positive
bravo lotfi,positive
qu est ce qu il est con ce boulabiar,negative
7al9a 3alemiya bravo lotfi,positive
franchement le dialogue est d une bassesse mais bon fermons les yeux et agissons je suis de nature neutre ama lebled de5la fi 7it et la logique dis il faut agir et non tout recommencer c est à dire je suis d accord avec monsieur boulabiar il est réaliste et logique cher peuple tunisien fait le bon choix,negative
hetha ni9ash mta3 9ahwa lol mouch mta3 plateau,negative
bravo lotfi,positive
bravo y a lotfi el3ebdelli w chokri ben issa bravo,positive
marssan rahtou boullabyar jay essakssik 3alla zboubna,negative
boulabiar ya tahan,negative
tnajmo t habtolna version mafihech boulabiar xdd,negative
boo labiyarr n a pas le dont d un politician ce n est pas son domaine il reussira beaucoup mieux dans le film assfour sur esstah il ne sait pas rependre ou defendre des questions parlen trop et trop vite pour rien ntrop de mellange,negative
9asawt,negative
gtaltni b the7k ama m3allem yeeser,positive
malla ta77an lotfi,negative
yezii 3addd ghalia fraghnca,negative
bravo lotfi hassen,positive
boulabiyar mridh eddawla ettayech fil 9ama7 wo 7aseb rayek lazemha dzid fil baget lazem ki toghlet eddawla t5ales mich t9ayed 3ala nas wo ki tabda saba tor5es las3ar ya ya r5is ya mtayech fi bir 3ala 9rib,negative
hhhhhhhhh 3 lotfi ahsen wehed fikom,positive
hhhhhh ya a5i 7ess chwayaa,negative
trooooop fort lotfi,positive
watarni h boulabyar,negative
nchala rabbi ifara7kom w ifadhalkom ed3uli rabbi yechfini,positive
bara ya loutfi rabi inawrek,positive
khali lrajel yahki walahi latji sahafi yeser ya samir bhim l basics taa sahafi ma aandeksh,negative
lotfii sahiit tbard 3a l galbbb ya za777,positive
ri9 9hawii,negative
tfouh 3lik we 3la nabil ma9rouna m3ak ya ta7an,negative
boulabyar walah top daher spantannee mahleh,positive
7atim birjouliya bhiiiiiiiiiiiiiiiiiiim baaaaaaaaaaacha abababababa,negative
marzen 3osha ha boulabyer,negative
lotfi 3ibdeli kif l7arza mta3 hamem hhhhhhhh,negative
bravo lotfi,positive
bled lhachya w daz,negative
hatem kelmtin wra baadhhom yanajmch yrakbhom yaawed el klma alf mara tllmnt maandiu mayhki juste y3abi f discours,negative
kamilia ched rajlik 3mal l3ar,negative
lotfi abdeli houa wa7ch checha mala 5orda bourjouliya fama 3bed tefhm kan blou8a 7archa bech yben 3la 79i9tou w lotfi mahouch cho3bawi mais hadha houa lotfi mech jdid 3lina bravo,positive
pfff public yrakeb la3sab,negative
ay ay ay mala karakouz hal boulabyar,negative
bravo y a si lotfi,positive
lotfi abdelli un grand bravo,positive
wlh le fhemt kifch mrach7 rou7ou,negative
bolibaaar 7essou makboudhh 7eb ya3mel toilettou hhh ki ji jaaweeb,negative
boulabiar n est pas naïf,negative
el wafi amset w abhem mouch i3lami insane fike ya tunis,negative
lotfi yaa ma3lem,positive
chbih ya7ki haka hatem vraiment zero mostawa,negative
aslan samir 9al 7al9a mch siyessiya 3la asses hatem boulabiyar siyessi,positive
aslan samir 9al 7al9a mch siyessiya 3la asses hatem boulabiyar siyessi,negative
bravoo boulabiyar,positive
ch5as ken lotfi dima mawjoud,negative
jit netfarraj fi lotfi 3 bravooo lotfiiii,positive
baredli 3l 9albi lotfi hhh,positive
ya lotfii yar7em bouk hhhh,positive
je suis algerienne bravo lotfi klemek koul sweb,positive
loutfi kent mate3jibnich laken 2al2an 3raftek 3ala 7a9i9tik rajil w t7eb watanak lasta mithlahou 3amil bravo a7sen 7al9a choufetha,positive
hhhh wchkon chrabha lbirra,negative
brass omok assma3 w ba3d o7kom w yezzi min trahdin,negative
bravo lotfi bret ala kalbi,positive
tawa normal enti rajel w ya7kilek ala martek w jaimét,negative
hatem t7iso swagg man ya7ki n9olik haja,negative
kais saïd yhabelkom ya aytam franca,negative
boulabyar jaben w mnayek ija wardenin enty w martek,negative
bravo lotfi yesser 3jebetni,positive
hatem bou labyar bhim bhim bhim w ya3rch ya7ki 3arfech 7ata yidefa3 3ala nabil w lotfi tayer 3alih kais said président 3,negative
boulabiar la politique khatiyetek,negative
samir wafi chi7eb tho7ik hhhhhhhhhhhh allah yehelkou,negative
mala bhim te3 widhni,negative
walah dh7akti,positive
lotfi abdelli kilma horra wo rajoul ya3ref ach yatkalem 2amma sama7ni hatem boulebyer jahel siasien mouch cha5so netkalem fi siasi 0 minkin ma3aref chay da5el 3aliha bil fes barra ya wouldi chouflek bisness 2a7senn min siasaa,positive
lotfi oulidha,positive
bel dmou3,positive
mala bgual boulabyar,negative
le niveau est très très merdique putin,negative
underrated comment wallah ya3tik sa7a,positive
lotf abdelli baredtelna 3la 9loubna ya m3alem bravooooo enti ta7ki f manta9 w elli i7essou cha3b w chabeb 90 boulabiar a5tak m syessa rak tkarkiiiira w dho7ka,positive
lotfi abdelli ya maalem fdha7 tahana rajel wlh w kolna maak 9ayes s3ayed 3,positive
barcha thohk xd dima jib lotfi invité brabi,positive
zaaaaa7 malla msatek boulabiar,negative
haha lotfi ya wa7ch,positive
bien samir wafi ta 4 très bons invités,positive
le monologue de l abdelli ce gars est d une arrogance infinie,negative
cherif allah yostrek,positive
boulabiar catastrophe fakarni fi slim riyahi en plus pauvre bhim barcha kifou,negative
bravo lotfi,positive
tasma3 ken rabi yfarij alih nil kolha 7baysiya rabi yfarij alina,negative
hhhhhhhhhh yyyy kbaratna haka ye7kiw,positive
chkoun kalek houwa rajol a3mel,negative
kusai harem boulabyar rajol a3mel je m en doute,negative
ommek,negative
hhhh wallah hat ana,positive
masrehia fechla said noooooooooooooooooooooo,negative
latifa ouuuuuuuuiii,positive
ouh lila kbira wehj leftira we ras elfakroun we lafram ben othman we 7atem we zid m3ahom chokri ba7ith nça va bien se passer n,negative
walla chiii,negative
rajel lotfi abdelli nrespect,positive
klemik elkol s7i7 bravo wallah,positive
m3alem lotfi bravooo bredetana gloubna yar7em waldek,positive
chabeb we3i et mtha9ef j en doute fort y a 3ebdelli tehlem,negative
lotfi m3alem ama sakhafni boulabyar w l wafi maykhalihch yetkalem comeme respect d communication ama lotfi baradtli 3la 9albi,positive
lotfi m3alem ama sakhafni boulabyar w l wafi maykhalihch yetkalem comeme respect d communication ama lotfi baradtli 3la 9albi,negative
walahi fair play alekher boulabiar barcha siyesiyin okhrin yanghrou w yghadrou fi blastou,negative
meskina tunis,negative
tozz,negative
tga3d nayk boulabiar 9al sakrou wzaret siye7a,negative
bravo ooo lotfi,positive
hhhh bhim kamilya,negative
n9olik haja n9olik haja pffffff jomla mofida maynjmech y9oulha,negative
rajel ya lotfi kaml dima ched fi rayek,positive
ibhim hadha boulabiar,negative
borjouleya lotfi kawer bihom bkol bravooo,positive
s7i7,positive
lotfi zeyed weld cha3b wfhm cha3b wkal klem linhbou nkoulouh,positive
mabhmou boulabyar,negative
wow intro ghol,positive
bravo lotfi abdelli u nchlh 9ais,positive
stad3ithom lil 3ché nfil 3ers nchhhaaa aaa nhhhh mnayek zeyed,negative
boulabiar ydha7ek akther mn lotfi,positive
kolna kais said,positive
hatem il parle pour rien dire,negative
lotfi mhalim,positive
hetha khatar 3ala biled hilikha,positive
hetha khatar 3ala biled hilikha,negative
tounes ra5sou biha frou5 franca,negative
ana bidi moch fahem walh,negative
lotfi ya m3allem,positive
bllehi kifeh taweltha lkelma sahbi w samahna fi kalkek,negative
hhhhhh malla hatem,positive
merciiii lotfi raby yba9ii aliik seterr,positive
zal3a min awel la9ta hhhhhhhhhh,negative
7atem mgarbe3 w sormou yekel fih wlh,negative
taw cht3mle behom jaimet tlem fehom ki r5is,negative
ala5ater omek 9ahba xdd,negative
dhaher fik enti menhom,negative
jomhour yadh7ek bl flouss,negative
lotfi y8lb lkoll,positive
schelkouh bou labyare yest7a9 etechlika,negative
mallat fakerni bi ayamat madrsa ki yebda wa7d bhim 7achak ama yenja7 5atro weld el mo3allem wela el modir,negative
zak wras khouya maho fahm chy 7afdhouh ml bra klmtiin 3al istithmar b9a y3awd fihom sahrya kamla ninsan fergh,negative
hata ena kifeeek mbahma samir alors la arzen w ah9err ensen ritouu fi hyeti,negative
9olt lha9,positive
lotfi ya m3alem kolna kais said,positive
chlayek reached la5yari tfouh yanari 3la touness tfouh 3lik mêla barlamenn ach ihezz chlayek,negative
bhim w tahan mekd,negative
awil mara na3rif rachid neib ou min 7izb ma7louf nari 3la tounis salafiste walou ya7kmou ma slimnech min lislamislte jawna salafiste,negative
lotfi l3ebdeli w mo9ded shili yelzem nahkiw 3la trab tounes eli tbe3 w 5ir lebled eli mechi lel ghir w men ba3d ahki 3asabela wel me w dhaw w talifoun bsara7a tahkiw fi hdith 7arzet mada5alkom chay fi siyesa wmo9ded comique belha9,negative
elmarzou9i 3arefha bech tekel b3adha hhhh,negative
ostedha 3arbia w ostedh rached tbarkalah 3lehom ama leb9ia mahomch mta3 barnemjek el polemique kont tnajam tchouf 3bed 5ir w a9wa,positive
choufo 7al lech3b yeziwo mel lok lok lok bla bla bla,negative
ya dawe3iiich ya mortaza9aa ya jereba3 7000 entakhabouk m en positive2 maliyoun ya erhebiii,negative
malla irhabi 5iari,negative
el fartas 8adhettou amarikia walla ye5dem 3la rou7ou,negative
mo9ded shili mafhemtech chya3mel fel plateau yesser tefah w maya3rafch ya7ki nmoumathel jey yheb ya3mel l buzz,negative
fahhemouni chemdakhel rabbi fel politique vraiment malla msayeb,negative
bravo rached khiari,positive
ya rached ya erhabii tfouhhh alik,negative
we9ila thebben 3eref wen yorkes w fena 9anet ydour wel fehem yefhem,negative
brabi ya 3arbiya chid darik kir wirachir li5ari wguirou barou 7arirou filastine wailla sakkir fomi,negative
samir rak ib4al 5ayeb i5lassss hhhhhhhhhhh,negative
oooffff marzinhoum fi halbarnemij 3arya wel5yari w les 2 mokded offf malla ham fi halbled,negative
samir elwefi mounachet feeeeeeeeeeeeeeeeeeeeeeeeeeeeeeeeeeeeeeechel w teeeeeeeeeeeeeeeeeeeeeeeeefeh che schiiiiiiiiiiiiiiiiiiiiiiiiiiiiiiiiiiiiiiiiiiiiiiiiiiiiiiiiiiiiiiiiiifo,negative
lotfi mido wabna,negative
neklou omo hhhhhhhhhh fabrication exists in media,negative
malla lougha wow meskina tounes nmella syassa o dha9afa kbira,negative
nifa9 houdhalet mochtma3,negative
bravo arbia wagfa ki chouka fi 7alg lkol men y7awel yetbal3et,positive
rab el bhama,negative
bravo abdelli toi tu comprends la tunisie wallahhh merci et tahyeyeti,positive
mala chleka hedha rached el 5rawi masab ben ali 7chelik cartoucha fi rassek w rata7na men jed bouk el kalb hal manadher el m9alba walah ken yaatiwni klash ma ntirii 3la weldikom elkalb tojar e dine,negative
arbia continuez madame vous êtes une grande fierté,positive
jahlek ou jahl amthelek akbr msiba bech t3ichha tounes fi tari5ha,negative
lam bougriba wa boumous illotf kollohom presque nafs aljaou,negative
pathétique,negative
mnin jaou ha etilef il karama kifech daklou lusibladna ya chaab tounes hal moussiba ili jatna,negative
hada rached issim karij min ouijhou,negative
m3llm le5iyari,positive
jibo ma5lof taw iseketkom,negative
mo9ded ya stal,negative
wallahi lotfi houa errajel yehki besm enness el3adiinn,positive
rachid zebla tfouh,negative
malouli ya byammm,negative
ya smir law kan yjik saifeddine makhlouf taw ysaktek,negative
3bed manouba achref menek ya mokdad shili,negative
lotfi kif 9al fransa ma tnajjemhech ikhalweth fransa dawla nehba iefri9ya rit fransa 3 5 men flousha jeyha mel nahb w oskot oskot oskot mannajemhech taw no9o3dou lel jil elli ba3d fi nafs el systeme a7reg w hej ti mall trem meyta,negative
brabi el batal chye3mel bel mel7,negative
rachid un putin de térorist et traitres tfou yè ta7an dè3ich,negative
fawtha kbira w mafamch mawathi3 wath7a kol 7ad ya7ki 3ali y7eb,negative
rached cest un grand monsieur,positive
wallahi c malheureux tfouh 3al bayou3a w sbey7iya w ta7ana lotfi midou ynather 3lina,negative
anti sbay7iyet fransa jdoudna fallegua twensa,negative
braiek yar7em weldiik,positive
saybo l bhim w chado l bard3a,negative
wallhy y samir hadha si ridha fasdlelk koll chyyy w hani 9otlek si ridha 3la 5atrou akber men jadi w ken mcha chad seb7a w tab le rabii 5irlou,negative
bravo lotfi w ay wa7ed ysada9 syessi raw mnaya9,positive
mech le9i ma y9oul ghir yhez w yosbot,negative
samir el wafiiiii enta 3ayech fi tunis el 3asma w te7kiiiii 3laaa mela7 w t7el fi famak mahouch kemiya kbira ani weld el janoub w kol yom je vais voir le seul ki alle à france,negative
yyy mouch klem mta3 siyesiyin nyilzem youzen klemou mliii7 5asatan m3a idowal il2oropia la tite7chelna ysakrou m3amelhom w trasi il 30 alf 5adem batala,negative
bravo lotfi,positive
salmi bravo wlh a7sen maw9ef nchoufou,positive
bara il amrica 7arebha nnes je3et fi krouchha w inti t9oli amrica,negative
3arbeya 7wajebha awdha7 m sigle mta3 attesi3a 5iiiit,negative
bravo arbia et lotfi,positive
5wenji rached khiari we rabi y9ader el 5ir,positive
5wenji rached khiari we rabi y9ader el 5ir,negative
mala manader,negative
wallahi ysa5fou jme3et ben ali,negative
akahaw illy mayta7enech li fransa wi lil sourra9 ywali 3anif,negative
comment focaliser toutes ces frustrations sur un ennemi qui n est plus et etre completement aveugle face aux vrais problemes menancant la prosperite du pays dont ta betise et celle de tes semblables,negative
abdelli rak a9wa wa7ed chkoun mwef9ni j aime,positive
vous êtes des malades rabi yahdikoum la voie de la femme est péché dans islam,negative
bravo cheb bachir n haw fikom plato kamel,positive
respee l homme from l algerie bachir,positive
niveau très bas,negative
rak m3alm,positive
mlihalkum lirhab frat ya 9habe,negative
je suis d accord avec toi cheb bachir,positive
ya bachir ta7ki bichar3 widdin m3a nas b3ad barcha 3la ma 9al rabbi winnibi may7hibbouch kol ma howa din w char3 7abbou y7aslouk w chalkouk wa man 5alata 9awman sara minhom,negative
bachra lawa7 3lik min hal 5arya wijha mrabba3 ki arnold,negative
rajal 5oya dam dziri walah,positive
bech yraj3ou il mra ta3mil il adhen tochtob slat il jom3a fil jema3 itarmou eddin chwaya bil fi3l sout il ontha 3awra n,negative
walahi rajell l97abb lihom kan haka,positive
grand bravo bachir tu es un homme,positive
oui bien sur sawt limra 3wra cheb bachir ando ha9,positive
ta raisonnnnnn bachir,positive
al i3lam tounsi zabala,negative
nikom hal mlahet bled da3arrra 7achhhha rjellll,negative
azeh bhayem aa wldi sawt lmra 3awra sah,negative
azebiii rana fi dawla eslamiya mata3erfoch eno sot mara 3awra ya3tikom b3asba ta3erfo kan 9o7eb 7aja fi din la,negative
rajel bachir ou sid et rjal média ouled le9heb mayhebouch wild il familiya mais machallah ta3ref trrpondi ana jazairi ou nekteb ki nchouf le3jeb bravo à toi bachir 3ayeche rajel ou dima rajel koiya,positive
zabour omik le mra sotha moch 3awra wala li ygoul l7a9 yjou koul ffe wajhou rajel gal kelmat 7a9 ay sout mra 3awra zebi tatbadle hekom rabi zad diirrr bhayem mta3 zebi,negative
khouya les hommes oui 3andek lha9 3awra oui,positive
ya3tik saha khoya,positive
oui sout el mar2a 3awra wo mazle 5ouya béchir tala3 3alikom ya bahyem gatlak ya5i ani b7dak 3awra enti 5arya mech 3awra,negative
bravo bachir,positive
klemoo shyh makalesh l3ib nw hâta kn aando l3a9lia hedhi howaa ki yghani maa mraa nrml zeda khtr hedha rayoo chakhsi ki tese2lo aala haja à ma mehouch bch yofredh hâta cvy aala hâta aabd,positive
ey n3am sout lmra 3awra w ken 3jbkom ya 9a7baa na3lt allah 3likom,negative
kalakh ra 3la had hesab 3alam kolo skizo wa 3alam kaml 3erf zina heram cherab lbes okayediroh ra kamlin mekalkha dik zebla,negative
les zommmmes,negative
klem bachiir s7ii7 lwh yotlb ff sme7 bravo,positive
c est normale les puttes elles aiment pas les verdicts religieux,negative
lkhlta fi sami lfahr normlmo mayjbinch wahda hmla ki hadi madmna ntb3e fi l9nat ta3e,negative
3andk lh9a bachir wach y3rfe ali fi janbk bahyam kan lhmla mayjiwch fanant jaml yahsbe anas alkol kif rojlth blkfa,negative
houma schizophréne 5ater bachir metfehem m3a rou7ou howa je web 3a so2el 9alhoum f din 3awra point barre ama mezelt n4anii w bch n4anii m3a nsee lkol kima ay we7ed ynajem y9olek chrab 7raaam ama mezel yochrob w bch ychorob ama raw 7ram f diin,negative
bravo cheb bachir ya3tik sa7a w hadika ay pute nik babeha,positive
bas oui 3awra mala wech,positive
cha3eb hetha ma3ach ye9tana3 be sara7a horeyet marat hethika fi tunis win weslou biha,negative
wallah klemou shih,positive
bravo bachir klemou shih,positive
mala mwabna mta3 zabi nsot lamra 3awra t7abo wala takarho,negative
haho shih bachir ya m3alem rajel f7al,positive
nn rakome raltine ida ntoma machi mefa9hine tekhossekome w rana me3ak ya bachire,negative
yatik el saha sahbi,positive
cheb bachir est nul,negative
et toi tu es quoi une personne atteinte de débilité mentale,negative
et toi tu es quoi un avocat des pauvres,negative
fhemtou 3lech ennes talrah lmesslmines cest clair cherrou nik omkom entouma w dinkom,negative
bravo cheb bachir nal3bou tarbia mte3 nssé twensa li jibouha f telvsa t7ebou tbadlou din tfou 3likom,positive
cheb bachir tu parle avec des cons wallah mon frere,negative
cheb bachir rejla mentalité algérienne tahiya lik mn lalgérie,positive
habalthom y a cheb bachir,positive
bachir 3ando ssah,positive
eli dafa3 a3la hak rabi may twaretech ya jahla,positive
wallahi a3jabti rouya fillah,positive
masilik 7ad cher nik omek,negative
patron sadi9i hhhhh si serieuse hhhhh,positive
tounes kofar oumour zboubna rabkom 3wara moch 3awra tnik ro7a,negative
klm sahihhe,positive
7atta sout ommek aka al9a7ba jamila papillon 3awra ya jehel ya mnayek wejh rabbk kilrachklou w ta7ki 3al3awra 3oss ommek ken jet eldenia denia rak tdour felchera3 bni9ab termet bouk ya 5ayeb ya 3efch 5rawatet ta3 zebbi 3ala ases sout 3os ommek el3ekr mta3 zebbi ysalten e55itt barra mout o9tel rou7ek ma5ibek nik ommek cheb bachir w cheb 5raa,negative
ntiya yal ma3za wahd mayakrho bachir wmachna rah nakarhouh ok wkon jito tahchmo ntouma rakom hato rouskom wmatriklamouch ya li wjohkm shiha,negative
oui khoya bachir 3ank lha9 wak niveau 3laha lma3za adika matayahch niveau ta3k,positive
koulkoum jahlin fa din swat lmra 3awra sah ya jouhal,negative
yahkiw 3al 7oria cha5sia w yhibou yofrodou 3lih rayhom wa9tali klamou shih w jeya men char3 rabi mich men 3andou kol marra y9oul hetha rayi w houma yarj3o y attackiw fih w houma y9olou fi klem 9adech en marra denya tet9leb 3lih w mba3ed y9olek ena hor ki thebou horia a3tiwha le nes el kol 5aliw elli theb telbes el ni9ab welli telbes el bikini elli ysali w elli yesker ama houma la yarhmou w la y5aliw rahmet rabbi tenzel 9bal ken a9aliya ya3mlou fel fsed w yelbsou el 3eryn tawa walaou houma el a8labia w yhebou yofrdou hata 3al moltazem fi a5le9ou fi labstou fi makeltou bech ya3mel kifhom w ytaba3hom w ki yabda yet3amel m3ahom normal w yet9abalhoum kifma houma ama houma ma yse3edhomch yebda mich kifhom w yebda 3asirat 5ater y7souh elli howa 5ir menhom w houma ya3rfou ma binet rwehom elli howa 5ir menhom w ki ykoun ye3amel m3ahom w howa fi hyet cha5sia 3ala 5oulo9 y9oulou schizophrène w 3andek doubel face 5alli 3ad 3alli ma ye3melch m3ahom jemla atheka met3asseb w raj3i hetha howa ezzmen elli 7ke 3lih errasoul positive500 ans elteli elli bech yji wa9tou elli cheded w mkabech fi dinou kayenou chede jamra mta3 nar fi idih,negative
amanyekkoum o mar5eskoum o bayna la3ba ey n3am sout lmra 3awra rabi 9al mouch cheb bechir o houa mouch yofti ye7ki rabi ch9al o mouch 9alikk lazem koul mra me t8anech 9alik omorhoum a7rar juste rabi ch9al s7i7 sout lmra 3awra,negative
ya3tik 3asba y a 9ahba cheb bachir icharfek wi 3arfek,positive
lkolna n3rfou ely sout l mar2a 3awra maghyr ma tebdew tfalmou ala rwe7kom ama ki ghana maa maya hedhy khedma w maa yhemouch siwe mra wala rajl ghana maah w kol had yelhe fely yhemou houwa y9oul may9oulch oumourou hlouwa hedhy l aabd maadch aandou ha9 bch y3aabr w yetkalm,negative
baranikomek ya 5rayri telhné fel 97ab wel mwaben li 3indkom fel 5rayer mta3kom w ma3atech t7ot feli maya3nikech ya 5rayri,negative
ye 7anen ye 9ahba,negative
fel 7adith sa7i7 lmra kolha 3awra hani ma nsalich ou na3rf chy hadha wentouma daber ryouskom 3ariw ghaniw rabi i7asb mouch a7na,negative
ya latif min tounssiates des plateaux,negative
garaa ya mibouuun,negative
sarfeeg ya bachiir saabaa m9awdaaa blenaa beha rabii,negative
3andek l7a9 ya bachir heka houwa sout lemra 3awra,positive
cho chkoun yahki 3ad wehed libi nchtefhem menha a5ouya,negative
kolkom khomaaaaaj mostawa kizbal,negative
y a bguar kalelkom ana manich medayen ama fe diiiiiiiiiine ya jahala rahou sawt lemra awra wrabbi howa li bech ihaseb ama nsa tounes rod balek tejbdelhom adiiin rahom ywaliw yor3chou jahel msiba sawet lemra awra wosf klam shih ama chta3mel lelli klam rabbi wrasoul meme pas yakrawah taw tahet trab ta3rfouh awra wala la mala hala bravo bechir wallahi rajel,negative
la clocharde avec la veste en jean elle ferai mieux de fermée sa grande geule elle balance des mots pour faire son intéressante mon dieu une laideur parail toute refaite trouve toi un trou de souris et planque toi dedans et la prochaine fois parle arabe tunisie pays arabe je sais qu elle est tebet idiote donc écrase toi avec la gueule que tu as,negative
akber miboun fi teri5 houwe amin gara ta3 zebi ki me nejmouch cheb bechir wel mawthou3 bech yweli dini 9leb el mawthou3 5ater el barnemj hathake mta3 97ab kizebi w cheb bechir taya7 men 9imtou ki 9bel da3wet el miboun tffiiiiiihhh 3le 3os omhom el 9a7be,negative
bravo bachir,positive
ti hiyya woujoud el mra fel plateau 3oura wjouhom mlabta bel maquillage ou j3ourathom tgoul far bou mzayyen el 3anz tab9a 3anz ila yaoum yab3athoun,negative
3andou el 7a9 sawt el mara 3awra,positive
ti bari nayci n ya amina,negative
tv tunisi walaw ijibo ghir la9heb kima l rahi tahder,negative
bravo bachir je suis d accord avec toi,positive
rethom li fel plato lkolhom emasi5 awelhom gara mech rajel haka ta7an kiel bnaya ykourou fih wrahom tfoih 3likom lkoly masi5,negative
n7ebk yeser cheb bechir wassel kek,positive
3andou l7a9 sawt lmar2a 3awra,positive
bravo monsieur bpositive dit,positive
arjel wehd f tounees,positive
3asba likom wle le hiwar mala maben tfou alikom,negative
ti malla bhim ya minou ma ywafikichh ala sout l mra w ykoul 3awraa w bad ymchi yghani mahom w nrml ty aw andou infisamm ya zahii,negative
salut salam béchir a bien raison en ce qui concerne la femme musulmane nles ignorants de l islam feraient mieux de se taire au lieu de travailler pour iblis car je pense que ces femmes qui s opposent à ce qu il a dit font semblant de pas comprendre pourquoi elles parlent de l islam ces ignorantes quelle hypocrisie al nifak,positive
bravo bechir w tafi 3lik,positive
déjà tu mets pas schizophrène c est une maladie mentale tu dis que la personne est lunatique c est tout,negative
y a weldi message ma ykafich hab n9ablek w n3an9ek khouya,positive
vrais rajel khouk m en dzair y a gada3,positive
ya lala shih 3ando lha9 sout lamara 3awra ya ayatoha lmotabarija howa rajal mafihch l3ib psq howa rajal nti mara 3awra fi sotak ou fi labastak ou fi koulach,positive
bellehi amina sta w9teh wallit machhoura,negative
ihoud hathom,negative
ouiii 3andoo haaa9,positive
wallahi el bachir m3alam,positive
bellahy rouhh nik omeek enty ondzayer mtaak,negative
ye ne3an zabromkom el9a7ba ye mewabena te a3eda edin sonia w 7anen w el9e7b ezoz edabe4 w neyeka lo5ra w amin gara ye ne3anzabor omak el9a7ba ye wed mibona 5oya bechir rabi me3ak,negative
5ih mala barnamaj w mala 5rawat li yjihom ysa5es5ouh,negative
9hab ta3 zabi nik matham,negative
houwa ikoul sout el mra awra o houwa moichem yadih lithnin hatta hadhaka haram,negative
il fenneeen baaachir hhhhhhhhhhhhh,positive
cheeb bechir hhhhhhh ye wallah mousteweyeet,negative
amina khraa moch sta,negative
salma labben y a binti yahdik sawte lmra 3awra mouch 8alite cheb bachir,negative
to takhrawlna fih khwenji khwenji,negative
7ata wahran lezimha fate7 islami ya wedsouf,negative
aziz ti heni tounsi kifek wtounes walet kif america ech teftou zab,negative
ana tounsi wingolhalek walh 3andik il ha99999 m3alemmm sahbii,positive
oui c est vrai,positive
ya ssbhan allah rajl yajdr flha9e whaja galha rabi majabhach mn 3andou et en plus houwa mch yefti psq mch houwa li hka 3la sujet heda koun massa9ssawhch mayjawbch whefa rayou whom tayhin 3lih koun jit m3ahom wlh na9na3hom wnsskthom kaml za3ma meth9fine,negative
ragel 3ando lhak yahki shih hna dziria nasam3oh bzf gonah ndif,positive
s7i7 sawt mar2a 3awra nw klemou shih w jayin t7esbou fih nye5i ldarja hedhi tfhmoush f din,positive
trah yaly tefhem enty het dalil nawarna b3elmek,negative
makhyeb zok omha amina,negative
azbr moughani f hal bled l 9ahba w arjel wahed,negative
walah 3jabe hada chi machi houwa li gal sote lmra 3awra hada rabi li galha rabi yahdikom,negative
amin gara nikoumok enti wa7ed mol7ed mat7bch ta7ki f din sta8fer allah 3adhim,negative
y a zebi sout lmra 3awra ya johel 7el kteb 9or2n w a9raw zaa7 chbikoum howa i8ani w hyia 8anet m3ah 5edmto ye5i howa bech i7asebha rabi bech i7asebha w yelhebha nar jhanem w lmra sawtha 3awra,negative
walahi antom moche moslimin,negative
bachir 3ando al hak,positive
b3loch ki zabi bayan rkhisssss,negative
bechir iklamik ishih w hadha ili itrabina a3lih hata walaw ana mansalich wala mich 3arif ama kamcha ahwach ili yoni9dou fik im3alim iklamik ishih ti hana zabrata aw a9rib minhom li din w il ma3moul bih ha nami,positive
ta bien dit bachir me elpatau elkoul la 3awra,positive
cheb bachir m3alem welhemla heki tjib fid3a lweldiha ken mahoumech kifha,positive
eni men salich bla hechma bla hya la hawla wa la quata illa billah,negative
w maya wech dakhelha,negative
mela 97ab tfou 3al chleyek hamdoullah rte7t men hel marek,negative
ey s7i7 klmw chbchir sot lmra 3wra ia mrim db8 wa ia chsmk anti 9a3da m3a jnb chbchir wa brsmi antoma t7kiw kk 4hortw lhwd w7ltw fih 5tr 3ndw l7a9 wa i3th s7a wa nhar a5r 9odm rbi twa t3rfw ok wa rbi ihdkom ia bnt wa imrim db8 m5ib mn4rk wa fi9 3la ro7ok chwia,positive
tii hors sujet mezeelou ikaahmlou maah hata houuuuma malaah jmeeea débile il sont autend débile que lui wallah,negative
kif omeek baz omeeek 3wra kbira,negative
messlmines jbours m3andk win toussl m3ahom ghir l7o9ra,negative
masder omik ye jehel,negative
younssi nik omek w bouk,negative
c est vrai ce qu il a dit et vraie c est dans l islam,positive
c est vrai ce qu il a dit et vraie c est dans l islam,positive
mela 97ab fel plateau,negative
sifi fhamt chy,negative
ntouma gae sokat,negative
hezou ealemjom w cherrou naykou,negative
meritech 9owa fama ken l fawdha wel korah w jahel w ta5alef adini dawla esslemya wahda barka met9adma w metawra 9alou yzid y9awiwah,negative
9adech ta7chi fih,negative
inti 3omrk makont rapper ki ta9f edynia,negative
tfuuuuu 3lik sut omek hya l3awra ya wati ya munefi9 ya,negative
rajhi sausin enti mibouna y a jehla,negative
assadi 7ata mil seb 8alit wuhhhh hhhhhhhhh mybouna wallah mutna il kolna tawa bda7ik sahir ta7t 7it w meti9ir bon mezilt ki chrit karhba il youm kilma kima heka na3mlu 3leha jaaaaaaaawwwwwwwwww,negative
assadi ismek 3ala jesmek omek w bouk 9al9u ye5i jebuk 3aychin fi 20positive9 ya sa3d omu geh und wasch die unterwäsche von deiner mutter tfiiii geh mal und besuch ne schule bist bestimmt ein arbeitsloser assi der aldi tüten heim trägt,negative
rajhi sausin enti omek 9a7ba wjabet 9a7ba kifek kain jit 9odami rani nektek dhaher fik t7eb el 3asba,negative
m3alem bachir,positive
hadou moslimin hadou wlh rabi yahdini bark,negative
ya bhim a9ra dinek ya jabri,negative
niko matekom tunse okol hacha redjal,negative
tfih mla barnemj ya mwabna bachir nikolhom omhom,negative
brabi shnowa din ili yahki 3alih hadha yahki 3ala islem ti brabi eshkoun 3almou din islem hhhhh,negative
aaa ta3ref 3la boha enty men dekhel w ba3d meda wejha fetalfsa 7raaam m3a9da yekhy,negative
bil3akes ness lkol bach tzid t7ebik 5aterou ya7ki fi s7i7 houwa yast3aref kan bi rohou whouwa 3ta rayou c tt w9alkoum omourhoum nsa ya3ni kol wa7ed yt7aseb 3la rohou nhar a5er mouch howa chyji y9oul lmra ma tghnich m3aya jahel msiba bravo bachirr,positive
97ab zeyed,negative
mala omek o okhteek o khaltekk 3awraaa,negative
mala jaberii fi tunis te3ich,negative
rajel,positive
howa sahih wma3refech yfesrilhom,positive
jahlin,negative
a3rfou kelmt fatwa mba3d ahdrou rakom mhabel ya zebii lokhra mdayra tgoul rajel ou tahkii 3a diin nrakom mhabel wlh hayaa,negative
bara emchy o7kom 3leha kifeh ta3mel ch3arha zeda ye3jbekchy taw,negative
3asba bachir ragel,negative
hhhhh 3lah nasse dz okal ykhamamou haka,negative
s7i7 klemou sawt lmraa 3awraa,positive
s7i7 bachir klamo mahouch 4alet,positive
bravo cheb bachir,positive
bravo atdihach f l9hab,negative
masi5 yogfou dhed chgal rabi werasoul barou toubou rjou3 lellah ya 7outhelt lbled,negative
yecer dhamer,positive
yecer dhamer,negative
dommage madame la conseillère de la municipalité quel niveau et quel debat,negative
mesh 9oltelkom a7na fi tounes 3ana 7ogra barsha ki y7es beli ya7ki m3ahom fi oumour kima hazi na9sin w sektou ma3toush jaweb s7i7 3lesh cheb beshir ki jebed sawet mara 3awra bal3etlo fomo w 3argeto lin sket wed5al ba3zou m3a maya 9aswi rit kifesh jesen fi b3azhom,negative
ti barou nik omkoum ech ta3refou men mra rifia naykoum ched 3asba korsik,negative
zabi nsa adou fel platou 97ab koul,negative
sawt mra 3awra ada fel coran ya ja7la rou7i a9ray ya zabi,negative
cha3b ki zebi bachir rajel whal kamcha 9heb kol mara ichedou wehed i9achtlouh kamcha maben wkamcha 9hab,negative
nanzbouromkoum chnakr7hkoum,negative
mala kharawetet mayefhmoush chyheb y9oul o mayefhmoush eli etheka rayou oumourou,negative
ma3lim chab bachir,positive
aandk alf ha9 cheb bachir nhowa mathal y9olouh limayakhletch aala 3an9oud la3neb y9oul 9arsa nhouma zedaaa akekaa khouya rabi m3ak ô ywaf9ek,positive
bravo cheb bachir voila un vrais rajel,positive
wlh yaaa bachir tgalig fi rouhik m3a ness kharja min gichritha,negative
galha sawt l mra 3awra gatlo lah yehdik hhh teb9a bla rass m3a cha3b kima hadou,negative
cheb bechiir bravo,positive
vive chab bachir w dima chab bachir,positive
fi tounes mey7ebouch rajel eli fehem yefhem,negative
ya amine gara ya3tek whef ihzek ya miboun,negative
amin gara nik omk,negative
mabhem dirrabbou,negative
che3b tounsi chetarhom jouhel yakrho el dine wa yestkhylou methemesh rabi,negative
chab bachir fhal urajal kul khatra yatt lagaw af la missio yhajmou alih wasiyad mahuch sama3 bihum surtu maryam labghal hadhak,positive
bachir vrai les hommes frère amina we maryem niveau 00 vraiment,negative
w enty niveau a9al mel sfer nrajel 9alek mra ki tssih w tghani 7ram w hiya edefa3 3lih walahy 7lowa,negative
hahah ydahkou yaftouu f haja w ma3ndhomch dalil,negative
bara ta gara iti7fik rabi ya kalb,negative
3 97ab tetjouber cheb bechir jawib btari9a watheha,negative
bravo cheb bechir,positive
merci madam soniya hedi la3bed il behya w il motribiya plutôt pkastk mech fam m3a kalch,positive
belehi ye 5oye wesley hal keleme hiye le3be taheki bel frones ama rahi 5aleta keleme hiye bipolaire merci,negative
le keleme li 9aketeh mech hiye ok bar te3lem aheki weija,negative
ken mchitou 3titou traya7 lé trmkom 5ir,negative
brabbi a7ki filli tifhmou ya bachir akahaw,negative
pffffff t3ayfouuuu sawt lmaraa 3awra hela fikom wjouh echar hasbona allah wani3ma alwakil,negative
ina3in bouk ya amin ou bou2 l émission mta3eek ya kalbicharafkom wi 3arafkom béchir,negative
halmodhi3 el miboun mlamed kemcha mlahet 3asba likom,negative
hhhhhh wallahi 3jebni howa tes2al so2el jaweb 3lih win mochkel howa 7or ytaba9 wela la,positive
mela metkhalef w schizofrene aka bechir ya3tek dee 3jbek soutek enty,negative
mounef9in,negative
enti rifeya dhaher 3lik,negative
machallah,positive
malla kamcha 97ab,negative
rajl y cheb bachir,positive
3ando 7aa9,positive
mele kemche ma97ba marka 9o7ob bravo bechir,negative
saybto nas lkol we kabichto fih howa a3az sot fi tonis we athrbolo 3la tayara,negative
hhhhhhhh tawa blehi t9olou a3tini 7adith wela 2ya dja entouma el 9oran 7areftouh d accord sa7bi e5dem 3la ro7ek y7ebou chkoun y3mlouh karakouz w enti sa7bi bravo 3lik mekontech mel 3aksin,negative
bravo béchir,positive
la97ab alah alah ya danya 9a7ba hadik ki gatalham rjal makanch fi touniss wa houma yada7kou ki la97ab wa ki gal bachir sawt lamra 3awra ih 3awra wa apres wa nik,negative
ey 3endou el7a9 bachir sawt elmra 3awra,positive
oui 3andu lmha9 cheb bachir sawte lmara 3awra,positive
ya chograni wejehk ki far3oun makhybek,negative
malla 9hab ou jouhel jaybinhom tnaket lebled,negative
malla 9hab ou jouhel jaybinhom tnaket lebled,negative
oui c est vrais cheb bachir 3andk l7a9 sawt lmra 3awra wlba9i khliihom am yl3boha y3rfo 5iir mn rabii pppffffff mais wslna lwa9t tji tfham tdoukh,positive
had labnat rabi gololi masalmine wala wach men din rabi nasma3hom igolo walah o menba3d thass bali rahom men kawkabe wahd okhar khalik men had elghachi ya bachr rak kbir rabi 3la had dar,negative
mala denia w mala 3bed zah 9atlo 5ali din b3id w 5ali nes 7ora fi 7yetha,negative
rajil bachir wenta ya amine gara bara nik ta mère echlouh emta3 zebi,negative
y a bachir ya m3alem,positive
cette pute kafra tgul ykhi khamja ykhi lmra li sotha y3la hram,negative
bravo 3al el 3ark dima fikom w hetheya lkol bech ta3mel bih el buzz,negative
yet9ho7ebbouu ya 97abbb,negative
na3nbok ya bhima mla gahl,negative
me you4ayer allah bi 9awem 7atta me yo4yrouna me bi anfousihoum bechir bravo,negative
t3ayfy ya okhty,negative
sout omou 3awra he echleka,negative
vraiment tgoulah rabi yéhi entom rabi yéhdikom hors dinkom complètement houwa guél 3a wéch métrabi w maftéch w ma3éndouch infissam fi chakhsia peut etre mazél mahdahouch rabi ba façon complète mais guél 3a wéch trabba vraiment walit lbléd t7éb télghi din tamaman w li yé7ki 3a din ka2énou értakab jarima rabi y9adér lkhir,negative
mal habl,negative
baro nik emkem ya mwaben saybo rajel,negative
kamcha 97ab nhar kol ywariw fi sramhom fel tv ye bheyem ye johell ye monef9in kif toma le3binha mettha9fin w ras zebi wel mra mech 3awra mela bara jiib omek 5ali tacht7elna b 2 pièces w netfarjo medem mafama chay 3awra wala warina rass bazolek medemo mech 3awra zeda ti yeziiiw mel 9o7eb yatiikom 3asbba ye johelll heka el mojtama3 mta3na el fesed 5alena mana3rfo chay ama howa 7keee m3akom bloget dine w islem eli mata3rfo fih chay fi denia na3rfo eli soout mra 3awra w mra ta9ra 9orean serren w mattathanech fel jema3 w na3rfo eli mra toster ro7a w twlbes el 7ijeb bech mat5ali chay yogri el rajel hethi el mra el 7orra wel moslma ama toma chfeyefkom kif el bagra manfo5in w bzezelkom ala bara w nhar kol medin wjohkom eli yji ynik 3likom 5arta w emchiii ye bheyem 5litoha el denia ken toma yehlekom w ya9ta3 aslkom w ken jito ta3rfo w tab3o el tha9afet w tsefro w tchofo el mojtama3at rakom ta3rfo eli kol mojtama3 w kol mahma din 3ando eselibhom el 5asa w na7tarmohom ama toma johel mata3rfo chay mel denia,negative
shet bachir,positive
oui mala khab fe bled,negative
n importe quoi il peut meme plus s exprimé emission a 2 balle,negative
sawt il mra 3awra w khw sybou zboubatna,negative
nik elhom omhom el 9ahba bachir,negative
belhi amina w mariem raditou rwhekom kharia kibir ey lela swt lmaraa 3awraa w hani tofla w no9oulha enou swt lmaraa 3awra ti ena kin3ayet baba w khouya ykafkhouni w zid no9oulha lcheb bachir minghir mate3tadher khater 3ndek l7a9,negative
ya amina nchallah ta9ra klemi ama wlh hak yjibou fik fi talfza wneyktlha omha whani ena mnaik manich la maarouf la zebi ama wlh tjini wahda kifek wt9oli hajti bik sada9ni manab3thha tnayek 9ad mamche lkalb hafyen khatrek hachara fi nadhri,negative
akahaw entouma a3mlou tatoos w ochrbou w a3mlou lkabe2er lkol w ki tji lel mar2a 7armou kol chayy hedha nife9 dhoukouri f tunis,negative
rakbolo 7kèya akeka mala manavir,negative
è5i s7i7 klèmo sout limra 3awra ama omourhom y8aniw wala houma mafehmouch chneya yoksod,negative
brabi chbikom bheyim houwa ya7ki 3la athen w salet w houwa ya7kou 3al 8na mab3id maka 3la bou farda oui c vrai sawt el mra 3awra,negative
mela mridh ki sawt limra 3awra 3leh t5ani m3a nsè,negative
bien dit bachirr,positive
rabi yahdiha inchallah,negative
klem bachir shih saout lmraa 3awra w chbikom maklmtoch karim lgharbi hwa zada gal nafs lhkya wla khayfin latetardo,negative
y bichou bravoo nel3ab w jmhour m3ak a7na fehmink,positive
t chneya ha lougha ta3 zebi eli tal3in beha hethi chhal s5at nes kol walet toba o tefhem chel7ala hethi hak enti mritha 5li9a eli 3atihalek rabi meshya naf5etha bel ham bara dawi rouhek baed tkalem 3al nes,negative
imchiw nik omkom zout mra 3awra besif 3likom ya kleb ya arde2 din,negative
moutha9fet tounis echkounni hiya bech t9oul lemrra souteha 3awrra wa9et ta3lih,negative
bachir rajel 7nin w nchlh tkoun en denia akeka s7i7 lma3na na9setk chweia tha9afa fl dine b sara7a,positive
bachir ya 8ol ya m3alim,positive
rajel chab bechir,positive
rabi yehdik ye bechir rabi y7aseb,negative
barrou nok ometkom l9a7ba ey sot lmra 3awra,negative
mala fo9ma,negative
vive bachir,positive
97ab les cabaret,negative
chnoi hedhe ldaraha ke wjuhm bil macke up keee whala hlia wyeftu sawt lmr2a 3awra shih eyh ème jeybinhe y7amu maa limra whuma kheyfin mishih din 7a9,negative
souut mraa 3awraaa e miraath mafihech 50 e hedheka i s77i7 e nikk i ta7ana ta3 fransa,negative
hhhhhh mala chwaten leblad lnaket,negative
hka ray mta3ou ya jahla w jahliin sout lemra 3awra welt8ani rahi,negative
ywarik eli eli yahki fih maandou hta ases m seha chad ken fl mra mahi tsali seran chouf maaneha aka l argument eli jebou hwa w jeb esid mn wedhnou,negative
ya3tik ssaha ya sid rdjal galkom sout mra 3awra wntouma dirou wech habitou fhamtou ya nssa wrani mra merci beaucoup khouya,positive
el 3ib mouch fikoum el 3ib fi amine z eli y7el fi fomou m3akoum,negative
maaneha lhadarja mataarfouche elli sout lmar2a 3awra w ladarja 3morkom lasmaatouha lhkeya hethi berrasmi allah yahdikom wllh,negative
cheb bachiiiiir fooooooooor 3likm ya boutoxe,positive
cha3eb mouta5alef raw sam7ouni chkoun moch 3aref saw et el mar2a 3awra taw bditou tetfalsfou w totolbou menah ye9adem i3tidhar y all welkom men rabi,negative
bravo bachir,positive
3oumri marit hata diun da5louh fi 7itt,negative
wejeh lou7 wejouh elhame wejouh 3jali manfou5a,negative
raajeel wlh,positive
miboun hedha ynaan 3oss omou,negative
cheb bachir rak for positive0 positive0 et vive les vrai hommes de tunis,positive
tahky 3la ejahel mela ma3ach t7el fommek jemla ki tokhrej jeb raby tofla fi 3oudh maedafa3 3la rouhek,negative
mas9athom,negative
eyy sot lmra awra w kan mshetou na7etou lmkyag li fi wjouhkom kheer y a sami 9aa3ed tfazed fi 9anatek bel masikh hadhom nbrvo bachir,negative
ya3tk zeb hhh,negative
mela ki sawt lerma 3awraa tech ta33mel intyy lina,negative
m3allem,positive
bled la din wla mela tfouh alikom baramej zay wjouhkom bled ykrhou din lotef sout mra 3awrou ok rabi hada li kal bih fi dinou basta,negative
yee 9ahba,negative
oui 3ando ha9 sawt lmra 3awra ma3a l3ilm ana tofla,positive
bravo bachiiiir,positive
cheb bachirrr nesta3rf biiik w lmra li ba7dah w maryem akom bhaym,positive
darou el 3ar,negative
ntoma des complexés hada makan pourquoi vous regardez nos emissions alors regardez vos programmes,negative
tu baranikimek telhé fel 5rayer mta3ek yal 9a7ba,negative
rajel,positive
ye5i y7ebou ybadlou edine bessif ye5i ye9elbou fedenya bessif lezem twalli sout lemra mech 3awra bessif,negative
ki sout zabbour ommek 3awra maw 8anni asba m3a dhkar ti rabbek rak tk7el 3leha,negative
kamcha khomej,negative
bravo bachir hachek mkech bhim howma jehline,positive
kamcha ghabbb tfouh,negative
9adehkom mewbna yezibi yezibi bachir ta3mil meziya ma3adiche dejihom yezebi,negative
zabouromkom ma9bahkom bachir wil islem we din,negative
zabouromkom 3awra fedine efff 97ab w johal,negative
amin gara mouch rajjell se77a chebb bachirrr rajell wllh,negative
toffffffffffffffffff a3la souk ommekoum wa7da wa7ada w ta7an rjel eli sektin mabna ta3 zebi sa7a 5ouya bechir rajel,negative
sob7ana alaah,negative
zokom le97ab,negative
wras omek rajel ya a7la bachir,positive
sout lmar2a 3awra mafhemtech mnin tal3oulna ha jouhel jdod hedhom jme3t lbotoks in9aridhou,negative
mala jabri nik omou weli jeb omou,negative
bravoooooooooooooooo cheb bechir klamik kolou s7i7 allah 8alib klam m3a ili mayafhmakich,positive
nchallah iti7fik rabi amin,negative
machallah klamou s7i7,positive
rajel w9al kelmet 7a9,positive
el9a7ba t9olou rabi yehdik,negative
bravo cheb bachir rabi ya7fdhek,positive
barnemij mte3 mwabna,negative
kol marra tjiboulna wa7da nafkha zokkha tji ta3ti mawa3idh,negative
al3ab al3ab jomhour m3ak ye bachra hhhh,positive
amin gara miboun tfooo,negative
rajel w ness kol t7eb bechir n3la khatrou rajel w 3lih klem nbravoo bechir wassel,negative
les hommes cheb bachir mlakhar ma yhaboch rajal wi saraha rabbi gal sawt lamra 3awra mach chab bachur li galha adi man raso w zid howa kolch hram fi hram ghna en général hram,positive
fomha mgadem 5 mitro wt7ebo ye3tather yna3mbou lwa9t wallh,negative
top cheb bachir bravo,positive
rajel cheb bachir,positive
kleeeeb kleb t7arbou fi din buzkom lkoooool y5os edin a7lilkom mn rabi ech m5ayblkom nar jhanem nchallah,negative
y a mas5a ey ey sout lmra 3awra t7ebou t7arbou din wt3mlou fil buzz tfouuuh 3likom,negative
brabii amina mnin jét w chkouni hia ylimou les poubelles w y7outouhom fil tv,negative
ses vrais sawt ilmara 3awra cheb bachir il3b il3b ya bachir ou jmhour m3ak bravo bon courage,positive
quelle mentalité,negative
rajel bachir llekher ched fi kalmto,positive
bravo bechir,positive
ba3louch wala hi tahan mekch rajl bsahtek weld l9ahba,negative
3awra kif testa3ml southa bech toghri rjel fhemtch 3leh karzou lmlahet eli fil studio ncheb bachir je suis pas fun ama klemou shih,negative
yekhy shbykom 3lyh raajel tawa l7ekya wfet w ntouma tar3jou tka3rrou fi lawthou3 khater l9ytouh mahoush 9aary barsha te7bou t3agboha 3lyh 7raam 3likom,negative
gola bara neyek soteh 3wra w idak fi zebi ma3dich temchilhom ya zebi etya7 fi 9drak m3hom,negative
9hab,negative
berjoulya e cheb bechir mouch lezm taftha7 rou7k w ttklm fr,positive
nazbouroumki ya masiy5a toufouh n3alkom fi balkom 7a9rine cha3be ama cha3be fay9a bikom 3obade chaytine 7ata rabi mas5lkom wajohekom rakom f tab3ine 9anate israel zay,negative
tfou 3likom ou 3ala baramej mti3kom ya 97ab,negative
bravo bechir zayed wjouh lou7,positive
bravo cheb bachir,positive
tafi rou7ok ya amin gara,negative
bachir bravo enti 7or fi rayek achihemek fihom hadoukom morda,positive
cheb bachir sa7ik m3alem w tgoul ilha9,positive
mamstek wmakhyeb wejhek ya amina ya3ejbekchi y7ebou y7arfou wyeftiw fi klem rabi ya3tek de 3la lounek 9alha lemra tnajem tedhen 9atlou est alors ya3ejbekchi tawa,negative
switch pfff,negative
wjoh jahanem wech yjik menhom,negative
meskina tunis kifech walet,negative
m3alllllllllem cheb bachir ya jmal wlh rajel erra5 le,positive
ena dima ngolik wassil,positive
ya3tek 3awra fi 3inik 9adakéch jabri wa7louk fel 7kéya w 9a3dou yetfarjou fik men b3id w yadha7kou 3lik w enty kel mdak mafo9et ken fi hedhi ama zatla wel tatoo 7lel ya jabri,negative
y a mrida ya mrida,negative
mêla go3er 5iiiit,negative
wiiii,positive
tiii cgbiikom kabechtou m3aaah klamou s7ii7 sawt elmrra 3awrra w klamou s7ii7 hetha klam rabbi ama entouma t7ebou enefa9,negative
ye bechir rak enti rajel,positive
bravou t as raison bachir,positive
moi je remercie l avocate elle a su lui parler elle entendu tout le monde après elles c interposer pour clouer le bec au 2 ignorante,positive
n importe quoi franchement bachir quand il a dit sot mra awra il connais pas trop la religion il faut pas le prendre pour imam il a dit comme il a entendu dans sa famille point bar mme j ai l impression vous voulez lui impliqué une grosse affaire,negative
mala mt5alf 5it,negative
bravooo cheb béchir tu t en fou des autres hedheka dinna ch y9oul leni nahdhaweya w leni metzamta,positive
ki nchoufhom ne7eshom ma9e7ba m3a b3adhom,negative
3andou il 7a9 bachir w klamou s7ii7 malla 97ab nnik omkom koulkom w 9ànatkoom il fasda,positive
chab bachir rajel dz tn,positive
bravo bravo bravo becher,positive
bravo becher,positive
bonne réponse chab béchir bravo,positive
bravo bachir,positive
taw bjeh rabi kidech min mara 7kito fih el mawdho3 just bich ta3emlo el beuz w thabto titre kima nhika 3al youtube 7ata mara ma fakirto inkom tjibo insan yifhim fil din w ya3tikom min la5er w bil 7ojaj wa9ta na9choh ama bpositive sur ma ta3imlohach bich tkamlo ta3emlo el beuz 3la thhor el 3bad,negative
sout el mar2a 3awra yal o9a3do kol wa7ed thahroh jahel ifahmo fil din w na9choh,negative
cheb bachir baara mkhiybek 9adeh nakerhek jabri w go3er w raj3i w me taarech twassal fekeretek bi osloub hadhari khiiih tfouuh,negative
nikolhom wldihom,negative
brass omkom el 3onwen mtaa el vidéo mnyn jebtouh kadesh tekdhbou yy zahi w tlawjou ken aal buzz,negative
wach krahtou wesh krahtou hadh labghal,negative
9alhom sout lemra 3awra radouh masi7i walla kafer i9ouloulou rabi yehdi o lo5rat9oulou 3melt 3lik switch off oui sout lemra 3wra 7abba man 7abba wakariha man kareh point final,negative
ntouma sebbou w houma yniko fel flous zokomhom,negative
il est pas schizophrène juste il dit la vérité il est libre de dire ce qu il pense et surtout faire ce qu il veut,positive
bara nik okhtek el sghira fehom mariem,negative
mahouch schizo ama mnayek kifk bethabt hhh,negative
émission nulllll fadouna nafess el manader,negative
yy sout limra awraa bachir shihh,positive
bravo cheb bachir,positive
cheb bachir bravo bravo bravo yamina vraiment tais toi,positive
walahi rajel,positive
bravoooo cheb bachir,positive
t as raison bachir,positive
bien bien bien bien bien bachir,positive
kathertoulaaaaaa hal 9anet ech tkabch,negative
bravo bacher ema 7a9k matjawebch johel,positive
yaatek essaha ya akhi nes mathabech tefhem el dine el islam howa shihe edheka aleh el moslmine akther cha3b motakadem,positive
fi dinna sout limraa awraa iffehmou tahki maa jehela fi eddine elisslemy fdhahtouna,negative
contradictoire le mec allah yehdina,negative
si bachir ya3tk 3ze w boul ense hughhh,negative
mazelto houni hhh yal3n dinrabkom,negative
ui c vrai souttt mra 3awra,positive
ykarkro feha,negative
kamcha mlahit hani mra ou nataktouni cheniya hal homel fi tv w rougara amine gara tahan bi grounou tfiiihhh,negative
rabi yehlkoum nchalah eti7 fikoum ekol masi5,negative
chkouni hedhi mala manadher,negative
jabri jabri hata yalbis levis,negative
bravo cheb bechir sout lemra 3awra elli hab hab welli ma habech famma positive000 hiiit ikasser rasou,positive
comment il va convaincre 3beed kima keka elli sawt el mar2a 3awra y7ebou ya3mlouuh tkarkiraa w haak 9olt w 3malt w enti schyzophrène mais c quoi ça y khouyaa 7ata kenou schyzophrène w maysaliich w mahwech metfa9aah f diin 5iir mnkom lkool au moins il sait bien li yjii melli mayjiich w trabba 5iir mnkom,negative
el jahel msibaa wallah,negative
aw rabi ili gel mechi cheb bechir yekhi wechbikm,negative
s7i7 sawt lmra 3awra njehla kamcha hmall tfouh 3lik mas9tek,negative
3sba ya 9hba,negative
hada ykol hmama taret c est sa chanson rak ghalet khouya hadi c une chanson algérienne,negative
barra nik omek inti w armasta,negative
bravoo bechir allah la trab7k ya rougara bhak lfelja rak 3melt l3ar ya bhiim,negative
m9al 7eyha kifech te7ki m3a sidha bechiyr kn terdha kiyr,negative
nik omkom y a mwebn,negative
ma5yeb mandhrk ya maryem ya daba8i 5it ma5eybek,negative
bèchir limasi5 toujours à la recherche d une opportunité ce conard zatal w soukèrji ya7ki 3ala rabi yè mounèfi9 tfou,negative
zibi ejjjjjj sout limra 3awra zibi thibo tnat9ouh rajil fi dina 3awra ya bhayem ya 9hab tounis ya kofar,negative
bravoooo bachir rajel w nos,positive
ye5i chbiha wjouhom ellotef t9oul alwe7 5achabiya,negative
bachir est un alphabet il n est pas prêt à s excuser franchement il a une double personnalité,negative
sa7itk fiha ya cheb bechir,positive
bravo cheb bachir,positive
narii maya7boush ga3 din lah yahdihoum u sff,negative
tkattllu fih,negative
chbihom 3lk wtffffff plateau mridh,negative
bravo bachir et va pas dans des émissions comme ça etfouh,positive
el mra fi wa9tna hedha 3andha mekena mouhema fi mojtm3na t8nni o ttklm o tsi7 3ala 7a9ha weli mesh 3ajbou ymshy ichayet ahna fi 20positive8 ye ma nse 7a9ou brsha hajet mouhema wa7na twensa mzlna fi sout el mea 3awra o blabla zeyed met5alfin,positive
wlh rak rajil w to93od sidhom cheb bechir,positive
chekraht hal manadher chnia lhala lifihom y7alelou weyne9chou fiklem rabi cheb bachir 9al liya3erfou wna3erfouh ness lkol klem rabi lweh lkedheb mech tjina kertha joret hal bled lkalba brabi yezi rakom kathartoulha fi belna li tunis dawla 3ilmenia w9rib ywali lkofer wel il7ad lamoudha whak l9alebes lijeybinhom nheb n9ouoilkom zeda li 3amaliyet tajmil hram wsahriyetkom wchrabkom wjawkom hram estaghefrou rabi khir lmout tghadi wt3achi lee 9atlou e3tadher lil mra cheb bachir enti ensen najah wsayb 3lik men hal baramej yjibou fanen ytayhoulou 9adrou wya3emlouh tkarkira 5iiittt se3a fi belna rtehna minou halathrem wmar2at silicone yekhi jebelna ka2inet okhra m3ah wjee hasbi allah wna3ma lwakil,negative
chouf sorm omhom ya7chiwlou fih bissif ty 3awra a zebbi,negative
walhi chayi ydawa5 eli ye7ki 3la din fi tounes nés kol tji thedo w yraj3oh erhabi,negative
ye benti enti rabi yehdiik hua yqoul f shih,negative
oui sawt maraa awra ya johala nakhir zaman wala houwa li jahal pffffff karita,negative
amine gara enti makech 3alem f din bien sur enty miboun w batroun 9hab nik omkom bled raditouha 0 mil hal achkal tfihhh,negative
da5el f termetha w mahich fehma chy jabriya,negative
dommage la tunisie recule a cause des idées rétrogrades comme ce bouffon,negative
raajeel,positive
ntm ta mère sale put,negative
athéna mabannnekkkkkk walaah enfin lkit commentaire yaslaah,positive
m e r c iiiiii tout est dit merci milles fois,positive
chroniqueuses sans aucun niveau culturel,negative
bravo cheb bachir mela ta7ana jma3a li m3ak walahi lafikom wa7ed 3abd,positive
cheb bhim w jahel maha9homche na9chouh,negative
asma bellhi yezii mel jehel emta3ek houwa mahouwache ya7ki 3al eklam ezayed ya7ki 3al sawet mar2a 3awra weklamoue es7i7e kane enti mata3rfche dinek haki mouchkeltek donc e9bal matraja3e 3al rajel hak a3ref ache nouwa la7lale weche nouwa la7ram ou ba3ed raja3e kima et7eb sorry,negative
cheb bachir ya wahch w klamk shyh asba lik amina,positive
sout limra 3awra wantouma 97ab moch nsé,negative
bravo chab bachir oumour izzab ma5iyabhomm izzaa7 ty ki homma ynikou fi ilbirra tawa ja 9alelhom chbikom tniko fi ilbirra,negative
ya zebbi mounefe9 rahou,negative
cheb bachir bravooooo mazbalthom hal lemmarek,positive
bravo cheb bechir nikelhom omhom 97ab hekom el kol jeybinek bech yniko bik el buz kkkkkk hh wal kel mnayek amin gara oh yeeeeeee zebi hhhh,positive
respect liik ya cheb bechiir rajel w 9addit ya sa7byy,positive
allah ye3awar li 3almek dine,negative
kehia nn mafamach mais 7assb el marja3iya eli e3tamadha how eli hiya moftin wahabiyin,negative
klamek s7i7 ya bachir ama homa i7ebou le 7ram i7alouh w yeftou fih trabina haka homa mouch kifna i7ebou i7alou kol chai,negative
wa3lleeh y9adem i3tidar rabi gel sawt mra 3awra,negative
cheb bachir il a rèson envoila chié cète pute elle ressemble à rien elle et toute refaire,negative
jabouh habbou ya3mlou buzz 3la thahrou ya5i 3malelhom el felfel fi sramhom,negative
sout el mara awra ili me3ejbech yemchi hi,negative
nan bok w bo omha hanen lmalhat li tahki 3laha ya yhoudi y a jahel nik omak womha,negative
elli mouch 3ajbou isaker fommou hhhhhhhhhhh,negative
tounsi yechfini w yechfik,positive
tk ammiiinn ya rabbi,positive
mala it7andiya ya frere rabi im3ak,negative
ya3ni 9al sawet lmra 3awra may8anich m3ahom berasmi lemin kamcha 97abbb 3lh ki may 8anich m3aha howa bech iwali mech 3awra bara na3en zok omkom a ma9a7ba,negative
wallah rajel,positive
ti klemou s7i7 w na9sou mel nife9,positive
offfffff walitou tetmas5rou b klem rabi tfooooh 3likom ma tehchmouch,negative
amine gara atfah mounachet w mdawer bih kamcha 9hab tafhin akther menou tfouh 3le hal marek lmgalba,negative
wahda ma methajba fihom w yahkiw 3la dine thajbo w mba3d sahla,negative
cheb bachir ya maalem,positive
bachir walah aandk sah,positive
malla mnayka manfouka mosfsra w tetrou3ech n hhhhh,negative
ma yjich yghani w mwachem w rahou kol nhar cabaret w 97ab w chrab w w w w ya7ki 3ala sout el mra w dra chnouwa,negative
ya zzebi 7ata chagrawi welat ta3ti rayha wtefti,negative
ti saibou erajel ya zebbi kabechtou fi hak sawt el mra 3awra ti rouhou nikou omkom el 9ahba dima yheb inatenha amine gara weld el 9ahba bech ya3mel buzz,negative
brabi itlhaw fi sramkom osaybo izbobona,negative
ya dzireya lekhmaj eli andkom yfout twensa b mara7el salamli 3la chaba sabah saybou zboubna,negative
tawa waldik chmda5lek fil twensa ye5ouya ma3adech titfarej fina mala tloubi9,negative
eftah no9btek w taw nahkiw fel be9i ba3d,negative
bari niki oumek ya 9ahba wajha ki terma zokek naten oumek rahi 9ahba saref th3eleb,negative
allah yahlkik y a amiine y a sa9et,negative
ya ta7ana sawet lmar2a 3awra,negative
ya3tik esaha cheb bachir,positive
twensa w dziria jboura,negative
si bachir désolé mais tu es vraiment un gros dibile mongole et même mnaiyk barchaa betounsi,positive
si bachir désolé mais tu es vraiment un gros dibile mongole et même mnaiyk barchaa betounsi,negative
bhim zayidddddd,negative
ya bhima ya go3ra mech cheb bechir 9al sawt lmar2a 3awra raho rabi sob7ano eli 9alha 3ala lisen nabiyihi mohamed sala alaho 3alayhi w salim chleyek w rajil 9al eli 7ib 3lih wel mo9tana3 bih ntouma ech mda5alkom mech minkom mil botox mte3kom ather 3la m5a5kom,negative
wallihi cheb bechir raaaaajel w daret bih kamcha bhayem w johel,positive
ya 5oya howa hor fi rayo w omoro,positive
jabri bechir barcha twensa kifo donc btbi3a howa shih hhhh,negative
pablo hahahaha wenti eli etfare9 fi cwaret ejboura w en howa hor fi rayo,negative
saidi 7or wala yemchi nikomo yab9a jabri markoub 3lih,negative
haouam omk 9ahba,negative
bravo bch,positive
y a johel mathebouch te9blou lwa9e3 w ma thebouch tarj3ou rabi sawet lemra 3awra w hedhaka haw lwe9a3 w l bch y4ani w ya3mlhom kol houwa hor mais matekdhbouch arwahkom w ma tansouch rakom moslmin bli ta3mlou ou mois 5alou binkom w bin rabi tawba fi da5elkom w e9blou dinkom kima houwa mn 4ir kedheb w nife9,negative
ta7ki 3ala nife9 w ena ma ritou ken 3and bechir mte3ek,negative
wallah m3alem cheb bachir bravo,positive
koffar twanssa mt3in zebi,negative
ya hanen yajehla,negative
tahiya mina almaghrib,positive
ya oustatha ya3ni ouskot 3ala alhak wa 3ich hayetik irdhi innes wa matirdhich allah hata fi kelmet hak rabi fi elwoujoud youmhol wa la youhmoul,negative
ya okhti iisayad andoo lha9,positive
sahbi twensa jboura mazelo yahkiw 3al mra 3awra wel 3asba rekha fihom mel 3alem lkol abda mel 3rab wenti tala3,negative
pablo ili yit3ada ydizo fihom w yimchi w mazal il 4arb,negative
ta3rich tnofik ou jahl te3ehom mizelo wehlin fi 3ahd jehiliya ki tkoul haja maywefkikch aleha isiblik omik wala ikolik zwewla twensa m5a5ehom mahdouda,negative
quads08 twensa des malades mental trakez m3ahom matnajm ken tes5f 3lihom,negative
pablo yessir le wili dhahik dima ikarno rwehom bil europe ou usa ou kifeh ihabou yimchiw il hadi wala sa3at ikolik ahna 5ir minhom sna3na tib wil maths,negative
du nord tawa ena erjel eli kif bechir fehmhom 3leh puiske la domination des femmes tse3dhom fi sala7hom ama kif nra bnet mwef9in lklem hedha manajm n9oul ken l3ouboudya w ta5alof fi damhom w mouch fehmin chay mn 7ata chay,negative
quads08 hhhhh ena fi usa walah far9 kbir fi kol chay torbya 3a9leya technologie architecture art twensa mazelo fi sout lmra w chi5 lhenteti hhhhhhh,negative
ayh s7i7 sout lmara 3awra manohrbouch 3al wa9e3 ama kol wahed 7or fi 7ietou fele5r rabi y7esb,positive
y3tekk 3asba,negative
jboura ya sahbi mala mwabna m5a5 fergha,negative
t7eesek tetd3i kil 9a7ba m3alem 3sabek eni chekek fi sotek yatla3ech 3awra daher fik chtar lbess,negative
ye5i chbikom hou yafsrlkom wentom ma7btoch tafhom ya 5ala9 rabi raho fi alaslem souta el mara 3oura wazid ken jato 3abad mat7kouch fi haja matfhmoch fiha wzid yad5lw fi din fi hajta far8 allah yahdi ma5la9 wabra,negative
ya3tik 3as otlob isme7 9ato ontouma aswetkom tondo ilwdo y9ahab bar nik omkom,negative
hamid dllo enty ensen jahel rabi yechfik,negative
alahom salo 3anbi t7eb 3la zeb bedwi thaher fik ya ko3lefa hhhh,negative
elkafi bara nikomk la nji niklk omk ya 5ra,negative
pablo 3asba fi sorm omik el97ba ili 7let zbourha ou habetet miboun ihded fi bent ness bzbo layth tfffffffffh,negative
zad inti jariya lsormik ya 97ba mhow 7uriya kol 7ad y5tar ili i7eb inti 3bda ll3sba inti jriya ll3lsba y3tik zeb 3la wejhik heya 7ura nik omik,negative
zad y3tik b zib 3la wejihk ou 3sba fi sormik echyat enaten m3lblich ba7d sabiti tufla niklk omik el97ba t93di 3sba,negative
nik ommek,negative
yaweldi 90 m twensa stajboura mouch stajrmou hhh mala 5rod,negative
honer 5ouya sehla,positive
soufia o5ti ahdri 3al dziriya 7orra,positive
honer nochkrek 3al nsi7a,positive
balla3 fommek yal baz w 5atta jeya ki teji tahder fil rojla madmed fommek w asma3 3leha winta seket lin tefhemha mizyen w hedhik il 5atra tnajjem tahder rojla 3allmatek tahder bil na9sa m3a n9es ena mechni bech nsebbak walla n5asser m3ak il hadra,negative
ahlam mnf chbik dakhla trafis wa7dik,negative
oui c est vrai 3andna 3o9da meleslam 7ata houwa rabi mnazel 3lena lham wallah 3andek 7a9 wallah tawa win 3raft lma9oula achahira aljahl mosiba,positive
ya jouhala ya met5alfin te3ref nebi sala allah 3lih weselem che9al 9al elmara tezna bi kelemiha we mechyiha wa libesiha wa 3etriha,negative
bachir les hommes,positive
barvo bachir wa 3abdhk lah9e,positive
win 9rit rabha hédhi,negative
am mary w enti b9o7bek tetda5el,negative
ay oub ey w mba3ed win t7eb toussel yaani ki sabbitha 3malt afar wala kifeh nes lkol ynajmou yssebou ama kol we7ed y3abber aal a5le9ou rabi yehdik w heyya matetsammech tda5let kif ma9olt syedtek heya 3tat rayha ama ly keteb el commentaire howa li tda5el fi 7orreyet ennsè li ya3mlou botox w la flitox kif ma9al howa wala oumourhom,negative
riti wejha kil lou7 omniti nchoufahom minghir mikiaje wallah,negative
aminnnn go3orrrr weli m3ah,negative
go3ooorrrrrr,negative
tounes bled el kfar,negative
takhralna fih mana mnaykin mtaa zebi koffa w nos caa vaaa,negative
ti hak inti abou jahl tla3t,negative
naan zabour omkom ynajmch wehd yesker wy9oul rabi yehdini ama mouch yji y9oul chrab hlel ti chbikom aweych,negative
bravo bachir nhabk ktir rajl sa nas,positive
cheb bachir tooooooppp nlba9yy lkol flooooop,positive
jééééhel w jabriii,negative
love ken jée a9aliyet lmouslmin tafkirhom kiek rayy denya labes aaleha yaatik saha,negative
amin gara ya3tik 3asba,negative
yedek fi zebi w nik omk mn fou9,negative
hak id5alit bara nik omek tawa,negative
rouhou nikoumkom froukh enik mta3 zebi chhak krawat,negative
atef sekak wlh enti akber mibon,negative
mella mradh,negative
orgedd,negative
5allihom fi 3mahom taw yjihom nhar illi ychoufou rabbi kifech,negative
seif azouz enti akber kefer,negative
oh ya3tik essaha bechir,positive
hhhhhhh haltk tsakhef wlh mala jahl fi hal bled 9alou 3awra,negative
parce que houwa maya3rech ya7ki ça veut dire ma3rafech kifech yfaser lihom 5atrou ma3andouch afkar 5atrou jahil bdinou,negative
amira 3awra zeda whram kif t3ali southa 3la rajelha layajouzzzzze,negative
one hhhhhhhh wallah machoft abhem mnek,negative
mouh 9a7b hthoukm t7el fi fomha w ta7ki françai tab3 fi lgwra mouk 9a7ba kifhoum tfouh 3ala zok omkom cheb bachir rak rajel sa7bi,negative
no one chimda5el l mécanique quantique chbik thaya3 ya tfol mat7ebech tsada9 beli fama god w t7eb tsada9 beli enti jit bzhar malgré fama 7aja kima cosmological constant problem t5ali l7keya mte3ek mosta7ila bara chouf tal9ach we7ed mil youtubers mte3ek ya7kilek 3leha chwaya,negative
gabsi hhhhhhhhhhhhhhhh bravo sa7bi 9wia barcha hhhhhhhhhhh,positive
flower hhhhhhhhhhhhh wallahi berrasmi,positive
one tnajem ta5tar ya rabi jebou rab we7ed ekher w nab9aw enti tis2il choun khla9 wena n9ollek rabi ya tkoun thkey ta3ref wa7dek enou howa khla9 mayjich ykoun 3andou nafs lqualities mta3 lma5lou9at mte3ou so basically,negative
flower 5ouya ena 9otlou na3tik tawa ayat mil 9or2an fiha 7keyet el infijar el 3adhim w fiha nadhariyet etaba3od walah kol chey mawjoud w taw na tik liste,positive
a5ta la7keya hethi kol ne3ilk bech rabi yehdik wlh jhanem matar7amch ya 5oya hhh nchala rabi yehdik ma3andi man9ol,negative
ui brasmii klemk shih,positive
andk hak sawt maraa awra,positive
wenti tsadda9 kel bhim hhhhh lwa9tech tfi9 ki ijou islemiyin yi9ossou lsen ommek lwa9tha tfi9,negative
urbaniste el islemiyet kolha israeliyet ezzouz fard system w lkolhom diyenet 3onsouriya,negative
one hedhom maya9rouch 3andhom pc yech3el positive0 sweye3 fel 7keyet elfargha kima rabi3 bouden sinon yetfarjou fel les videowet x w ba3d ijou houni iwalliw yeftiw,negative
kribi anahou menhoum el rab eli bich ntoblou mak ta3ref makathir rabi ken rbouba fi hadinya,negative
behi nemchi m3ak w chkoun 5la9 rabik sob7anahou wata3ala,negative
niveau zéro l animateur,negative
a3lah dakhlo fi rewa7kom radetni,negative
le journaliste est con avec un public bêtes qui rigole alors qu elle veut cacher quelque chose de secret en quoi sa vous regarde,negative
meryouma lalat nsa la toujad une femme comme meryouma ahla bent fi tunis,positive
honte à vous tous vous êtes ignobles,negative
animateur 0000 pfff quek niveau,negative
c est pas juste la vie personnel reste privée vous cherchez a ridiculisé une femme devant des millions de téléspectateurs,negative
finalement hada ga3 kdeb f kdeb c de la comédie pfff,negative
walah hram alikoum,negative
une émission de merde dans un merdier,negative
c quoi ça niveau habet bzef,negative
m3asoo gara bou falga,negative
wallahi mfhmtch ena taw howa video tunsi w mafih ken ljazayrin barou chedou videowet mte3kom aman,negative
nta chadkhlk fi hyatha,negative
nta chadkhlk fi hyatha,negative
tfou rkhase wjiyahe mra maskina wliya hagrouha loken jate 3aycha bien matjiche takhdem maa rkhase kima hadou,negative
elle est bizard cette femme,negative
ma7echmetch ki ta3ti zokha ou7acham b5wetha tttfffooouuuhhh 3ala zabourom halmandher,negative
jab3a k7eb,negative
ya ka7ba ya mibouna tfoooooh 3lik,negative
ya gara diplomek bidoun mtaa rachwa,negative
bonne comédienne,positive
hhhhhh wlh by dit mon frr,positive
jeya tebki c nor al ba3d a3amlet attaque lel 3brd el kol yji nhar w t5ales el fatoura,negative
thesha te3ba fi hietha w 3andha ser kbir,negative
w hadak rkhis ali yadhak 3lah ma3andoch rahma fi 9albo mahoch rajal,negative
awel delil elli l7al9a kedhba,negative
erriii9 wtaflim,negative
nekra f 5wetk mayenker f aslo ken kaleb,negative
sobhan ilah wich mdakhilkom haja tkhosha hiya wahadha,negative
nimporte quoi,negative
hmar kidir lma f3ayno hmar tfo 3lih,negative
6 9hab whiya 7,negative
hadak rkhis than li m3ahoum rak makch rajl ya rkhis,negative
une bonne comédienne,positive
chehal te viyaaase alajal had les role li nakreh la telé,negative
hram alikom la honte,negative
da3ara had lachan,negative
l émission est vraiment minable,negative
kahba wa,negative
andah machakil,negative
wled 9hab kml li f plateaux kano yastachfaw f tafla 3andha asrar 3ailiya koul wahed 3ando sir ta3o sur tout hadak li kanet takoul fih tramto w yzid 3liha,negative
les tunisien c du kaka,negative
w fél lakher tla3 sit come fe tes3a,negative
hadk zamal kaydhk hiya katbkiii,negative
hadi 3andha sah ki galet bladkom mafihache rjall,negative
c quoi ces questions là vous etes exagérés rebi yehdikoum,negative
iyah fik tla3 fik rabi ya marien hetheka mil el hram eli ta3mel fih hasbia allah wana3ma el wekil fik ya mariem,negative
ya5i hia 3andha a7ses star rabi mahoumch m3aha filplateau wa ila 5let,negative
ya li matehchemch ya gayes tofla rabi ye3lem bhalha wenti hahahi hahaha,negative
chadakhlkom f chira pfffff,negative
c est quoi cette comédie,negative
l animateur est tres cruel,negative
w hadak li yatmaskher rebbi yahdik,negative
ça ne regarde personne elle avait bien ses raisons et je ne vois pas pourquoi dévoiler les secrets je trouve que c est minable et c est trop bas pfff les arabes sont tous les mêmes et pourquoi insister quelle honte,negative
3leh kabecht ya amyn,negative
rahi tkdb rahi tahki 3la sab3 sbaya,negative
incroiyable ce ke je voi vous etes content en lavoillon pleuré aucun de vous ne la consolle vous n êtes pas umains elle a bien fait de sortire,negative
hadk lmb3r li rah ychmkh f 3aynih nkrho lokan ana nkhbto bkas lras,negative
ababa ysa9si bazaf kon jit fi blasatha nadrbo bl kotsi,negative
m3andkom 7ta ra7ma hiya tabki wantoma tda7ko,negative
l animateur est très baaaaaaas,negative
c koi ct émission c grv mab9atch rahma ybakiw fiha w yafadhou f ness,negative
sahih 3andha zouze a5wa chabhoulha fi nafs elfom les frères boughdanof,positive
bil7ak meriem deddagh 3andh 6 5ayut,positive
bayna bli kamira kachiiiii wla ytmskhru b3da hhhhhhh,negative
dak lhimar lkalb mli chaf lbant tabki oydir lmaa f3inih yastahzi2 biha ya wati yaaa kalb ibno lkalb,negative
chafouha meskina o homa yansistiw aliha,negative
llah yahdikoum yakhi hissa yakhi matahachemouch hyateha hadhi wach dakhalkoum yakhi,negative
dm un grand halab yakhi tahan wfarhan makan madakhlak whia 3andha lha9 wach 9alat mot dima algeria for fi kolchi,negative
latr trmtk y a than ki 3dto for fi kolchi 3lah dakhl 3ndhm w ttfrj fihm y a rkhis,negative
wach dakhlak yakhi ntouma twansa finalement makhsosin tarbiya nlbante rahi tabki whadouk ydahkou nrml yakhi yakhi,negative
y5i 3atey nta wech da5lek kloufi ta3 zabi,negative
makountch 3arfa beli twanssa 3endha bighal comme le mesieur eli yedhek 3liha,negative
ifadlekou moush shyh,negative
ti chbyk enssen mnyk chmd5lk fhe 3ndeh wle m3ndhech,negative
ili i7ab marym yikti layk,positive
achno had lahma9 lbant ma9hora o kolchi yadhak,negative
hhhhhhhh oui,positive
wanta chadakhlak,negative
je connais personne mais l animateur est un super débile aucun respect a la vie privé des gens et les invités sont pires c est que cette audace,negative
rabi yahdikoum tadhkou li faha ikefeha c sa vie privée,negative
mahich shiha lahkeya nhatheka kol caméra cachée 3amletha mariem mt3 sitkom wla chnia hhh jadet 3likom hhhhhhh,negative
7ata ana m3ak fel klam hadha 3lach yejr7ou fiha meriem meskina,negative
wantouma wach dakhlkoum ya lkelab,negative
3andha l7ak matlizhech,positive
un peu de respect pour la vie privée des autres y a rebiiiii,negative
hhhhh wena chn3mlkk,negative
asl mahich shiha lahkeya nhatheka kol caméra cachée 3amketha mariem mt3 sitkom wla chnia hhh,negative
hhhh malika yyyyyyyyy hhhhh nchlh labes,positive
hhh enty 7or fahemni ena chn3mlk hhhhh,negative
yekhi chbikom bheiem lhaddarja caméra cachée ezzah,negative
hhh ti 8alta fazt l5wet,negative
testehel bech tetraba 9alou famech rjel fi tunis,negative
déchets d humanité cette debagh,negative
hhhh brabi oskit,negative
koul wahad w hyatou makane ma dekhelkoum bhalel mel moukhrij hâta l,negative
w enta wch dakhlk c sa vie privée koul wa7d w 7yatou t3ayou,negative
in3al zari3atkoum yalaklab matahachemouche ki le mounachite ki les invité tfouuu,negative
w rahoooommmm ydahkoooo,positive
yghiiiro menhaa wela ykrhohaaaa mfhmtchh,negative
esmhouliiiii mais hadoo l3ibed li rahom f plateaux habiiit n9toulhom kameeel pffffff,negative
rabi yahdikom 3andha 6 wala positive0 khwatt omourha,negative
chihemmek fi zok omha enty,negative
nti mouhamya ta3ha nti ly wach dkhlak fal commentaire ta3i t3uyi,negative
echnafer ta7ou loool,negative
9a7ba elle mérite,negative
jichuu tfallem w hia tepki mela amlet rouha tepki yah malla hkaya,negative
jichuu malla mahboula dekhla fi 7ittt,negative
26yrs lemoulha tassfi9a brbi,negative
hemir hado,negative
wesh dakhelkoum vous avez un niveau très très bas elle est libre,negative
w howa wach dakhlo w yzid yafda7 fiha,negative
mt9arnoch rabi blayk nta3kom hadi,negative
nsibi l3ziza,positive
mchi bsiff thderlkom 3srar dar t3yoo,negative
mala 9a7ba,negative
se n est pas gentil de la part de l animateur,negative
kharya kbira jazayria hhh,negative
kother el hem y thahek j ai rien compris mais je suis mort de rire prk elle pleure quelqu un peux me dire,negative
il paraît que la fille a des problèmes familiaux qu elle voulait cacher et ne pas en parler mais l animateur et tous les chroniqueurs ont insisté c est pour ça qu elle a craqué vers la fin,negative
meskina,negative
akbar hayawan almo9adim waljma3a ili am3h,negative
mariam dahia misekin,negative
walah ghir hram 3likom dkhol saha hada,negative
mla 9a7ba 7atinha fi tlvza,negative
ce que je n est pas compris pourquoi chque fois en invite cette dame qu plateau pour liu poser des questions bidons,negative
hayawanat,negative
de quoi tu te melles amine,negative
chehal hmir w li ghlebhom hadak mel côté hmar hmar bghel kelb w koulchi qlil fih hmaaar,negative
de la bêtise pure et dure,negative
de la bêtise pure et dure,negative
charmouta laysa ila,negative
cette femme a les larmes de crocodiles,negative
nta wahde rkais,negative
n importe quoi prq vous aimer m ailier de la vie des autres oncroyabel mes ses vrais la pauvre 9at3atli 9albi,negative
pck takedabe yaser melihe fiha y a kaheba,negative
c ça vie privée wach dakhalkoum din jadkom,negative
je vois pas pourquoi elle supporte ça elle n a de compte à rendre à personne,negative
andha kwet wala t oumourha chou hak elhadra lekbira,negative
sa regarde personne c est quoi cette émission de merde,negative
ma 3endkoum ghir mériem debagh heram haka,negative
meriem ces un amour,positive
ach had lkalakh wehda katebki 3la machakilha olokhrin taydahko otaydakhlo fi chbou9at li b3ida 3lihom khaliw suyda tseter 3la asrarha hiya hora tehdar ola matehdarch ach kelefkom biha,negative
si jetais a sa place je saurai répondre par fermez vos geules c ma vie privé ça ne vous regarde pas,negative
ça te regarde pas c sa vie privé,negative
pourquoi vous la mettez dans un moment difficile peut être ya un problème dont elle veux pas parlé,negative
c grave alach am ydirolha haka,negative
wach dakhalhom fiha sebhan alah,negative
chnouwa hatha chihemkom feha,negative
walah lek rajel ya amin tafdah feha,negative
basha mekyajj barsha kedheb barsha nifa99,negative
haram 3alikom,negative
maryouma ka7ba w 3andha six 5wet ak7ab kifha tfouh 3la zok omek ya fesda dmou3 lak7ab ya mibouna,negative
brabi ach md5alkom fiha ach ihomkom ma9al 7yakom,negative
whowa malo ykon 3anda ta positive5 dkhota offf lbaxar mklakhe,negative
tfouh à amine mala hame bara tittttttt,negative
amir mala faza 3mtha rak,negative
hhhhhh sat wnti sb3a mla,negative
wach dakhalekom hadi hyateha lkhasa ntouma wach dakhelkom hmiiiiiiiir,negative
hram 3likom tfooooooooo klab hmir wallah matahechmo hmiiiiiiiiiiiiiiiiiiiiiiiiir,negative
ykeb saadou mamesstou wallah lak mtaa tv yesser rzin w tu réussiras jamais à être spontané ya gara,negative
tal9ah howa 3andou positive00 soeur kolhom chaykhine connard c est très méchant,negative
nakra fi asslik ou tbki ou min b3d tgoli mhnach rjal,negative
c est pas ton affaire,negative
ohadak chmata ligals m3ahhaa tfooo,negative
diha f rassk al7mar hado khososiyat wach dakhlak ffihom,negative
bfffffffff amir bahim brach,negative
hada hayawan kifach dkhal sahafi,negative
wach dakhalkom 3andha 6 wala positive00 ya zeeeh et en plus yatmasekhro biha blk 3andha les prblms blk buuuf tafhin wlh l barnamaj li ywaja3li 9alby nahterem cha3b tunsi mais asamholi hada machi bernamaj dayman yatmasekhro fih 9lbhom brd ma3a l 3ilm chui algérienne et chui fière,negative
wach dakhalkom 3andha 6 wala positive00 ya zeeeh et en plus yatmasekhro biha blk 3andha les prblms blk buuuf tafhin wlh l barnamaj li ywaja3li 9alby nahterem cha3b tunsi mais asamholi hada machi bernamaj dayman yatmasekhro fih 9lbhom brd ma3a l 3ilm chui algérienne et chui fière,negative
no coment bahdala,negative
mais ntouma chdakhlkoum ya rabi chdakhlkoum koul whd whaytou pefff,negative
hchoooooooma hadchi lidar had lmodi3 lhmar,negative
tfou 3la markate,negative
hadi hayat khassa yabnadam,negative
ach ihimna fiha il wahid yibki ala khwatou,negative
jebetou lrou7he hiye dime tinbizz fi ness wtadh7ek 3lihoum testehil,negative
97abi mibon,negative
nari 3la brnamaj tfoooooo maf9lbkom rhma,negative
je pense que sa ne vous regarde pas pourquoi l arceler comme ceux ci cest moche ce que vous faite,negative
hram 3lik,negative
la rana n7ibouk,positive
dima 3amlin beha il beuze el 9ahba hethi,negative
quelle actrice quelle conasse,negative
ya amin m3est etofla mamrthek,negative
i don t like the fact he asks personal questions,negative
hram 3likom matahachmoooooooch,negative
animateur femmelette,negative
lqahba,negative
5 million vu cha3b tafeh,negative
billehi zaybo tofla ye5i chnowa hedha,negative
mais vous êtes des animaux hia tebki lehmar ta3 l animateur w babel hadek yetbahelo jlab,negative
mais vous êtes des animaux hia tebki lehmar ta3 l animateur w babel hadek yetbahelo jlab,negative
hedeka e3lech me3andhomch erjel,negative
tibki nbké 9ohbik dérbéni nmalla 9anat 9 o malla fdhaya7 n5iz 3likom wé7id wé7id mouther fucker,negative
chbih ta7an amin gaara,negative
mal bhim 7 akwat,negative
6 thrit 7aram,negative
omha 9a7ba kol lila m3a wa7ed,negative
ya 9a7ba na3n zok omek,negative
hhhhhhhhhh chkoun bech ya5odhom 97eb lkolllllll hhhhhh borrrrr,negative
l émission est très très nuls franchement l équipe très zéro,negative
lojhrin jayiin fi noir contra a3la hadhaka ma kaletech a3lihom ya wallah hal,negative
l animateur est un idiot il n avait pas à étaler sa vie comme il a fait et les invités n ont aucun droit de la juger vous tous autant que vous êtes lah yel3nkoum kamel nelle est mieux éduquée que vs tous réunis quelle honte,negative
yakhi wache dakhalkoum samtine,negative
chihmk feha yezbi,negative
chihmk feha yezbi,negative
w nta wech mdekhlek andha hetta 700 okhtt hedja tkhoussek nta,negative
ntouma cha dakhalkoum,negative
je n affectionne pas particulièrement mariem mais la je suis scandalisé par le procéder de l émission tout pour faire le buzz quitte à déballer sans respect et à la surprise de l intéressé,negative
ana hasit biha maskina mais kolchi kaydahk hchoma bzf,negative
cheikh avec papillon rouh djama raak djayh,negative
ils fo respecter là vé prévu des gens vous êtes 0,negative
akh tfeh 3lik modi3 monhat,negative
wech dkhalkom tfohhhhh,negative
wache had tmanyiiik,negative
elle est bizarre cette meuf en dirait un démon maquillé est maintenant elle fait la comédie moi je connais son histoire ces frère lui disait de pas se faire tatouer et de pas baisé avec les gens mes elle a pas écouter son frère et il l ont renié alors maintenant elle fait la victime alors que ses ça famille les victimes pauvre pute heuresement on te connais tes pire qu une cafards,negative
no hiya samhatlo yhha kalb rkhiiiis,negative
sont tous des conards wllah la fille est blessé allah a3lam b7al khwatha o houma sont entrain d moquer wtfouuuu,negative
vraiment vous faites ça pour sab3a sbaya,negative
niveau bas n importe quoi des nuls ds cons des 0000 ds animateurs et public 0000 c privé,negative
wch dakhalkm fi omorha echakhsya ya rabi 3ndha 60 okht,negative
pourquoi toutes ces questions personnelles nsi elle ne veut pas en parler c est qu elle a ses raisons pourquoi insister,negative
bsh hwa wach dkhlo,negative
ta3ali l2albi ana a5oki,positive
meskina wlh,negative
7ram ennou 3endha 6 e5wet,negative
wllah haram 3alikom bakitoha cho dakalkom fiya izay bakit ma3a haram 3likom lak cho wakhin,negative
9lt lihtiram tfooooo so9kom fiha hta positive00000 machrlkomch,negative
nés taloo l el kamar oua ntouma tahasbou chahal queyen fedyour ness ma bnet oua aouled y a khi jayah,negative
yel3an omak ya modi3 hayawaaaan tfoo ma3andekch ihssass bcho3or nass ya akbar hmaaaar tfoooooo,negative
tfo 3likom tefda7o a3rad nass 3ar 3likom tfo hmir,negative
tfou 3lih barnamaj,negative
hadak l bghal 9oja mongol 9a3ed yatbahlel yakhi hala yakhi habes ma3ndoch les sentiments ysa9so swalah vraiment personnelle apres y9olo 3lech tebki 3andha 6 khwatha wela 30 wesh dakhelkom,negative
tekchfo fl3ibad kodam ennass matahechmoch klab ellah yefdahkom enchallah,negative
c honteux vous avez pas le droit diroulha haka w dekhlou rohkoum f hyatha chakhsya en plus tbahedlou fiha 9odam g3 ness niveau bas louken troho thallou machakelkom mechi khir au lieu te9o3dou tekachfou f ness,negative
onta ach dakhlak oman ba3d manodkholch fatafasil yakhi 3la nas,negative
ness thib tod5ol fi cha5siat,negative
wach dakhalkommm,negative
wch dkhlk nta 3ndha 20alf okht wmb3d ykhi 3bed ykhi,negative
neik omek positive000000000 macta lacta ki zibie,negative
ya bheyem kollou fake andha okht wahda juste amlou mise en scène lil site com 7 sbeya en plus meriem tethakk w tfallam,negative
franchement un show des malheurs de gens c est grave en plus il sourit c était vraiment malheureux,negative
c est nul,negative
7ata 5wetha ml9och feha l5ir mouch msta3rfa behoum,negative
ma3ndha 7ta ma3na,negative
tfih 3alik,negative
wallah 3andak ha9 ana man3rafhach besah basa7 b9at fia,positive
n importe quoi c est nul comme animateurs et nul comme questions,negative
bhadlo biha masskina hram 3lihom,negative
c est sa putain de vie personnelle j ai pas compris pourquoi ils se mêlent les autres,negative
amin chneya mda5lek nty fi oumourha echa5seya wlhy rabi la te7echem tawa nwlhy mal9it man3aber kn bkelma akahaw 7ayawen nm3a keml e7tiramety ll 7ayawenet l2alifa,negative
she is crying and people laughin stupid people,negative
hrraaam 3liiiiqq tssa9ssiiii faahaa ou hèyyaa mèsh haa habbaa tahqiii wèntaa wèsh dakhleek,negative
hiya mahabtch t9ol chadkalkom,negative
c son droit de ne rien dire ça ne regarde personne hadak jeune klil eladab pka yetmaskhar bika kikanete tebki w ydire felmaa fi 3inih,negative
marzen zokomha,negative
hiya tabki o homa ydahko ach had lhimaj,negative
cha dakhlahom had klab f hyate nass,negative
7ram nchebou el insen b 7ayawen,negative
semhouny ama chmda5alkom feha,negative
n importe quoi c une bassesse c des libertés et nul ne sait que peut cacher les gens laissez la tranquille a chacun c problèmes mon dieu elle ne veut pas en parler vous êtes des idiots,negative
greetings from mesopotamia to tunisia,positive
plus je regarde cette émission plus je découvre la bassesse de certaines personnes,negative
maryem enti walah 9a7ba kalba,negative
trffou kan tkoulif,negative
ss quoi cette e mission de merde,negative
en dirait cet émission et programmée pour faire pleurer l invité en fait passé n importe quoi a la télé,negative
wach dakhlak fiha nta 3andha 20 ba3d 3andha machakalha memkin hram 3likem n9ocha,negative
amset pub fi denya,negative
amset pub fi denya,negative
mafhamtch l jomhour 3lah kan yedhak jyahaa ya zah n9ast ktaar mnha,negative
c est ça vie personnelle wsh dkhelkom,negative
manque d éducation c quelque chose personelle vous êtes zéro,negative
faire pleurer une femme nwellahi meeeeeerrrrrddddeee nhram wellahi hram,negative
ya haqir tefoh 3elik lebent 3am tebki wanta 3am tesal,negative
mskina,negative
hayawanaaatttttt tfoo 3likoum lah in3lkoum ljomhour olmo9adim nta3 lbrnamaj,negative
chhoo la3reb chafoiha tebki nhadak el kalbe ta3e amin même pas yro7 ychof el bente meskiina nwlhi bardiin 9loob n nla hanan la banan khi khorda,negative
3aaaaaaaaaaaaq la ihtiram la walu nwach dakhelkom 3aaaaq ntuma machi ghachi grv grv tfoooo 3likoum klab tfo,negative
grrrrrrv mkch terbya walo machi mtrbyin catastrophe,negative
grrrrrrv mkch terbya walo machi mtrbyin catastrophe,negative
dés questions stupide ya masat,negative
se sont pas vos ennios non,negative
j ai pleurer avec elle oi bad talit kidba,negative
lm5lou9a hadi mrida blkdb hhhh,negative
of miskina n7ibek maryouma,negative
meskina maryouma chfeha ken matièr nmat7ebech t9oul,negative
tfou 3likoum,negative
3lawah yhawas hada wach dakhlo fnas pffffffffff,negative
des imbéciles wlh,negative
kivba,negative
ya masa5 ya amin,negative
hram 3lih wach dkhlou pff djayah nas kamel 3andhoum asrar,negative
brbanaj 00000 positive00 al kol klab,negative
tyssaybha y a amin mmamisstyk,negative
mala soual chihemak faha enti,negative
y3333 mêle toi de tes affaire badin hyatha ykon 3ndha htm positive00 5te doha fsou9 rask alhmar,negative
hadak lahmaaaar li gals y3ayb 3liha ohia katbkiii khas lkalbat mooo yathraa9 bl3afya mikrooob la howa la lmodi3,negative
modiiiiii3 ha9iiiiir machi so9o makhashach tjawb aslaaan machi madtara tjawbo,negative
ntoma hyawanat 3lach kadahko,negative
heya mat7ebesh tjeweb ya amine enti chemda5lik feha belk t3arkit m3ahom 7ram a3likom ta3emloulha hakeka misina etofla à ce point mafamesh ensaneya fi hal bled za7 e7tarmou chwaya la3bed plz ou aka tofol li yetmanyek a3leha jeyebha ro7ou dhamer mamestou ou ma5ibou 7asha 5ol9it era7men vraiment maritesh ma as9et menkom tfih 3likom ken jitou 3bed ou libled ma fezdet ken bikom heya dhahra ma t7ebesh t9oul ye5ouya chihemkom feha mala nasnesa,negative
chimda5lek ya amin,negative
hram alik ya amine,negative
had l7miiir hadoo x had 9alat l adab,negative
ntoma cha dakhalkom tfo dabar rassha 3leh chkoun ntoma ben dakhlo rwahkom tfo,negative
hadho klab machi des animateurs,negative
tfouuu 3lik ya na9ch lmafrou3 weld l9ahba chadakhlek fi 3azrinha 3andha hta positive00 tfouuuu n3adin bouk la nta rajel bakit wliya aaa l3atay,negative
taw chemdakhalkom,negative
abko sirine bil montalite ili 3andek ye malhat,negative
tfoo alik we 3ale aslik mele malhat ye amin koye ili jeyebhe,negative
ykeb kboubkom metkhalfin w bheyem w tefhin,negative
si elle pleure pour quoi l autre con fait le clown vraiment c un minable rabi yehasbak inchalah,negative
wa3llah tfooooouuuuh 3likom,negative
astar mastar alah,negative
yaw wch9awdkm ya zabi zabiiiii,negative
rabi yhdina koul wahd hytw whaw hour fih mi hiya mghrwra bzaf,negative
wch dakhlkom f khossosiyat nas mijtama3 tafeh,negative
hchouma 3likoum kamline galsine kathachmou fiha ikonou 3andha 5 oula 6 hna malna âche dàte lina ouhadak el hmar li kaydhak 3liha oukaydir domou3e bilma2e rah akbar hmar makaynache el insaniya mabratche tgoule sou9ha 3andha dorouf machakil m3ahoum kon kante fchi plateau européen kon t3atfou m3aha kolchi hmir men el modi3e li doyouf,negative
sympatique lfaza,positive
mouch normal chbihom kabchou nomour familière,positive
mouch normal chbihom kabchou nomour familière,negative
nchlh tmout ezibi n 9a7ba,negative
mais d quoi vous vous mêlez ptn laisser les gens font leurs vies,negative
ma5ybik amine matjich monachit,negative
nta cha dakhlak ydakhloo rwahhoom bzefff,negative
occupé vous de vous onion purée,negative
ihsen laati oignon et non onion bari chofi rajel ilamak,negative
wach dakhlak fa nass,negative
tbahdlou fi rwahkoum ya twanssa,negative
billehi chimdakhlkk ya amine oumourhaa malaa,negative
ti chnowa hal karakouz hedhi wechnowa hal 7ala el mokrba wechnowa hatt7in elli thezzou fih hia tebki wel jomhour 9rib yebki m3aha malla ro5s wmalla kamcha mlahet tjibou fihom tfouh 3le hattlefez chkarahtouna fihom,negative
ymathlou 3la la3bed yezi mel kedheb ya fachlema kkkkkkkkkk,negative
la question est bête et l animateur est insensibles en plus elle n est pas obliger d étaler sa vie l animateur tu es vraiment irrespectueux,negative
qu est ce que c est que ce genre de programme débile on a l impression d être dans un commissariat de police sinon c est du cinéma,negative
brnamaj khan z wa mday3 mocharkin wa motavarjin hamir,negative
hado kolhom hayawanat bisifat ensan eila hiya kdbat kadba basita fahoma hyathom kolha kdob fi kdob siro ta9aw lah ntoma kdabto 3ad njahto fhad domin ama hadak li khcha sb3o flkas n3tih tahiya man 3andi bsab3i lwastani siro lah elagiha likom,negative
haram 3alihom,negative
chyhomkom fiha 3ndha o5t wla 6 bahicha tw hathi bech t7sboha 3liha fi l émission 9dem l camera,negative
amnistie gara manyk oumk 9a7ba soual manyk mayjich yali 3aml fiha rajl anti 9a7ba amni gara,negative
aucun intérêt video stupide et méchante des questions idiotes,negative
ya mariam 9adakch masts,negative
kol chay tamthil w kethb fil bernamj ettefeh hetha,negative
y a by3louch marzen 3osak wooh,negative
9adechou mridh he emin hedha fadedni 5iiit,negative
dmou3 tamasih manahmalhache had lamouskha 9ahba tfooo,negative
kon ana ngol lihom sa vous regarde pas,negative
tbelehi ech mda5lek fe waldeha 3andha 6 wala positive0 omourha cha5seya 3leh tejbed feha fe télé w men8ir mat9olha ena ber8em man7ebhech ama matjich lfaza,negative
allah ya3tina la39ale,negative
wsh dekhelkooommmmm,negative
barnamaj tafah hchoma had tasarofat nas tadhak moraha nmostawa tayah wlh l3adim,negative
barnemij zéro tafih ya3tek bagla,negative
la médiocrité bat son plein en afrique du nord,negative
elle aime trop faire le buzz cette meuf,negative
barnamej fih kan tnofi9,negative
msskina kifeh mt7mlethom,negative
c quoi cette émission qu est ce qu on en a à fouttre du nombre de soeurs qu elle a et leur conflit,negative
c est l émission la plus nulle t catastrophique au monde où est le problème si elle a six frères et puis ça intéresse les téléspectateurs,negative
pour l animateur c un con elle n a pas vulu te répondre,negative
brabi chemda5alkom fiha 7ietha 3ayletha w hia 7orra t9oul wela met9oulech 3maltoulha mou7akma 3lech met9oulech nchihemkooooom,negative
soyez forte meriem,positive
fils de putte elle pleure car elle a perdu ses soeurs fils de putte,negative
wach dakhelkom fiha 3labiha l3rab 93adna hna lekhraniyin fi kolch tefadho fi ba3dakom tfouuuuh,negative
achhad mostawaaa fhaad barnamaj hchooooma khaliiiiiw nass 3likom la7wlaaa ach dkhalik o daaahkoo mraaaaaaaaad firaskom tfooooo bila akhlaa9 wala mostawa pffffffff mard maaaaaaaaaaaaaaaaard,negative
mêla sujet chihemkom fiha 8eriba wlh sa5fetni,negative
sans commentaires,negative
mamstou lmounachet nchemda5lekk entii malla 7aala hiya tebkii w houwa ya3mlelha nzid nes2lekk walé nbahichi kol we7ed 3andou 5ousousiyet 7ata 7ad 3andou l7a9 yedou5el feha nvraiment matfhek amine,negative
houwa wach dakhlou fi khwatatha w hiya wa3lach bkat hadi 3afssa ma tbakich t9oul oui 3andi 6 khwatati ma 9eltch c pas un probleme 3adi,negative
c du n importe quoi djiyaha,negative
wallahi te3jebni hal mra nhassessa,positive
ma3andkom 7ata 7a9 teda5lou fi 7yatha cha5siya behi tawa 3amlin jaw ki bakitou tofla zid ba3louch yetmanyek kifech tebki ta3rfou 3lah chnwa 7kaya ou madam weslet bkat ken tofla mawjou3a otelbou lotef ou e7tarmou macha3er nas chwaya,negative
twansa 9haaaaab,negative
ty katheerr amyyn 3laa mwassuuh y zebyy,negative
aala 9ad ma kont nhbik waliit nakerhek ya amine gara ntaaref kin tafdhah laabed chmdakhlik fiha yakhii w chkoun 9alik elii laabed t heb taaref entii tao malla halla nchoufou fiiik nharr nchallah w yafdh houk hram aalik wliya tao tih fiik matkhafch,negative
blh saybouha ye5i l emmission kn meriem dabbegh chihmkm fiha ahkiw haja tenfa3 ye yfj3ouha ya y5arjou asrar ha ti saybouha mamst km,negative
vraiment makomesh nrml wlh taerfou aaleha zah aaleh matessta3refch behom taerfou aaleha chnia l machekel li aaned ha w chnia lahkeya li 5alet ha matehkich aala 5wet ha zaema hya akeka akeka wahad ha 5abet hom aala laebed zeyda wlh hyet ha w hya horra yeziw berassmi ma3ach teda5lou f had adha7kou w ala3bou w aaemlou jaw yekfikom,negative
3ayb 3likom meskina bayna dorof srat w machakel hram testahzo baha,negative
emine ya m3allam hhh dima toubdi3na bil suspense ba3louch hhh mela ka3ba,negative
emine ya m3allam hhh dima toubdi3na bil suspense ba3louch hhh mela ka3ba,positive
tfooooooh 3la zok omkom par tt tunis masa5touha b t7in ta3kom pfffffffff,negative
ti aalesh lfthaye7 w howa chad mrejha mabldou 3abd chihemk fiha mala ham,negative
kadiba inti kadaba,negative
amin gara chihimik fiha 3andha hata positive0 kwat chihimik fiha,negative
chehimkom fih toufla,negative
taflim w kithib fi kitheb,negative
msata o yda55el f 5achmou f oumour ma t5ossouch chda55lou o chda55elhom,negative
emission poubelle yodkhol fi hayat nass lil buzz allahu musteaan mala zabla hadhihi hassa billahi khalouha raydha mariam,negative
mala a3bid chimd5lkoum ou a3lich mich titfajou 7aja 3adiya pppppffffff mala 7ila wallah,negative
c est une honte kol jom3a ou houma i bekou fi tofla hrame a3lihome,negative
taua nty emyne shihemk fyha yekhyy,negative
3lech haka brabi saybouli maryouma za7 en plus hiya 7ora te7ki wala ech mda5alkom wlh,negative
too much drama,negative
hram alikoum tfou,negative
on dirait une petite fille a l école devant son prof elle est libre de répondre ou non c personnel et l animateur est vraiment irrespectueux,negative
wchihemhom houma ech fiha 7atta 3andhom 50 met7ebech t9oul ma8ir mat8asbou 3liha,negative
mamsetkom yeser taflim,negative
9adech krahet sorm omo lbarnamej men amine 9arra el r5iss maya3rach ya7ki si l3asba,negative
brabi alech tafdh7ou feha el tfola hal 3bed hadhom wlh rabi yahdikom ya tes3a traw hiya ma thebech tahki ou ma thebech t9oul aleha la7keya alech,negative
khiih alik ya amine mamstek ti chdkhalkom f din omha aand ha hata 30 okht chihmkom feha kol ypum lwehed yzid yakrah a hal bled,negative
wach dakhalkoum yakhi 3bad,negative
hiyaaaa tbki wntoma tdh7ko tfoooh,negative
chiiihmk faha mchhh t3rs ib whda mnhm mchhh nrml,negative
mamstk ya aminé wlh zyyd,negative
mala mibouna,negative
amine rak walit maset barcha w saybou tefla chayya w ma3ach teda5lou fi 7ayt 7ata cha5s maryouma 7a4ika a7yatek 3zizti w mayhemou 7ad la 9adech 3andek e5wa walla flous w la echkoun as7abek bizo maryouma,negative
ti barra a3tyou zok omkom el kol kamcha mastin tafhin,negative
radhia youssef mais bahia sah walala,positive
ba3louch m3alm sahbi,positive
mamset din rabkom ohhhhh,negative
wahda mas5a w zid nahna 3manalha bez eli hyia matsta7a9ech nahkou 3laha eli yenker fi nesbtou kan kalb ya chalou,negative
tawa yo5reglkom el mandher amin gara jem3a jeya howa wel momathla lmridha mta3ou w y9olkom cherektou m3ana fel caméra cachée,negative
mala t7in fiha liblèd walah,negative
mamset zok omek marim,negative
mfaberka,negative
amine gara kathertelha 7ram 3liik 3ib wallah,negative
sarah bd marhbe ena mel kram positive5 anne met8arba fi italia,positive
amin gara karahtni fih l barnamej ya mridh ya ji3an,negative
ta7chiw fih ala zboubna thebou les vu w thebou ala beuuz,negative
chtel yjibolna fihom fi telé expré,negative
c sa vie privè c pa bien se qui fai avec miriame la povre miriame on se mari ken tu ve tè tro belle princesse,negative
mskina sabr,negative
mamseeettt zookomek w bou lkharg mtaaa omek ya 5ra sayeb naaaasss,negative
mafamech chkon ma3endoch ser mamstek amin sadakni serek inti kont wele mezelt twa5er,negative
mella 9o7eb,negative
chouki bourkiza ya bhim gara tu dit ninporye qoui cait ton probleme,negative
sérieux là elle pleure et y a l autre qui s en fous complètement mais cest grave wallah,negative
yeser yheb ya3ml il buz faut arrêter merde,negative
wach dakhlhm,negative
ti chyhemkoum nchala 3endha positive00 ken t7eb t9oul 3lhoum ken t7eb le 93adtou ken tetkoulfou,negative
enchallah 3endha positive00 chnya mochkletkom matfahkom,negative
brabi chihimo feha chmda5lo,negative
chbih maset chmda5lw feha yam3alem,negative
ty 3leh el fdhaya7 ki howa ser fel famille chihemek ech mda5elkom fehom 3leh akeka blehi mehich question n7ami 3liha wla hkeya ama madem secret en famille chihemkom mla 9ohb fi hal bled wlh lezem kol we7ed ta3mloulou haka wla tafdh7ouh saber wlh 7ram 3likom e7tarmou mache3er la3bed ye5i mche fibelkom lmouchehdin yestanou fikom bch na3rfou mariem 3andha 5wet wla le 7ram wlh 7ram,negative
barnamaj tafiiihhh olmodi33333 tafihhhhh,negative
ti lawa7 a3likom kolha mrakba l émission 3amline geure za3ma za3ma ti mitfahmine fi b3athhom comme quoi bech izidou piment lil 7essa en plus obligé 3amline rwe7om behtine obligé tant que leurs salaire ils l ons a chaque fin du mois ama za7 thahrine bien comme il faux,negative
t9o7ib watha7,negative
temchi tzamer tkounech 3anda 300 khyet 7aja mathemnech echa3b etounssi mkarez mn état mte3 lbled menechna lehine le bikom we la b tabela maryem tiiiiiiiii ok,negative
chmda5lik faha,negative
mafhmtch chemda5lkom fiha 9dh 5rito fih za7 dayrin biha elkol tetmaniko 3liha w amiin yes5ayeb ro7o 7aja kbira w chkon 3tah el7a9 yed5l fiha oo la ebkol wa9a7a mzel yas2l fiha nkaml nas2l ou non bara ya3tik fadh7a fi 3yeltek cha3eb tafah,negative
hbiha 7oula,negative
n apporte quoi wallah c est n apporte quoi,negative
briki achref n importe quoi,negative
zahra ines uui c est vrai merci,positive
aba3theha tiiiiiiiiiiiiiit,negative
amine 9adechk lokza wahna chihemna tw hedhi 9adhiya y3ni,negative
tamthil hhhhhhhhhhhhh,negative
klamek sah,positive
amine yai5i chbik titlousa9 fi la3baid katartilha raho,negative
mala wabna w mala tafeha zeyed lklem ya amin ya tahan,negative
drama,negative
yaser tfallmou,negative
tawa belehy chihemkom fl aabed wtf,negative
vous etes des malades vous pensez vraiment que c est intéressant ce que vous êtes entrain de faire c est sa vie privée merde achimdakhlehoum brabi c est pas drôle c est un manque de respect et vous êtes à court d idée vous êtes cons un peu d imagination pour vos émissions brabi,negative
tafliiim,negative
chemda5lkom feha 9adch 3andha men o5t ya dyni,negative
brcha tbahnis m5alat bel msata,negative
chemda5lk enti ye si la5ra aandha 7atta jaych khwet enti chemdakhlk matha9lk w maremzek 9adekch me tete7mlch go get a life,negative
bech ykathrou les vu,positive
aman yezziw houwa d abord manajemch yejbdelha un sujet kima hakka manghir mayekhou son accord w ba3d barra 3andha 8 khwet mochkla yezziw aman nti ena andi zouz 3anna 9snin marinech baadhna rahou idha famma mochkla bin lakhoua w ken lakhoua mouch hnen ala b3afhhom rahou sbab loul houwa lweldin w aman mat9oulouch aliha tmathel dhahra sincère yezziw aman,negative
ma5ibek w marzen ya amin chihemek fiha 3andha hata 50 o5t chda5lek f hyat la3bed,negative
chimda5lou amin ma5ibou,negative
aman 3leh test8alou mechekel el nes w ni9at dha3fhom bech tereb7ou el flous wallah mamsatkom w en plus mkemel fel 7keya hiya tebki w howa yzid ycha3el fel nar,negative
amin gra3 efchel animateur fil 3alem w chroniqueurs atfeh me rit,negative
yeesser niveau taya7 yeeeesser tla3 0 amine gara w tefah aal le5er w chou eka sujet w dossier la3ziz lghali elli jebhoulna kif 9raytek kif blech asswa2 moudhi3 w mounachet ritou f 7yety ytala3 f neesbet l mouchehda b assrar l3aylet tfih y7eb yrodhelna 5ariya kbira ha dabagh,negative
amin gara tardouh men hannibal w melhiwar tounsi ensan fashel ech ihemek fi omha enti ya go3r nans7ek fok 3lik meta9dim mech mta3ek jemla ikeb wala sa3dek nchalah mela enti t7eb chkoun iji inasnes 3lik wela 3la martek ya go3r wala 3omri hthamtou hal ma5lou9 lotf,negative
9dach msataaaaaaaaaaaaaaaaaaaaaaaaaaaaaaa,negative
ma3lma walh bersmi kifech fi9t bha,positive
hhhhhhhhhh wlh bel7a9,positive
chemdakhelhom,negative
brabbi a3melou dislike lel khra gara,negative
blhy elli ykrhh mariem fech 9am alikk ttfrj ttfrj w baed tbdou tnbrou alhaa chnya tarfou alehaa smhny apart lihya anda flouss saybou abed rabii w tlhou frwehkom ham yjibou baramj fha abed yamlou ma9aleb w had mynabber wla kn jet fhom houma brk w nes tseb w harga rouha fl frghh,negative
mabldek w marakek ye gara ye 5raaaaaaaaaa ken taftha7 rou7ek me twalich ma7boub marznek il ham,negative
chimda5lkom 9adech 3anda min o5t,negative
chniya tafeha hethi aman kolou tamthil ye5i tetbahlou wala testabehlou fila3bed aman mamsetkom w matfahkom wlh,negative
tichbik mrijtha nya amin 7ram 3lik,negative
pleure pa ma belle je te comprend soit forte ya des haut et des bas dans la vie moi jai 6 seur et un frère et une famille tres nombreuse ont ma jamais demande si jr suis bien ou pa ils veulent que l argent ta un bon dieu ma chérie refuge toi ver lui ya pas plus saint que lamour de dieu,positive
on faite ech dakhlek faha w balek 3andha mochkla w ma thebech tehki w jey tenbez faha qodem l ness jeb rabi te5dem m3ekom mich invité,negative
bellehi a3mlou dislike 3la 9ad jahdkom,negative
ok wallah ena 3amlet d,positive
chihemna feha,negative
y5i jiben lbnet 7ram wela 3ib wela chnoa kn jeeew 7 awled nrml ama 5ater bnet mch m3arsin wallew yet5abew mala 7ala 3amlin emission w 3bed tetfarej f 7aja ki hakka tfouh,negative
mella 9o7eb makchouf mta3 el mounachet buuuuuuuuuuuuuuuuz,negative
ty chneya la7keya,negative
kkkkkkkkkkkkkkkkkkkkkk ma5yebkom w ma5yeb 3ichetkom,negative
belehy amin khraki zeby,negative
wallah 4riba chneya sifa mteha bech tji cronikour,negative
5 d9aye9 4a3o men 3omry fi joret he tafahat,negative
mamstek ya amin w mamser entejek w mamset barnemjek billehi yezziwna mettafahet,negative
fel7in ken fil buzz comme quoi,negative
tunisiano ya m3alem,positive
hhhh oui c vrai,positive
mamsatkom dima haka mariem tmathel pffffffffffffffffffffffffffff,negative
peace love ena wala 3omri hthamtou ha amin gara ikeb sa3dou mamstou ya rabi 3mali sokr,negative
far5 aimin 3leh heka ize7 it sa5if,negative
zina abdel zinati bant bladi rani m3ak yadi fi yadak,positive
chayma nina a ce point m3a9dinkom zaaaaa777,negative
yasmine mamina ochrobha nti b sem lheri 3al 9albk ye r5isa,negative
chafra ta7et ouuh hhhh,negative
taw tofla methbech tahki aandeha mochkla w entouma testfazo feha wlh rabi yahdikom w aka amine mamsto aabed,negative
kadech moustawek 0 tafdah fel nes mech kaine telhit eb teremtek kir hesibek rabi andha hata positive00 c est pas votre problème kadech walit masset,negative
en plus dhahra tmarhél heya,negative
ki sir kbir 3lech tafdh7ou fil 3bed yomkin mat7ibich ta7ki mamstik ya amine w magdmik,negative
yatih sahhaa vraiment s2aal souel moaathaarr yarham weldun weldik,positive
chihimkom fiha 3andha 7 wala 8 a5wet oumourha bahichi taw,negative
mala 5it 3likom alech haka,negative
9lilet assel ma yonker fi asslou kan el kalb ama heya 9a7ba mych kalba,negative
kasd samir manakretsh fi aslha hia eki 7ajet khasaa raho,negative
amir lautner hhhh m3alem,positive
alieyoun f a s hhhhhh ya3tik douda dhahaktni wana nhari t3ada mkawed yan3al bou zinek,positive
nur al huda hhhhhhhh oui,positive
hhhhhh j ai dit ça aussi,positive
3andek ha9,positive
mamstou l animateur comment il insiste yesser ykabech,negative
3lah rahi tabki,negative
rick chambler oui c est vraiment du n importe quoi,negative
lzm nhrbo mn hd l3ibad,positive
lzm nhrbo mn hd l3ibad,negative
chnia hal 7ala hethi taw hethi 7keya ta7kyouha,negative
chmda5lk e5i enty,negative
des question ki omatkom tfooouuuu,negative
fi fi rahy 9a7ba,negative
e7chmou khrito fih bel7keyete etefha,negative
dima tbki hedhy efff,negative
mala 7ala,negative
aamliin tawla w 4 kressi aala hkeeya fergha w las2laa mtee3 amine atfeeh meenouu,negative
wenti mwasa3 belek ou tetfarej fihom 3leh meho zappi ou ab3ath rouhek tnayek ye mridh,negative
mala miss le9rouda g jamais vu une miss pareil elle a raison meriem elle est moche la miss elle ne sait pas parler,negative
tnaket bel bezzaf f touness,negative
6ati bzezlek ekeli 3reya lbara ye 9a7ba,negative
pfff mèla bheyimmm,negative
beuz w ri9 ta3 9anawat el tofla jaya thifa min el mafroudh ti7tarmoha mich jaybin tofla ma tiswa 7ata chay bich ta7ki m3a miss w t9olha ma tjich miss ti chkounha hiya aslan wlh barnamj ta7foun mais ki ma t9adroch w t5alo maryem wala chisimha ta7ki hika w t3adoha mich tna7oha fil montage vraiment,negative
masa7 wejha hadhi le mdabgha nkelba w sa9ta,negative
bellehi thabtou feha mariem dabegh fi wejha taw heki tji miss ye rabii 9adech ghalta fi rou7ha e55ih,negative
3omrek 20 hhhh t enti sabou7a 2 9aleek miss meriem a7la bsara7a,negative
khouloud zidi mouch maghroura mais sariha w ahna walefna bel tnoufi9,negative
borjouleya matjich miss mahech mezyena w zid mlabza make up 5ayeb w vulgaire fama barcha achab menha,negative
ahlem halouma hhhhhhhhhhhhhh ya3tik douda dha7iktini,positive
chkonek inti ahlem win nmchi nal9ak fi les commentaires lkol swa mta3 taab5 wela bramej,negative
zarga te5ouch 3leha,negative
riiiit dommar sad9itr rou7ha hhh,negative
3iniha ki 3inin el balalaw mariam,negative
el miss tkhawaf,negative
ti rab wijha ki tirmet lihoudi drrrrrrrr,negative
aparamon inti imrith chihimik fihaaa mariem ahla bi alf mara,negative
ahlem halouma tu a raison enfette ilmiss elle a mit tros maquillage donc mareim est plus belle,negative
ramzi dridi tu a raison il n y a rien a rire,negative
karoui yosra sella elle a dis la vairiter elle dis naporte quoi ahlem mais d une autre cotter elle a raison aussi,positive
karoui yosra oui je crois,positive
ramzi dridi hadra fi chkoun,negative
dali helmi est oui calmer vous m5ir 3arik ya gmara sil vous plais,positive
dali helmi oui elle a mit tros de maquillage,negative
dali helmi c est pas sa beauter naturel,negative
meziana,positive
3andha l7a9 meriem tawa hathya miss wejha fo9ou zouz kilou maquillage,negative
taayeff taayef mala misse t9azez la manta9 wla ehtyra w la jamel w mariem azyen w achabb balf marra ya3333,negative
tsstahl meryem ach dharbath fi rou7ah nhar lkol tnaber 3al 3bad hdoukom wosslou b5dmthom enti moch 3arf 3lik kifch tla3ti w nhar lkol t7ki b 9owet lflous kif tmchi lrabi nhar a5er goulilah 3endi flous da5lni lljanh karhtouna fi hal bled,negative
pour une fois je suis complètement d accord avec meriem la miss n a rien à voir avec une miss,negative
mighyara maryem,negative
amar aloui oukhty liberté dexpression comme vous nchkoun khayeb,negative
la makch ghalta ken dabegh mezyena 7achek ynanbouh zin waktha hhh,negative
martek ya lamine guara 3ndha les rides,negative
hicham gray cloud bravo bien dit,positive
ti hata ken jet mezyena mariem dabegh tahki hakek ti wejha bela7 t9oul ka3ba sfrajel hhhh,negative
mamsetkom mech behi nsebou l3bed,negative
w kol 3abed 3andou 7ajet behya w 7ajet 5ayba,positive
hhhhhhhhh aussi meme cas pour dabagh wejh el hsan,negative
wtf mariem edabegh mata3resh leta7ki letesarf,negative
heki dabagh makhyb wjha khiiit,negative
ramzi dridi hia sem7a ama makyaj 5ayib fasedha,negative
s7i7 wallah 7ala,negative
ramzi dridi oui wlh c est vrai andek lhaqqqqq,positive
elle a raison concernant cette miss franchement il ya plus belle qu elle notre pays on plus point vu personnalité elle a aucun charme bref fade,negative
testehl malla bleda,negative
elle a raison mariem cette fois ci cest vrai ya plusieurs critères ya pas que la beaute mais cette fille elle a pas de charme de tout,negative
tae bts vous avez raison mais wallah elle a pas de charme fama bnat wallah mahomch tellement andhom charme khir mel zin balf mara hata ki yahkio defois,negative
hello army nice to meet you im army too klemik shih thesha mritha wala chbiha dima ta7ki bl 5ayeb 3ala 3bed m t3rafhomch,negative
machabek y mariem w math9lek w bnsba lhanen hethi matstha9ech tkoun miss mouch hloua,negative
ben saad fadwa blh 7anen hedhi khiir min mariem ti mra maa9da miss moch ken bzin btorbia zeda rahu,negative
je t aime beaucoup lobna naima et omaima,positive
malla g3aaar,negative
makhyb zok om wjouhhom,negative
itfi mahbl,negative
lobna jaltama w tist5ayil rou7ha dhamra,negative
aya behi ki lobna sta3rfet eli hia me3zaa,positive
ma7lahoum,positive
ye5i normale twaslou rwe7kom y9olkom 7ayawenèt w zid far7anin barcha,negative
yachbhou lebhadhoum,positive
oumaima masta rahjjjj,negative
ybanou ynaf9ou fi b3adhhom,positive
l amitié existe encore w kima 9alt khmissa mandri al gloub kifeenhom 3ed,positive
mahlekeum oumayma et lobna tayara inchallah inchoufoukeum fi khedma toutes les deux sa sera une réussite,positive
zouz jabryine et texas tfouh ala masata,negative
hhhhhhhhhhhhhh mrakha w mamstha,negative
ma7lhom lobna w oumayma,positive
tbarkala 3likom,positive
ty bara nyek,negative
nta khir mnhom,positive
mahlekom lbnet,positive
barra ya migalo lawej win tnet martik ma tardik m dar 3la hal cmntr hhhhhh mdrr,negative
raakk toop dz annaba,positive
yhali ayamek migalo inti mahleeeek heka rouh eriadhya w hedha mch ghrib 3lik vraiment,positive
oumayma w lobna n7ebkom yaser o5tkom mn jazayer,positive
nn jamais ye3ejbouni 3tit rayi ok,negative
sahit wasel haka bravo,positive
colisses ya bou errab,negative
aka lf9ih sois belle et tais toi,negative
amsat chroniqueur rithoum fi hayty hamjiya fi damhoum abed tst79ch tkoun fi i3lem,negative
chkoune chef migalo yadhek 3la ahlem ki 9alet colisse pas coulisse hhhhh,negative
aka l9a7ba rabaa sefi fch tnayq brbi,negative
ziyad lmaki dima mnawar tahiya man lmaghrib,positive
blh ya ahlem ta7ki haka 3ichi elfa9ar wel 7ogra taw moch ta7ra9 barka w may7ess bel jamra ken eli 3afes 3liha,negative
hajer makhyebhaaa,negative
eltofla elsghiira dayra kii zebii n n nken nahoha khiir,negative
sans mariam daber supere,negative
fatma dédicace lness lghourba bonne année et bonne santé joie et réussite dans la vie que des bonnes choses in challah,positive
bsnss aychek bonne année meilleures vœux plein de bonheur,positive
fatma si vous le souhaitez,positive
il faut eviter le papier alluminum,positive
tout est dégolasse en tunisie,negative
chnawa naw3ha pizza hadhi wichbaha 3al lajnab mhich mango5 lakiz wandah,negative
street food rak sur men hadrtk,positive
7oumti,positive
bravo wlh ankther haja twahachtha maketna makifhech,positive
baazaouihata ana manich fahmou,negative
barra choof farm ranch fi sokra edhika akbr pizza w aben pizza,positive
amine merdassi akhmej resti tnaajm tekll fih,negative
merci aujourd hui on s est régaler avec la superbe pizza et un bon accueil et chaleureux en plus g rencontrer par hazard mr le youtubeur que je le remercie,positive
hadhi akbar pizza,positive
yaatikoum saha,positive
fama akber minha positivemitrou w 20,positive
20dt khaw,positive
waaw bravo yarhem waldin waaldik mezzelt ghadi enti,positive
mn 3ahd daynsort,negative
pourquoi vous insistez sur l age koule ouhed fina rayeh yekber ou rabi kaberna fi taate allah c est un train de vie on ne fait que passé pourquoi ne pas lui demander autre chose c est comme même genant de faire ceci rabi yahdi el joumhoure etoundi posez la question a des hommes pourquoi toujours beya ezardi elle rempli sa place je crois,positive
ntijt lard wjaya tt9ohb,negative
saida chalbi positive960 hhhhh,negative
baya l9a7bi,negative
base naksit meno snin yerlif 3ala lbotox,negative
yrhm weldik ala klemk,negative
hhhh 9alha 30 ech ya7chi fih ha weld lhedi z3aif,negative
min taja3idik thahir 3lik karkadan,negative
ina nhibak bayota tafihom inas lkol inty s8ira barch ichtarki b9anet,positive
sitiniya mouch khamssiniya,positive
non mosta7il dhahra mabin 50 ou 52 mouch 40 3ad yeziw melkedhb,negative
3morha bedhabbet 69,positive
beyna 3omrek 70 wsormek 3omrou positive00 mala 3zouz,negative
a3mourha 54 akber men rageli eb 3ame ekrat em3he,positive
beya zerdi 3la 9edma hia kbira 3la 9edma 39elha sghir,negative
mala sujet très important enhar wtoulou whiya ta7ki fih,negative
monteuse en positive966 elle avais déjà ses 20 ans même plus elle était la première a présentée les programme,negative
ponjour baya sardi,negative
kbira wala mich kbira thebel machaallah 3liha khir min wahda fi el tlatinette al hak youkal,positive
hak 3zouza ken 3ati rabi rak tsali w te3bed fi rabbi moch takfer fih w t9oul eli sawt el athen y9al9ek,negative
macta lacta ki zibie,negative
y a 3zouza,negative
3omrek 55 3am ya garouma,negative
enti mra m3a9da fi 7yetek,negative
wlh ma7leha baya ena te3jebni,positive
5ret fih,negative
oh baya 3morha 57,positive
mazelki tehasbi sghiraaa raki kbiraa yaaa,negative
pff bayna beli kbira f wejhakk yakhiii rouhi rouhii,negative
ma3ejbetnich ou ana nakraha men gabal,negative
m7lk ey ou bra kbira ouft dnya mla 3bed mt7bch mchlzm,positive
ach yhimna fik 9idach 3oumrik ncha allah 3oumrik nhar,negative
nti mrida wanchallah matmouti hata tchoufi el wil,negative
gr barka,negative
malla tha7ka ye5i 3ajbitha yessir mostan3a,negative
5assha ken ser9a positive0,negative
rabi ykaberna fi ta3tou de chfe3tou raki rayha tmouti w yeklek doude de trab alah yehdik,negative
ta7chy fyh,negative
ma pauvre tunisie,negative
nes ma3andhom win yhorb men 3morhom nte7chmou men 3morkom,negative
hhhhhhh nik ro7k enti 9atlo njik wn t7eb may9l9nich blkol zyd 9a7ba beya zardi 9ad jadi,negative
3morha fo9 60,negative
ena nchouf baya tbrklh aliha charmante w elegante manich fehem haja dima ynchdou 3ala omrha bellahi ki testad3aw wahed ahki m3ah ch3amal jdid fi domainou 5ir w sayeb alikom 9adech 3omrou n9olha bn courage baya,positive
ya 9ahba ben ali,negative
bitch who cares,negative
ti 3arfinha ndidet el ardh,negative
mskinaaa ya3tkk man3olaaa anty wnawfell ti chlkaa kifkk madaa wajhaaa azhh ma faditchh tii fadiit f3odkkk azhhhh,negative
ybhime lfeyde fi ta9wa wche3mlti fi 7yetek ke3besalet le wt9ouli radia wken jet kifek nebki walah 3omrek 6000 wmezelti hake chy ybeki berasmi enti farayd fradhom 3lik rabi mekch 3emlthom le 7ijeb wele welou wmermde ro7ek ki lkelbe,negative
belehi ndidet jedeye hhhhhhhhhhhhh men3em 6000,negative
ya 9a7bét ben ali,negative
enna nhb n3rs beha,positive
7achma min 3morha hhhhhhh,negative
ouuuh mamsathaaa malla m3a9daa w moghyara,negative
chbeha mest3ara men 3morha,negative
63 ans,negative
blhyyyy chimkoum feha hiya mizyenna aleker w te3jibni w ntoum ma3andkoum mata3imlou,positive
9allek te3jbou,negative
lamiss hchicha mekeeesh metrobiya bitch raaakk w beya 3morha 52 ans barra mouuut efffff makhibeeek,negative
eya baraket ye bhima omorha 57 yezi bla bhema teak bra chuf f google,negative
maw 9oul 3omrii 52 ama nodh her 3omri positive5 f chakli w mo55i zeda,negative
chkouni hia wach tbi3 bia zardi,negative
a5retha bech en moutou o hathi dessa o3morha taw hatha cha3b pffffff,negative
je voudrais me marier à cette femme,positive
putain tu dois être au bout du rouleau mon pauvre,negative
ti barri nik ommek l9a7ba kan jet bezzen rahi ltaw m3arsa wa7da m3a9da,negative
wallah metrabbi 3lek ama ta7ana w 97ab elli kefek 5allouna netsarfou hekka,negative
wallahi arjal men babak ya 9a7ba es2li ommek taw tgollek,negative
ihh 7atta houma issaybouna minha ichwaya fadina ou hia titza3bin,negative
dharbatha fi rou7ha kont n7ebha w min fazet 3morha krahtha w tikdhib mcha7ta wijha kadheba ti akid 56ans b zrare9 w zedo naf5oha,negative
sameh mbarka mbarkaeladel,negative
brabi ichkouni fiya tlawjo a la amrouha,negative
chaklha mte3 60 ihezelha fi moralha ni plus ni moins,negative
elle est inssuportable,negative
termet baya zardi,negative
chouf kalhdraaa,negative
attentisme et répétition,negative
ys3tih esaha m3alem,positive
pour les gens qui n ont pas aimé le discours du président,negative
destour tounes 20positive4 l 3amlouh houma a7zeb troika w 3la rasshom 7ezb e nahda n3amlouh ka libess 3la 9iyass hom bi dabt bech yo7kmou w yssakhrou kol tounes l massale7 hom chakhsiya nwellew b kolhom 9iyadiyne w men aghniya2 tawra nw aktarhom intihaziyne n nhada destour khayeb w ma 3andou ay char3iya nsoual,negative
ba3d tawra ma reb7ou fiha kan es siyassiyne w s habhom rou2ous l amwel nw e chaab y3ani w fil kol l jihet mech kan fi gassrine y3ani aktar fa aktar l bitala w ghala2 el as3ar nle positive3 octobre,negative
brabi a7ki betounsi bech elli me 9rawech yefehmouk rak mekech fi kollia ta3ti fi mou7adhra wella 7ot moutarjam,negative
enti mafhemtihouch,negative
7atta houwa mouch fehim,negative
ken khalletou izid yetkelim raw jlatna,negative
kaies president nadhif wo 9rib nchallah,positive
lezem ibadel l 9anoun,negative
wala rais baladiya ay sa7afiya ta7ki im3ah chwaya prestije,negative
robocop,negative
et toi un perroquet,negative
ayeb brabi o5ti bara chouf chi ta3mel fib7yetek,negative
e7dif fila7iiii a3tiona es7i777 bellhi ach 3andou bech ya3mel maw fahem chayyy,negative
wee rana fel gassrin n7taflou ken felil bro,positive
il va presque demander où est le président,negative
n importe quoi,negative
ya3mel fi 7amla entikhabia,negative
robocop,negative
hhhhhh wallah t9oul wehed met3adi besodfa l9a tv sehlouh jeweb,negative
ken je2 fi wa9tna taw raho hbat 3la rkeybo 9odem almaniya 3la 5ater jared war9a tfiiih haw rjel,negative
kada manna wa manna hahahaaaa ya jaafour,negative
jaafour,positive
ya m3alim ya ja3fora,positive
jarfoul je t adore et j adore ton émission mais les mouches les mouches il faut trouver une solution c pas possible et honteux,positive
abonné louleed,positive
mela tehbo yekbes rouho bel3akes haja behya eli yamel feha jaafer yasm3 mochkolto o fi nafes el wa9et yadekahel el tha7ka akeka tewali besita lahkeya o yeji el sole7 b el sehel,positive
ya ja3four ya gali inmout a3lik,positive
wahdek ja3four,positive
hhh bravo ja3four ahla animateur,positive
safa safa m6 bq dank hh za2ma s7i7a,positive
i3aychek marahba,positive
ta7et fik el wabna ja3four,negative
ja3fer lgasmi 9dwet tounes ta7ya mn alg l i m3ya ydit jam,positive
ahsen yosra fik ya tounis,positive
ma7lehaa motrobiya we3ya kelamha ma7leh m aadesh nal9we kifha tofla hethy raby y7fdhek,positive
machalah 3anna sitkomett ytfarjou a3lih adziriya,positive
ena kol youm ntfrj f choufli hal w oomry manhes eli sboui met blhk,positive
yoysra tu et formidable jtm bcq tu et modeste reste comme ça,positive
bonjour mahlak,positive
alh ir7mo,positive
ma7lehaa taybaa whnina wmousrara wkoul manraha netfkr jaw choufli 7aal kel layamet yy hasraa wrabi yar7aaam sbou3ii,positive
ma7leha aka layamette,positive
yosra ena na9ra 3andek nchbik ma3adech tji,positive
allah yarahmo sbou3i,positive
tou simplement ma7lek,positive
ta7founa,positive
dhehketha matbadletch,positive
yecer metkhal9a mahleha,positive
nhebekk ya amenii barcha w dima nchofik fil menzah 5 3,positive
maziyenha,positive
love you,positive
mahhhhlek machallllah,positive
fomha yaaaaaaaa3,positive
nhabha yaser amani,positive
elle se croit belle la pauvre nhab nefhem chkoune eli darelha maquillage ntiri 3lih,negative
esma esma sakker fomek nena yossra tjini mezyena,negative
mahleha,positive
une poupée,positive
dhahra tetkayef 5iiiiiit,negative
ameni fi choufi hal,positive
ma7leha mezyena,positive
lah yirahme,positive
32 kilo bebe w ma bta3 keresh positive0 kilo ya3ni kanit touzine 2positive kilo impossible,negative
ma7leha,positive
7nina wsensible,positive
mamsetha bsaraha damha rzeeeeeeeen,negative
nhebhaa barrcha mahla zinha,positive
ya7sra 3l ayemet,positive
sofiane mafmech chkoun mayihebouch wi koulina tchoqina et bonne continuation yosra,positive
yaaaaaaaa za7 3andi barcha ma rithech za7 hhh,positive
amouna rabi ywaf9ek,positive
ama chbik m3arya bzazlek,negative
wtf a ce point bara dawy rou7k ye erhaby win tchouf fih l3raa ye5y bzezlha fi kroumthaa,negative
ben ayada basma andha msalha hhhhhhhh,negative
yosra je t aime,positive
la pauvre elle n est pas belle du tout,negative
hahahaha ah bon,negative
may rami nnon c la caméra,negative
3ajbek mandhrek,negative
ma7leha 9adech 3andha li9boul,positive
ana bkit wlh rabi yarhmo m en alg,positive
ena 3ale5er walit nebki allah yar7mou,positive
ena allah yara7mou,positive
yousra rek frehtna ki mech trj3ina fi romdhan,positive
ma7lek,positive
yosra 3la 5aterha mo7tarma wmetrobya 9alou ma5yebha nnes y7ebou kn l3eryena welli t9oul klem zeyed welli etaya7 9dar zoumale2 nessaber,positive
yosra 3la 5aterha mo7tarma wmetrobya 9alou ma5yebha nnes y7ebou kn l3eryena welli t9oul klem zeyed welli etaya7 9dar zoumale2 nessaber,positive
yaser masta w fi choufli hal ki tji n9adam video,negative
vraiment yarhm weldyn weldyk 3tit klma,positive
rabbi yhannik bayna motrobya wbent 3ayla,positive
enti mahlek mais meqauge nul,positive
lotoff mahlehaaa 3saaaal,positive
ma7leeek,positive
yousra un amour un cœur de rêve,positive
merci a toi pour le j aime,positive
inconnu inconnu w tay sabatha 9adech,negative
ena kont telmidh 3and yosra ou naarefha chkun nsympathyque shih sa3at tetnarfez ema nheboha,positive
chnowa stanfa3to ki 9oltoulha makich mizyena a ce point amani rak mosrara 3sal,positive
dhaher fih a7wel sa7bi,negative
mkbar fomhaaaa hal mastaaaaaaa pffff lantilles w botox ama masta w go3taaaaa fan masarahi mamstik wouhhhhhh,negative
chbik me5dha mawfe9,negative
wasaa belek w sayebb lemraaaaa taarefou kenn tnabrouuu aaleklilaa aajbetha rouhha mech kifekkk metkhobya wra l ecrann w meme pas hatta taswirtek w thell f fommek,negative
m9all torbytek ya malhet,negative
elle esta moche depuis me feuilleton choufli 7al w mamsatha de plus pff,negative
ya lokza enti hhhh,negative
le hiya ma7leha w alech le mata3maljch 3amiliyet tajmil makch tra fili 3amleto wili ta3mel fih fiwejha kertha walah kertha fehma zin bil8alt,negative
mahlaha amouna,positive
lotf ma5yebkom w ma5yeb 9loubkom mala klem t9oulou fih yosra matisma3 klem 7ad inti 3ala ma7lek charmante w gentille w yesir mit5al9a w mitrobia mat5alich liklem il 5ayeb i2ather 3lik la3bed 3andha ken il bo84 wil 7i9d,negative
msalha moch rmouch ok hhhhhh,negative
ma7lek yosra 3assoula matesma3 7ata klem negative,positive
5ir min mandhrik la7rif w klemik i zibla,negative
time go so fast,negative
elle est pas jolie du tt,negative
e7chem rak rajel,negative
mosrara w defya,positive
elle est jolie du cœur est ses tout son charme est dieu la mais de plus en plus belle ses un amour je comprends pas pourquoi avoir la haine,positive
mek enty ili 5la9t rabhaa,negative
hiya mahleha mais maquillage wel coupe 0,negative
maher not sod hiya meziena mais eli 3amletou fi rou7ha khayebha,negative
ma5ybek yela shayma,negative
chbik maw lebes,negative
taleb rou7 nayek 3asba mak thib kan 3al khrawat ili kifek,negative
3leh hiya mastora,positive
afaf c vrai t as raison,positive
5iiiit marzen mleyketha hal lokza,negative
men esmek dhaher,negative
tyyy baraa l9yaaa ya wijh l5aryaa,negative
dahmani 5rit fih ya bhima ya 5arya,negative
ben 5ra 5rawi tyy baraa mak 5raa dour bilii kifk hhhhh,negative
dahmani ey 3la hadheka ena ba7dhek ya 5araya taw heya chey5a flous w chohra w zboub w krahen wenti tla7selha ya mas5a chbowa rbe7t,negative
mechi mezana,negative
enti mezyana yeziii,negative
mechi hhh zeyed we7ed yjewbek enty,negative
sarah ena gollet ray w enti hak jawbtni,positive
belhi yzi raki 3malti l3ar walh konti ma7lik wnes lkol t7bik ama taw to7ti lmostwe mon7ot arj3i kema konti 5ir,negative
bravo et bonne continuation good luck,positive
tounes tneket men semi fahri,negative
moi je t aime hadia toulouse,positive
walha tebrkhlh aalik ma chérie vraiment une femme forte,positive
yarhem waldik erta9i bmostawek fokek 3ichi plus d ce niveau bas thakertni b wahda 9an9ena fi homtna brabi etlhi b darek ech y5osek w zid a9ra ktob w tha9eff rouhek taw ma3adech t3adeli 3lehom 3abi mo5ek c mieux avec d autre plus important,negative
mraaa w noss,positive
ya3tiek saha ya m3alma rabi m3ak,positive
ya 3arbia ya m3adbithom,positive
lmraa hadhi beraasmi bpositive000 rajel,positive
eyy ya 3arbia ragasa,negative
ma3neha wa7da go3ra ko3lefa kifek itji titmanyek 3ala zied il makki illi arjel mirrajel illi fi darkom tfouh a3lik y a edheka 3alla9al 3andou 9ima ou 9dar moch kifek y a tafcha y a sfiha rmed kima 9olt inti na3n kid aslek,negative
harbiya la boss des boss,positive
je vous aime moi et je vous suis que dieu te garde et fait attention à toi ma jolie arbia,positive
bravo bravo,positive
bravoooo,positive
yar7em omk ya arbiya,positive
ye3tik positive000 sa7a madam 3arbiya rabbi nchalla ye7mikw ye3tik l9owa w sabr nbravo 3lik nbien dit nw rabbi dima m3ek nchalla,positive
pffffff wachbiki w5aytii,negative
bilehi m3adzch da5el rohek,negative
nti khanza masmouma charfa rohi thajji,negative
mech metrobya lo8et souwe9 ou rajlek me3ndouch fik ti9a heka 3lech m3aha,negative
haha je connaissais pas,negative
allah ya3tek alfa saha 3arbia tbered 3ala 9alb el marek el kol chlayek,positive
baaredtlii al dami yatiiik saha,positive
bari bari ma5ibk batala mta3 widhni,negative
wlh yatiki positive0000 sa7a kilamk kol si7i7 rabi ma3k nchala,positive
une mégère possédée par le démon dont la seule culture est l insulte la diffamation la jalousie la haine l infamie quoi de plus étonnant pour une islamiste et une da3choucha notoire pauvre tunisie une tunisie rongée principalement par la cupidité,negative
ya3tk seh fi koul kelma,positive
wlh ya3tik saha malyoune mara enti mara belf rajel zayed m3ak,positive
chedi blastek enti,negative
ci vrai,positive
dima t7ot fi wijha o titkalm ha li3zoza,negative
inchalah matbadalech bravo,positive
il n a rien à faire cet idiot combien jle déteste il es tellement bête il respect pas les gens yarhim mimtek arbia nmout alik une vraie femme,negative
yar7eem waldiik 3tiithom sarfhoom masii5,negative
mak goulti ana ma nsibbich errijal,negative
enti heye ragasa,negative
ya w5ayani mahlak oi mahla klamik oilah,positive
inty kahrethom wasli barcha babouche w nakira akerhehom,negative
goara3,negative
bara chalt walh ziyed,negative
kais chui pas censée,negative
bras omk chbik tkasrelna fel batata tii uuuhhh 9adech t9ach9cho fi 7nekom matfahkom ti tez rajlk thez chihemnaaaa,negative
recette des dessert pour marillage,negative
loooool,positive
bra nik omek chmda5lek,negative
bravoooo nhhhebekkkk baarchaaa rabi y9awik 3lihom dja kima 9olet men coujintek 7alit fihom 7areb aka chleyek hhhh,positive
bravo alik hhhhhh,positive
bonjour madame walla j ai honte portant je d origine tunisienne et née à marseille walla c est grave vous êtes vraiment mieux que un homme bravo vraiment ils faux des fêtes comme vous belle journée plein de bonheur joie santé surtout inchalla amine faites attention à toi surtout,positive
ma7lkkk rakk 3salll,positive
3arbouch ena n7ebekkk barchaaaaa w na3ref a5le9ek a9wa b barchaaaa men hakaaaa mouch 3arfa prk l clach hedha lkooool,positive
3arbouch ena n7ebekkk barchaaaaa w na3ref a5le9ek a9wa b barchaaaa men hakaaaa mouch 3arfa prk l clach hedha lkooool,positive
bravo bnt janoub fakher lina,positive
bent gbeli hedhi mra 9wia wel9oua lrabi machallah,positive
chkouni heeeeeethi bil7raaam mee na3rafha mais wrabbiii tounsyeeee 7orraaaa ye 8orbti eene,positive
to9tol hal mra wallah mee na3raf chkouni mais 5 w 5miiis 3leehe,positive
mee na3rafch chkouni wallah mais mbaynee mra bi positive000 rajil irab 3leehe,positive
bravooo,positive
bravooo,positive
yaaetik positive000 saha mraaaa w nosss,positive
c qui ce meki pas compris donc la tunisie n a pas changé c habitudes money money,negative
n7ebk yaser 3arbya,positive
y 3arbia yerham bouk fil klam waalh inty mra b alf rajél,positive
bravo alik madem,positive
wallahi tbared lgalb ou rabi hanikom nchallah ou kamel wallah bravo bkalmtik,positive
bravoooooooooooooooo,positive
9adech n7ebek ya 3arbia,positive
bravooo baretelna ala 9loubna,positive
chapeau wallah il en faut des femmes comme vous je vous encourage a nettoyer les ignobles oukhtek de l algerie,positive
bravo bravo bravo bravo,positive
baredetli 3ala galbi nmassab tkamel jme3a o5riin m en kleb el fehri,positive
chtektheb,negative
bravo ana na7bk anti ilwa7ida fi social media,positive
exactement comme toi,negative
on la connais elle est ridicule,negative
ya3tik el saha baradli 3ala 9albi makil 9ahba zied el maki ta7an ou 9atous sami fehri,positive
elle doit éviter ses insultes elle a trop abusé je trouve,negative
lakzi ya madam hhh,negative
franchement tu n as que ça à foutre ce n est pas possible trouve toi du boulot c est mieux ça se voit que tu t ennuies à mort,negative
ithelik ya e8yara,negative
bravo 3arbia hamadi walah ya3tik sa7a wasli hadha chway fihoum,positive
bravo 3arbia wlh mra w 3lik lklem,positive
3arbiya recette te3 l5mira w me l ward s7i7a,negative
ouii shiha positive00,positive
arrêt de préjuger une personne que tu connais même pas zied c est un ami d enfance il es viril est super gentil,negative
depuis quand tu parles de la crédibilité t as oublié janvier 20positivepositive normalement tu te tais à jamais,negative
et aussi sidek arbi,positive
walid ben fettah qu est ce qu elle a foutu cette peste 20positivepositive c une maladie incurable tfouhhh,negative
hupi moi aussi je veux savoir ce qu elle a commis 20positivepositive,negative
bravo alik,positive
bpositive dit ârbiya,positive
wallahi mra we nos inshallah dima farhana we alef khir,positive
bjr atout les famme qu il s en digne de ce nom surtout du grand maghreb y a beaucoup d hommelet il y a n a des lèche botte de leurs maître aucunes dignité avec respects mes dames et messieurs,positive
9adekch motroubya ou ma7lekkk 3sallll walh w klemkk lkoul s7i777 7abitekkk walh tbarklhhh 3lik,positive
eh oui rmed elmaki raht zbela,negative
graaave,negative
combien tu as payé ton botox,negative
bravo,positive
binet oumik,positive
yer7am waldik bravo golilhe echerfok we3erfok ejm3et wra lebleyek 3ele9al beybe3och rwa7hom wechrefhom bkemche flous,positive
na3 en bou zinek ye rou rou waaaaasel allah ye7mik bz o5tok naje7 wzidna mask o5ra hhhhh,positive
sa7iit 3arbia a3ti l7is wa7dek fel wahra bz o5tok naje7 rabi m3aak,positive
wallah une femme avec grande h ne t inquiète cescdesbidoune,positive
n7ebek 3arboucha,positive
walh 7ala fik inti,positive
3warti w5ayti inti wziyed wsemi,negative
hhhh ma9etla de7ek brovo wellah tik sa77a,positive
slm 3arbiyé t inquiète pas c est des voyous wallah level up,positive
une bonne recette pour faire une masque de visage,positive
y a ramed il maki sahiti arbya,positive
la plus femme tunisienne beaucoup de respect arbia we love you keep going we are with you,positive
ma3lmaa zeyda,positive
3lh berbii yale3bou houmaa,positive
aucune dignité ce mec zied le toutou de sami c est pas un homme un vrai clown,negative
fa7la w lelet nsa bravo,positive
bravoo m3alma tbaradli a3la 9albii,positive
une très forte personnalité nelle dit qu elle ressent,positive
abidi ramzi mosalselet,negative
mosalselet torkeya,negative
avlem,negative
avlem torkeya,negative
3soula wallahy bkolhom fy dofrk,positive
hram fikom vous et lotfi abdelli les réseaux sociaux,negative
mala kamel tfarej w ba3d o7kom,negative
avec tout le respect finalement il peut être ton fils zied trouve du travail c est mieux,negative
la vérité par fois ça touche,negative
bravo arbiya,positive
ma7leeeeeeeeeeeeeeeeeeeeeeeeeeeeeeeeeeeeeeeek,positive
ya3nboooooooooooooooooooo ziiiiiiiiiiiiiiinkkkkkkkkkkkk,positive
goooood,positive
c est vrai une femme a positive000 hommes,positive
bravo bravo arbia,positive
ya3arbia bravo,positive
zied elmaki men9bal termtou lelkre howa welmanadher elli m3ah elkol,negative
bravo positive000 fois,positive
allah yarham el omm elli jabatek,positive
la chaîne elhimar tounssi est morte cliniquement,negative
semi fehri n a plus le choi il doit rembourser le 40 milliard s de dinars de l argent public si non il ne sortira plus de prison que après 5 ans martenique française,negative
tu es algérienne tu feras mieux de t occuper de tes affaires et de l algerie,negative
wallah yarhem weldik,positive
bravo ne7tarmek barcha madame,positive
bravo arbeya enti b alef rajel w zied el meki désolé sonbel a8a ragas el fehri eli ken chochou trabelseya ezouz mahomchi rjel w laba tjib laba w tjib esid da3as w etiiiiiiiit tjib etiiiiiiit w tjib el fare5 eragassss,positive
pourquoi toute cette haine pour un jeune,negative
walah gafsia 7ora,positive
rabi ikallikk bntt blaaaadi menn gafsa,positive
3arbiya mafamech kifek,positive
29 35 hhhhh no arabya tu sei grande ok amore,positive
grande arbia hamadi bessadak chapeau bas,positive
elf rahma aala rouh si tarak el mekki ce garçon est une honte,negative
bara lawij kidma,negative
vous êtes très malade,negative
ma7lek arbia,positive
bravo arbia,positive
yar7em ellom eli jabetek,positive
bravo c est ça la femme tunisienne,positive
jendoubia 3hora bravo ya 3arbia,positive
bravo madame 3arbia mra bil fom wel mlee nchallah rabi iwaf9k,positive
tres bien madame tahietii lik min almania,positive
mra b positive000 rajil ya3tik saha,positive
zied je le connais personnellement il es super gentil,positive
bravo bravo t bien dit,positive
wallah bouh ken rajil allah yar7mou ouhowa tla3 ta7an,positive
grand salut du maroc nbravo et positive000 fois bravo mme nchapeau,positive
allah yarham bouh w khw jeb fara5 kima adheka,negative
mafhmtich chniya li7kya am mhma kan enti ar9a min haka ma tarj3ich 3a tawfih 5ir wlh,negative
far5 miboun,negative
m3allem,positive
bravo3 en7ibik baaaarche,positive
tu pleure pas,negative
bravo wlh,positive
lah yarhem waldik,positive
love love,positive
bravoooooooooooooooo alik,positive
vraiment ya3tik sa7a w alah ykoun fi 3ounik m3a la3bed te3ba w ili majet chay,positive
moi je vous est toujours aimé et vous aime dép s paris des femmes comme vous il en manque ici bisous bercha,positive
el bled mcht tnayek,negative
brava,positive
wlhy fama amthlaa kontt nqol fihom bel ghlyttt kima babouch bou massa kont nqolhaa babouch bomaskhh vraiment yarhmm wldikk hhhhhhhhhhhhhhhhhhhhhhhhhhhhhhhhhhhhhhhhhhhhhhhhhhhhhhhhhhhhhhhhhhhhhhhhhhhhhhhhhhhhhhhhhhhhhhhhhhhhhhhhhhhhhhhhhhhhhhhhhhhhh,negative
bravo arbia,positive
nhibk barcha 3arbia,positive
allah laynahik a3lina y 3arbiya baradtiiiiiiiina 3ala kloubna milkamcha tahaaaaana,positive
salut 3arbiya je te connais personnellement et bravo pour tes séquences et ta vérité je te soutien et bon courage,positive
vous êtes tenace svp pas de vulgarité,positive
mahlek w mahla klemek rabbi yonsrek a3la chella el fezda,positive
rohi nik atalhay ftizom bladak,negative
midou rouh ta3te bik b tunisie ta3 l3ahirat ta3k rouh koulma9rouna,negative
bravo arbia,positive
yarhim limima ili jabatic ya arbia ya chahma ya khadya bravo ya bent bledi mille salue,positive
yarhem lomm elli jebétek ye 3arbia,positive
tozzzzz,negative
potox,negative
tayssir benhassine na9ra ou raja3 drousek ou seyb 3lik elfiransia,negative
harkati chbiiiikkkk,negative
harkati chbik ya madame n9arik ken t7eb,negative
bien dit arbia zydhom mazeeelou yetnafsou hhhhhhhhhhhhhhhhhh surtout hedheka braby aka el makki ala ma ghaleb alina,negative
najoua benmansour m3lma wlh,positive
mehlek mehlek tberdi 3algalb,positive
malla miboun ragas,negative
zeyed m3ak ya arbia,positive
ya zied birjoulia yasir 5ari 3lik sami fihri machich ilmarra jaya y9ollik a3tini nika,negative
deja 3tahelou,negative
ben oui oui bichaya7,negative
houwa ya3ref rouhou mech rajel ama c domage yal3ebha lfare5 hetheka,negative
frou5 semi lfahri kbabla,negative
zidhom ya arbiya soit el hekk bled machoiha bil fsed,negative
zied el maki a sali le nom de son père macharefchi bouh allah yarhamou we yena3mou zied tala3 zebela rekhis mouch rajel sami el fehri yirakes fik ya zied c est la honte manawertech bouk we houwa fi kabrou inti nakira 3ala el flous eche mazelek ekher bech ta3melou ya zied okhrej 3eryen beche tezid el booz et we yezidek sami el flous ya zebela ya khamej makech rajel inti matchrefchi rejel tounes karakouz tu critiques sayedek 3arbiya mara arjelmenek hiya rejla elle sait parler et une journaliste professionnel et elle a toujours dis la vérité bravo 3arbiya tu est une brave femme tunisienne qui essaye de sauver son peuple de la chaine el hiwar el tounsi zebela chaine el fassed we da3ara grand respect pour toi ya ahla journaliste jaheum wakt el hasseb et je pense zied el maki yeheb yemch li mornaguiya ma3a 3arfou sami el fehri beche yewansou,negative
bravo arbia tu es non seulement très jolie mais aussi une femme formidable tu respecte ton mari bisous,positive
leken rajlek haw et7adek wemcher we3mel inteviou,negative
hedeka rejil te7ki 3lih belehi ziyed,negative
zied c est un homme sérieux viril c est un ami d enfance il est super gentil,positive
wejha kl khinzir zah,negative
chbahom la3bed haka ma3andhom mochkla kan m3ak ana fi blastek nhij onkalihalhom was3a wykoulou llsbah,negative
même le chroniqueur à la tête d un p,negative
9adech itchahro hachleyik,negative
allahoma ostorna faw9a alard watahta alard wayawma al3ard,negative
ya kadeba ye allah la trab7ek,negative
prévenir prévoir mnin jayna le français,negative
la coc est pure y malhat,negative
le mieux est l ennemi du bien elle voulait nous faire croire que la victime a passé la soirée au medison square garden au état unis hhhh et pas au même endroit ironie du sort allah yarhmou elle nous mène en bateau,negative
hhhhh n importe c est toi la responsable de sa decé putasse menteuse hhhhhh,negative
prévenir prévoir y a bagra,negative
hhhhggg mou7a99e9 konan,negative
ont a manger quelque chose hhh parle l arabe c est mieux le garçon mot arabe et le reste français casser ma5yibik i5it hacha 5li9it irahmen,negative
pour te dire si toi tu demandes les gars pour frappe oui je suis lui c est un pique nique,negative
tikthib makch 9a3da titsab tholm yilzim timchi lita79i9 nwinti zid ta77in mak z3ayim fil 9wada,negative
kol matzid titkallim kol ma tzid tbayin tawaritha fil jarima,negative
je ne l a connais pas cette femme,negative
méchanceté gratuite,negative
hata ken ettfol allah yarahmou 9ala9ha w hia kalmet il securite ma9alitich lil securite o9tlouh donc c la faute de la securite tunisienne mediocre,negative
bonjours y a malhet,negative
quand les putes donne leurs avis,negative
vaffanqullo dabegh,negative
une entrée pour les gens normaux donc vous êtes anormale mme,negative
aïe aïe aïe,negative
chbik tor3och y a marioma yaki amla amla,negative
tikthib 3ini 3inik yajib i9afha watta79i9 fi moucharkitha filjarima,negative
tu es choquée par ce que tu es pour quelque chose du décès de adem allah wara7mou je te sens pas sincère du tout,negative
kif ma9alet fama 9atel arweh ydour w zid klemha loujik barchaa nmethkmouch 3leha w entuma mata3rfouu chy,negative
allah yarhmou meskin echkouni heddebbegha hedi,negative
t es lèvres vont explosé,negative
ton français zero,negative
wallah tu a tout résumé machallah en 26 43 minute c est impressionnant le nombre de fois ou elle se contredit et je te rejoint sur le fait que pour une femme qui d habitude ne pense que a elle,negative
khamga dayrin alaha hkaya wahad drabha dabza ala chwarabha,negative
mn klemha w tasaroftha w 5oufha beyn barsha elli hya l3amla l3amla wlh,negative
fomha 9rib ywali lozange c trop hakka,negative
a5tana men loughet tetkalam 5ayfa wkel rwaya9 dhahrine les reponse mte3ha ma fihomech 7ata 7keya tchakek,negative
chbiih fomha haka,negative
eni wa7da mennes 3omri le rit ensen yomrodh w yrod w yebki w yor9od fel farch w y3ich 5 ayem bel 7rabech w mayo5rojch meddar 3la jrima ma3andou fiha 7ata da5el w ma3mal fiha 7ata chay ken mouch mel ro3b li mekenha le tetkchef ama hawka si lhedi zaiem hafadhha darssha w rak7ou lfilm li bech yetmanykou bih 3al 3bed bravo w hasby allah wa ne3ma lwakil fel dhalem,negative
fking heartless ppl that s why u never noticed the fight ni hope u become a human one day mariem,negative
mariem tethamel el maswoliya,negative
ya gatel errou7 win trou7 bou adem gal man7ebech enchoufha ou gal zada 3andi confiance fi kadhaa brabi ifhmou wa7adkom ya3ta3 3ze yejaha gatlek norgod bel7rabech ya3tik merged enchalah 3lah 5ouk wala 3kab ri7tk gadhek adem mabkitch 3la lebnaya elgadhadhi eli matet bakat el3alem elkol bara rabi ya5ou el7ak enchalah fi ednya ou fila5ra ya fasda ya mta3 el7ak mouch fik fak elhadi 5saret ak lesm jaybk wmkaber brask ti manda5lakch 3alcartouch moch 3almtar rabi yetwalakom,negative
la chirurgie esthétique l a rendue moche,negative
mala mandher lotf,negative
je pense pas lakan 3andha 3ala9a,negative
on dirait pegy la cochonne,negative
kadaba kadaba kadabe,negative
allah la irab7ek ya 5amja,negative
ufff mala maskha yekhi hedhi eli fi tunis ya7ki aliha sade9ni chouli9a te3 9asriyet kalb fi luroupe ekelhaft,negative
escort girl tal3et,negative
loge vip non mais elle se prend pas pour de la merde celle là,negative
elle est gonflée wow comment elle en parle,negative
dam bitch you so fucking ugly,negative
ken sadekni raby hedi mekla card fi chefetha menfou7a 3ala jneb,negative
ti brabi echkounek enti bech tod5el mel beb esseri matod5olch kif le3bed mleyka tchouf fi rou7ek ya,negative
en prinsipe rak fi lma7kma mouch m3a z3ayem,negative
masab in9ablik fi sahria ya tha3leb,negative
mala kerhba,negative
ya 3ahra ya fejra eshmda5lek feha dawla hh za7ektini dawla t5ales ki tajralek haja hhh ah ya tounes halak win wsel,negative
ba7sek ya maryem dabe8 na9es yeser mat5amemesh ba7as yjib ken enti feha,negative
nikomk l9a7ba,negative
par terre puuuuffff français cassé wallah les tunisiens me font de peine ont parlent en français,negative
la tunisie est un grand peuple,negative
rabi ejibhalik ya bent le7ram fi edenya tamene3i fi el e5ra la ya 9atil erou7 fin etrou7,negative
haja 3amlit buzz f tunis c normal bech talgeha meda wijha mala mrytha mta3 zibi,negative
conscience tranquille ce qu elle dit mais elle et fausse,negative
yeziw yeziiiw zah saybou tofla lhmoum jemda chkounkom bch tchedou aabd tethmouh you are bullying her for nothing fuck you all tunisian shitty people,positive
nahsa lotf,negative
7ata fi darha 3andha s7ab yiskrou ellotf ya rabbi,negative
shisha,negative
yezziw men tholm ken andha yed rahom shadouha matkhalliwesh lkorh yghalatkom,positive
ya zeeby chnya chfeyefha hakeka thakretni b filem ellembi hahahahahahahahahaha,negative
mara t9oul sma3t min godwa eli fama chkoun met w mara t9oul kif 5rajt nal9a positive0 boulisia w 9alouli fama rour7 ta7et 7sibek rabi ya mariam apparemment kolo min ta7t rasik w fech 9am bot t5alweth w mrothet w sar fik ken majitech inti sbab allah ithaharlek 7a9ek ya adam,negative
alors une fois tu dors tranquille et une autre fois avec des cachets tu te fous vraiment de la gueule du monde espèce de chiffone de cul tu à tué tu ne dormiras jamais tranquille et arrête de faire la fille qui parle français lèche cul de la france,negative
le garçon hhhhhhhh,negative
si tu as autant eu peur c est que tu avais quelque chose à te reprocher et que tu avais peur qu on découvre la vérité tu es contradictoire dans ton discours tu es pathétique,negative
chonwa heka chfayfek wala drouj ma7akmet liste2nef bi sfax,negative
really so silly,negative
they re making silly people famous this is what developping countries do,negative
soltani at least develop your country after make all your silly people famous,negative
tu es pas blanche dans cette affaire je le sens tôt ou tard la vérité sortira,negative
n7ot idi fenar ela hia ela nadet sécurité w hia ela 3amlet kol chai w ya rabi nchalah 7akem eta79i9 ytaya7a hia taw de5la b3athha w 9a3da tlawaj 3ala 7al bech to5roj menha,negative
taban mal use 3ahiraa antii man konit issbab allaah yehlikak wa la3nat allaah 3aliik use sifchaa,negative
li yharad 3la lktila kima li da roh,negative
mella 5arya,negative
ahhhh les lèvres qu elle a c est horrible,negative
niki votka we gouli hram we hleul enti rajlek ye5dem bik pour des affaires 3arek 3ende bercha des algériens,negative
cette creature fait partie des bizareries de la nature guetlek vip hhhhh,negative
7rabich yra9dou fil mouch yra9dou 7san kifha hhhh,negative
houma saybou eli 9atlou w chadou mariem edabagh 9adakomch tafhin w 3ala fekra nakrah mariem ama n9oul el7a9,negative
ya5i bayna tounes elkol takrah mariem w y7ebou ilas9ou faha mout adem mch haka yeziw bl bhama w choufou eli 9atlouh bel7a9 ech bech ya3mlou fahom,negative
barra lebritanya ta7mik,negative
barra lebritanya ta7mik,negative
9alet l souhabha ba3d sahrya,negative
menteuse,negative
immm matod5olech m en beb yd5loulo 3bed normal immm lalla enti,negative
rabi yahdi,positive
menha fe9et eli fama 3arka kan ki jit 5erja wtaw walit chofet wenti 9a3da klemek metdhareb sur wenti eli 3amalet kol chay dima fama ta3ali fi klamek blasa viap we5rajet men sécurité 5ater mano5rejech m3a 3bed normale ti tor3ech bkollek dhahra b3ameltek,negative
maryoma loutef alik mat5afech ana na3rf enty 5aaatik mat5afech w 5alik 9wyaaaa w mate5ouch alihom nhbk barchaa ya rou7i ana mou3jeb,positive
hedi dthhort 0,negative
je n aime pas cette personne mais là elle me paraît très sincère et logique dans ses propos nrabbi yar7mou w yna3mou,positive
la pauvre tunisie,negative
milloul 9alet li fo9t li famma 3arka ken ki jit mraw7a w mba3d 9alet famma 3arka chofta barcha security u mchit kemmilt issahrya,negative
wallah rabi illa mayihlikom we7id we7id wasèèlit wa9t tbi3ou thamirkom 5ater lflous,negative
5 ayem ma tharaktich fi darek npreuve ennou andek de5el fil hkeya et surtou tor9od b dwa nw chkounek enty hata tesma3 nb tfol met 9bel bouh w shabou louken mouch enty sbeb njorra harfa wenty b nafa5 walit ku jrana lotef,negative
meriem nmout 3lik,positive
kehba mta zibie min hollanda,negative
boul3lik wa 3liha yerham lbo3zizi,negative
allah yehdik y a z3ayem mouch mostawak hachleka elli kodemek,negative
ta7chi fih 9atlik fi9t b koll chay fi lekhir w ba3d 9atlik 9a3da nchouf fi 3arka,negative
ta7chi fih dekhla b3adhha,negative
ta7chi fih,negative
je t offrirai même pas un kebab sœur bogdanov,negative
ki 9aset music wala ki tla3et fel karhba 3rftha thrbet,negative
a se point chokee lahadarjaa tyy houwaa liyo9taaal wmay7aschh bjrimaa li3mlhaa andouu rouh kel dhbenna wnty lal ases mandkk 7ata ale99aa wdwayett wmataklchh whalaa tokraaab el abedd elyy yebda michh amel amla yebda yahki nrmll wmerta7 hata nafasnian hata ki yetklm yebda thahr maneha mamal chy ama nty michh kel adaa thahra aleha alamett khouf ldarjett enhaa tsar7et fi klem warfet tetklm mais tahki wntyy thahra marbouthaa walah wa3lem,negative
je vous accorde le diplôme de meilleur scénariste 20positive9 vous prenez les gens pour des jambons ou quoi,negative
elle ment certes le papa est parti l embeter meme si elle a demandé aux serveurs de l éloigner elle ne va pas ordonner de le tuer a la fin elle apprend qu il est mort elle doit avoir une sale conscience,negative
tmout abche3 ilmoutet,negative
tellement wajha asfar mil 5 ouf libsit triko asfar bech itgayed a3lih il 5 of ta3ha ou allah a3lem,negative
mazilt bech tet3atheb ya5amja mat5afech matothrbekch karhba,negative
makhyeb manthrekkk momess ça me rappelle d une pornostar,negative
fomha kil amboula,negative
wlh ken m nchoufulhesh hal hel 5amja hedhy ela m naarsh déjà 7sebha aand rabi 3asir w yeli sbab f mout rouh m aandek wib trouh dour dour w tjik,negative
rakzou fi 23,negative
klaemk ydol 3ali enti sa7ebt l3amla wala 3leh mraw7a mar3ouba wtes2el 3atfol wet3awed n sada9ni jebtha lro7ik ya je7cha,negative
tout les coups sont permis pour faire des vues sur youtube khiittt,negative
esaber ya rabi wallah chay yeasef,negative
tunisie crp il faudrait lui couper sa bouche à pipe voici une pute au royaume des putes,negative
tou5rej men bab azwyel,negative
askri rawhi,negative
alkhba hata almout hadhra faha,negative
allah yar7mo adem,positive
heram alik yomken yeji enhar etmout kima met houwa denya edour,negative
heram alik wallahi heram alik etfol fel jabena,negative
a tel était convoqué au commissariat,negative
look for this zombi wives she have freddy krüger face,negative
elle a plein de sperme dans ses grosse joue la,negative
après tout c est pas la fin du monde elle se prend pour qui cette idiote,negative
la responsabilite de mariem et aziz miiled doivent etre etablies,negative
complice suivant code juridique,negative
ken matwa9fouech hal elkhamja yaani touns mafihech erjel kif ma 9alet,negative
katheba hiya sbeb fi mout adem déjà fama yeser tn9dh fi klmha w a7na kolna adem w lzem n7a9o l3adel w ili kn sbaeb yt7aseb,negative
nchalah tetnkk a maryoumaa,negative
c est grave d accuser sans preuve et c est hram d insulter les gens ni nos principes ni notre religion ne le permet,negative
tekdeb ritek ki chamitte 3lihh tfoll meskinne,negative
c est quoi cette personnes,negative
hhhhhhhhhhhhh te9oheb byynaaa,negative
hadi hia aker shar fil boutete rabi yehdihom msekinine,negative
ken jew y7ebouk raw masarech fik haka,negative
elle se contredit,negative
la mafia médiatique tunisienne ils sont tous impliqués d une façon ou d une autre ma pauvre tunisie commander par des journaleux corrompus et un journalisme des égouts cette chlag qui se prend pour une star ne mérite pas une invitation au marché sidi el bahri ya hassra ala essahriaya a tunis depuis qu ejbouras ses arrivistes de mrd ont fait beaucoup d argent grâce au régime corrompus de ben ali que toute la tunisie est dans une situation à ne pas envié,negative
we 7aja o5ra 3lechh tal3ete tebkiii fi karhba fi nafse el linaaa we raw7te choqué lil darha avant même mayda5louha fil 7keya ma3netha fama 7aja ramrha fil 7keyaaa,negative
allah yarhmoo yarabi nrabi esaber omo wa pouh,negative
tawa hiya 9alete maratech el mar7oume we men chiya choqué we techrebre fi 7rabech we télé msakere pendant une semaine ya5iiiî normal hathiiiii mahich 9a3da t9oule fil 79i9aaaaa,negative
sans commentaires,negative
7arfa walsh 3andha yed fil hkeya,negative
tehchi fih,negative
une réaction qui en dit long des remords,negative
on peut pas juger les autres sans preuves,positive
hedhi akheret boitet,negative
maryouma je suis fan et j espere que tu regarde les commentaires laisse tomber les gens qui te menace vous etes classe et belle pour tjrs je taime et je te respecte pour ta sincerte,positive
sa bouche fait peur,negative
c quoi cette créature pfffff,negative
bke tamasih hhhh,negative
yezi ble aflem fama rabi,negative
ken ma jitch enti fi l3arka rak ma traltech ba3dek,negative
tawa meryem mara t9oul mafe9tech bel 3arka ken kif jit 5arja ou ba3ad t9olek 93ad nra fi mochkla ou 93at nchouf fiha,negative
nef5a chfeyfha akther mn 3ajlt michelin w jeya chtar tounes thaded fya bel 9atl testehel ya kalba awka ta7 fik rabi,negative
il y a des contradictions dans ce qu elle dit,negative
wesh chnayef darbathom skhana,negative
mala mander,negative
hethii na3rafha to5rej mel beb mte3 la97ab,negative
hia déja garret 3la ro7ha ki galet ma5rajtich mil dar 5 jours après la soiré de madison c est à dire berrasmi 3amla 7aja 5allitha tkin rasha fi dar,negative
ytwalek rabi mouch newya tthed,negative
ykeb sa3dek inchalah ma5yeb wejhek,negative
sar hia tal3et escorteuse fi e5er 7al9a,negative
yomhel wala yohmel,negative
ya 9atel rou7 fin trou7,negative
bitch,negative
thabtou fi 3ineha bien dhahra tekdheb w hedi z3ayem kif kif 7asilou mala scénario n5omej,negative
nchalah rabi ynawir l ha9,positive
yesser 5ayba l a3zé,negative
marzan dobrek ya dober,negative
thahra tektheb ou tmathel ya mass5a ha9ou bich iji majabouch il hakem ijibou ili cha3b ya hemla,negative
il devrait te buter par pour le jeune juste pour tes propos provocantes,negative
heya gatleta tfol amla service militaire fi britania 3almoohom founoun al 9itel,negative
taw tekth ti enti melawel enk konet sehra fi madison,negative
hhhhhh hethi de5la b3athha ma3adeche derya 3la ro7ha eche ta7ki mnien ta3ref eni hya tod5el ou to5reje men bebe seri ou tgoul haw galouli tfole li 3mal 3arka met,negative
eli kolto shih enti hiya esbeb ye kedheba hasbi allah wenemea el wekil fik enchalah ya meryem,negative
si c était un pauvre direct ils vont l interpellait même s il n a rien fait même le garder jusqu à qu il trouve la réponse et là soi disant c est une star personne la interpellait personne la convoquée bof et en plus ça se voit comment elle panique et regarder dans les autres vidéos elle parle normal là je suis en train de voir une personne différente j ai l ai jamais vu dans cet état parce qu elle se sent responsable elle se sent coupable je suis sur si les keuf la mettre la pression elle va avouer wesh elle panique elle sait même plus parler elle perd ses mots elle saute du sujet à l autre,negative
famech loge vip f madison kounch 3mlouha aandhom chhar ascenseur eli maykhdmch wala ykhdm,negative
kadeh ikasarli kraymi halmeeeya3 ekotro likhaab werajela ktaltohom bled 3alaras kalib,negative
bellehi asam3ouha de positive7 min à positive7min et positive4 seconde,negative
chkoun elli talla3 dabegh,negative
alah wa3lemmm wahedd mayarta7 ela mayothhar 7a99 wnchalah yothhar,negative
t7ebo tnikouha désabonnez vous de son instagram,negative
ya metkabra,negative
alah latbereklek ya maryem,negative
maryem el 9atla,negative
sera9a ou fi yedek cham3a,negative
what the fuck c la vie go to the hell a big liar,negative
nchlh tched hbes ya,negative
3 hajytee tore9dee mertee7 w jemaa kemlaa bi deeww nsakeerte tlf o haletuu lberaa7 w 9atelkk kleemeet ness manjemtee tor9eed beha ken b deew ntelfuu haltuu lberaa7 aalesh deew jemaa kemlaa w wleed houma hedheek aalesh fil wa9tee adheek maa mariem 9aseet musiic kersheetha dareet rabtet lakhiyee maa 9aseet lmusiic wjeeh khaadhaare w hasyte bi haja sareet 9atlek ena khaweef mel hajeet adheya w doubee matlaate fi karheeb bikiit doub madkhaleet l dar waltee nekhalwedh w 9atelk chocc men chenya chocc w enti marytee chayy y rabi hezuuni neha9a9 o fama caméra fi hotel w baade waleet fi darhoom w tlfuunte chetaamel w 9atelk 70 mahoushe s7i7 w 9atelk ijyww aabeed iklmuun w itsaweruu maay w fi wa9tee ekhiree 9atelllk mayjinn haad ena fi bo9i3 khasst w maynjeem yo9roobli haad ta7kii 9aleet dakheltee baadhii hata lkeleem maa3desh nejmee nerkeeb jomlaa brojlaa lezzmee mokfeha moushada 9ateelk 3omrii marytee aabeed maiite 9odeem juste chocc,negative
elli mehouch coupable,negative
raggas nsaa,negative
achtekdheb instegramha jem3a kemla men blassa leblassa b storiet,negative
walahi tekadheb dhahar men wajaha,negative
heya tawa 9arret 3ala rou7ha,negative
mellowel 9alet nor9od labes,negative
à positive7 min positive6 sec 9alit mouch aka tfol w 9assit klemha,negative
hata ana natbahtalha mouch hadak tfoul ya3ni chaftou men 9bal,negative
elle est trop moche putain et tout ce qu elle est en train de dire montre qu elle a vraiment quelque chose à faire là dedans,negative
marra t9oul fe9t bel 3arka ki jit 5arja w marra t9oul tlafatt nal9a 3arka w rja3t shart 3la rou7i wlh ki tatla3 lesma w tahbet enti wra la7keya,negative
dima m7afletha dabbegh mssayba,negative
allah laaaaa trab7ek w laaaaaa tbareklek y a bent la7ram y a moujerma y a kalbet sou9 inchalah ijina 5abrek 3ala 9rib w tmout w terte7 menek touness el kol la3natou alah 3lik y a wejeh karkadan y a benêt chwera3,negative
khit t3ayef,negative
menteuse,negative
mara tgouli norged merta7a w mara tgouli nourgoud b dwa thabti rohek klem metna9edh,negative
netssawar s7i7 hya maratch loulad allah yar7mou mais 7ket m3a serveur 3al 7ess eli bejnabha w serveur mcha ya7ki m3a adem,negative
hia sbab,negative
manfou5a ma5yeebha rabi taya7 feha,negative
ya3rfouni nebki wendou5 hhhhhhhh,negative
hhhhhhhhh mordhet bel 3sab miskina,negative
n7isha tikthib,negative
a cause d elle adem été massacré,negative
therese poncin ti yezzi 3ad,negative
ba333333,negative
masada9tehech,negative
pfffl la sortie pour les gens normaux nn mais elle se prend pour qui face de rat,negative
ma5yebha,negative
elle se prend pour une conne,negative
extraterrestres,negative
raouf nefzi la vérité et bientôt t inquiète et soyez sûre que elle connaît la vérité et à cause d elle aussi qu il est mort on verra ça e3lem el 3ar,negative
akber kadheba wlhh,negative
dahra tekhdeb m en wejha wfazetha mm sadeknek choque aelah ken yedek salima wbedwa torkod khater dhamirek ianeb fik heda ken andek dhamir,negative
hasytha sad9a o allah o aalem raby yarhmou,negative
elle ment dhahra nchallah rabbi yti7 fiha,negative
pourquoi vous inviter cette face de cul botoxer elle ressemble à un poisson mdr,negative
c est son ami hedi,negative
hhhhhhhh dawla tounsia t5aless hhhhhhhhhhhhhhhhhhh ti7ata t5ales dyounha,negative
chnya jabnha besh itbydhiha,negative
mala terma,negative
beb serri houa beb sormek ya kamja,negative
3lech mna9sin menha el 7al9a w mfas5in el msara7eya eli 3maltoha w stad3itu man yadda3i annou men ahl aldha7eya,negative
tekdheb l9a7ba hiya chefeto ki korou fih,negative
le garçon jehla w manfou5a kollek plastique 3ala heka mato5rejch mel beb mta3 l 3bed normal,negative
c normal les ménages mais tu peux rien faire toi et tes chouchous de merde t dans un affaire de meurtre c pas la rigolade,negative
chlalefeha 9ouleche 3lihome chlalefe bhiiiime ya mase5a,negative
jorthouuuuma 9asaman 3athaman ene fi 2e5ir iddenyee mais puuuut w 2enti isbab,negative
ma tal9ah ken papak elli eda5alek bech y5arjek men la7keya w benesba l si lhedi z3ayem mchale9 3la rou7ek theb tala7a meskina 5atiha,negative
walah t une grosse menteuse ça vien de toi sale grosse pu heureusement tout ça c en tunisie c pas en france si non tu manger positive0balles dans t a bouche de boutox moi la palace de père tous aux cimetières,negative
ena menich fehem haja li aaleh fama hajet tkasset fel montage kima f dkika positive9,negative
tawa ki inti khatik alech sar fik w tor9od bedweyet,negative
j ai vu tous les commentaires,positive
you are n lies,negative
kharjet tasher we mkhaliya s7abha fiddar ntalifouni msaker jim3a kemla w shabi ikalmou fia nili tekhdem andi tnou9ezz w matnajamch t7elelha il beb n s7abek fidarek wala mouch fidarek s7abek ikalmou ala il fix,negative
ken fama hakem tahkik berasmi tawa tetwakef mouch 3awedli nsit hhhh ya kalaba mazelet ej3ala 3la 3ajla,negative
hak mezelet 3aych fi positive983 frere sa7a noum,negative
sherny sahbi el ma3roufin 3al les reseaux sociaux kima el instagram w snapchat w koll 3andhom barcha 3bed ytab3ou fehom yjibohom bel flous bech yashrou tnajjem t9oul kima publicité puisque enti bech tesma3 beha el boita ki temchilha maryem dabbegh wala 3abd marfouf fhemt w telbess blech w ya3tiwha flous bech telbess w tsefer w koll chay ama heya lezemha juste tahki w ta3mel ichhar 3al instagram,negative
sherny hedhi 3and ha mecheri3ha lama 7ala,negative
ena man7ebeech fi klebi khali fil3bed,negative
9alet 5 jours fidar ou son tél msaker,negative
ene hesib rayi hiya kenit sbeb fi lehkeya,negative
omourha m te3jbch fama haja mouch normal fi klemha hasitha marboutha,negative
tu ment c est sûr et tu parle de gens normaux toi t es quoi alors en tout cas tu sera interroger quoi qu il en soit,negative
elle ment comme elle respire la honte,negative
thakik alech iflousik itkeffi,negative
l7a9 y3rfo rabi wtaw y5oulo 7a9o enti wla 4irk wkif ma9olt enti mosta7il shrya toufa kif mnjmo n9oulo mosta7il yousl ymout mhma kent esifa wkif ma9olt enti mt5roch mlbeb eli y5rjo mno l3bed l3adin wnti w4irk mkomch 3bed 3adin cho 3aych o5ti rabi mwjoud enti wla 4irk wt3rf lmochkol lkbira mouch fiiik l3ib flbled l97ba eli yjibo flkifk wy3mloulhom f9ima w9dar l7ram lkbir eno kol we7d 3ando flous wla yal3b bnes kiiiiiiiif ma met tfol l9blo wzed edem alah yar7mo kif ma ynjem ysir m3a 4irooo 7asbi alah 7asbi alah 7asbi alah 7asbi alah 7asbi alah 7asbi alah 7asbi alah 7asbi alah 7asbi alah 7asbi alah 7asbi alah 7asbi alah 7asbi alah 7asbi alah 7asbi alah 7asbi alah 7asbi alah 7asbi alah fkol yed fmouto entom y79e9o m3akom wyjoukom wyklo m3akom wkol ymchi wrabi ydhhr l7a9 wytwalekom,negative
masdoum miskina,negative
wahda kifik inti tistehil elmot fi blasto,negative
to5rej mel bab enas spécial heya nas mech normal,negative
kalit ma inajimch iji wahki maya mela eljounod mteik deira bik ya kelba,negative
s7a le97ab tounes,negative
barcha montage fiha lvideo koli 9assan,negative
netsawer 3andha dakhel,negative
3lech kerchek touje3 ya chikha,negative
it doesn t matter naila ben mefteh ken jett 3andha da5l rahou bouh jbedha walla s7abou jbedha hiyya 5atiha ma3andha 7atta da5l etta9iw rabbi enna ba3th thann ethm whatheya mouch thann hatheya taballi 3ala 5al9 rabbi,negative
les vulgarités n aident pas à établir la vérité,negative
mefhemt chey,negative
yesss,positive
malhat welli yested3i fiha kifha,negative
tektheb,negative
la vérité elle parle bien la langue française,positive
dridi elle a fait pas mal de fautes de grammaire auparavant dans d autres interviews,positive
laila dridi au lieux de dire prévenir déjà elle a dit prévoir ndrrr,negative
mala detecteur de monsonge,positive
ma sa7ech mashartech w7ata re9da ta3mel fel beuz,positive
hhhhhhhhh ti klemik fih tenekoth barcha welboulisia li kaloulik wkolt milloul mefibelich klemik agiter barcha wrabi idaher il hak ni plus,negative
mana3rech ama sa5fetni,negative
hhhhh 9alet ma sem3et bel la7kya ken ki jit merw7a w mb3ed 9alete ena 9a3da w nchouf fi 3arka w thareb w 5arjou adam hhhhh bent 7aram,negative
mafe9t ken ki jitt bech nraw7 mba3d cheft famaa 3arka maafhmtch w kamlt sahriya,negative
97abbbbbbbbb etfouhhhhh,negative
bien dit,positive
ena 7ader fi sahriya whiya sbeb fi kol chey hiya li 7archet sécurité w9atelhom zid adreb,negative
madame fitox,negative
ketheba w sfiha mella manthar,negative
belhi kane tefel fadeha wa beslznsh w cheket bihe w thrboh elmat hya che thnbha kole wa7ed y7trm ro7a w yzi met3li9e el far3 a,negative
klemik s7i7,positive
elle a un bec de lièvre cette femme,negative
tlahou fel 3bed hhhhhhhhxd chouchou kamel ltaif,negative
sad9ouni akber kaboul fi tounis hedi z3ayem,negative
pkoi cest qui cette meriem ministre,negative
tassnim même le ministre n est pas au dessus de la loi,positive
khouloud pas au monde arabe,negative
tu mérite beaucoup tu rie drs gens zaouaoula ou tu insulte les hommes tfou a3lik bien fait pour toi,negative
ken jett 3andha da5l rahou bouh jbedha walla s7abou jbedha hiyya 5atiha ma3andha 7atta da5l etta9iw rabbi enna ba3th thann ethm whatheya mouch thann hatheya taballi 3ala 5al9 rabbi,positive
je peux pas la juger mais c est une autre personne d habitude elle est hautaine mais la je la vois très modeste peut être elle choquée de ce qui c est passé devant ses yeux rabi yarhmou le jeune,positive
tene9ov fi klemha 9alet fe9et fi fcb eli wehed met we ba3ed hedi 3awed shelha 9alet ki 5rajet 9alouli wehed met we ki tla3et fel karhba sahebti 9atli rawah rahou met wlayd,negative
elle as dit les gens normaux,positive
3asal,positive
mariem moi personnellement je suis avec toi ma belle,positive
enti eli tsabebt fi moutou c simple maselet wakt w taw tched el habs,negative
enti eli tsabebt fi moutou c simple maselet wakt w taw tched el habs,negative
9alet maritech l3arka ken ki jit kharja w mara t9oul rit 3arka w barcha securité ikharjou fi tfol w fech 9am todkhol ba3dhek lilet li sma3et tfol met w chma3neha enti t9oul lashabek haya rawhou w 9aloulek chfama 3lech w entouma fared tawla w enti moulet l3amla ama bsahtek mafamech 9anoun fi bled ya malhouta nchllh rabi yenta9em menek,negative
naila ben mefteh ken jett 3andha da5l rahou bouh jbedha walla s7abou jbedha hiyya 5atiha ma3andha 7atta da5l etta9iw rabbi enna ba3th thann ethm whatheya mouch thann hatheya taballi 3ala 5al9 rabbi,positive
s7abou w bouh majebdouhech jemla donc arte7ou nkanet sehra kif nes kol w khw w wadha7 kifech saret lmounewcha bouh 7ka kol chay,positive
ken jet heya ray gat3et milbled logiquement parlons,positive
nobili surtout que heya 9bal kenet dima t9oul elly damha bered barcha comme tous les anglais w may2athar fiha chay emmm bizarre kifeh men liletha w 7atta eltaw tor3och kif fard la7mem chay ijib barcha chak wallahou a3lam,negative
tnajm tkoun sam3tou hke 3leha 9alyt ll serveur o bouh machl9ch blhkeya mais do5an blech nar,negative
dhahra marboutha w ta7chi fiiiiiih,negative
taw entouma ketbin mariem tarwi tafasil e sahra h sa5ta hay ta7kiii 9alet m choftech w m fibelich w hay de5la b3atha ki heya m ratech alech tetsaref hakka ki makech 7asa b dhanb men 7keya haya fahmounnniii belllahiiii,negative
may hiya 7achara heka 3lech tod5el w to5rej m chobek,negative
c normal c une mouche,negative
sabroosh akeed elle pense qu elle est hollywood stat hahaha mais c est une prostitute,negative
psq haya mash kima l3ebad haya kharaya kbiraaaaaa kima shwarebha kima ta3 hmiiiiir,negative
wahda go3ra liflous liraditha marroura,negative
bech ta3mlilhom chicha chicha ennes el kol,negative
impossible meloul 9alit le lendemain 3arfit fama rou7 ta7it w ba3d 9alit fi beb l ascenseur les polices 9aloulha w ba3 9alit fil karahba 3arfit chbeha de5la ba3dha,negative
ahhhhhhhh ya tounesssssssssss,negative
dima men tali enti,negative
cest normal bach tabda kayfa ijik li ibla ya gafil en plus personnage public cest normal bach tidkil d une porte de sécurité wi tokrij mi porte sécurité,negative
hhhh 9alétt men louwell chle9ett kif mraw7a o ba3ed chel9ett fi westt el sahriya,negative
pff vraiment ghriba taw hedhi mezyena cherfa w azouza w kolha maquillage fi el kharej kont naaich fi canada wallah tchouf saat wahda canadienne wela latino mokhek yekef w lé maquillage lé welou bref lehkeya w mafiha etfol adam etbouled ala meriam debegh aytetlou le securité dharbouh lin mett c ca,negative
elle parle d un drame et vs vs parlé de sa beauté n importe quoi là mentalité,negative
zaidene ena njeweb fi ennes eli tahki ala zinha drame edhika lé ena lé enti bech nsalhouha,negative
bilahi saybouha ti koul a7kaya itssir myriam achnouwa ha lahmoum taw bou adem majbidhach mala cha3b,negative
elle se contredit tout le temps et à chaque fois elle raconte une histoire différente,negative
fares nlbl naila ben mefteh ken jett 3andha da5l rahou bouh jbedha walla s7abou jbedha hiyya 5atiha ma3andha 7atta da5l etta9iw rabbi enna ba3th thann ethm whatheya mouch thann hatheya taballi 3ala 5al9 rabbi,negative
taw samahni l mouhami mta3ha y9oul elli tfol met taysh khatr sokran tah mel ascenseur wel teb el shar3i w hiya w kol 9alou li met fi 3arka bel dharb,negative
kif mett adem c est un signe pour elle bech 9assit 3ala sahria mta3ha w raw7et le dar bekri,negative
7atta hadd mefa9 milli m3aha 9a3diin,negative
ali lahmar il n y as pas de loge au lounge madison ce nest pas gigantesque déjà les escaliers sont étroits en tourniquet katlk men okhrojch mha abded normal les gens qui consomment labas sont tous vip vu il paye de leur propre moyen au final l fini mort les témoins on bien dit elle as crié sort moi ces clochard l ascenseur monte charge etait en panne elle dit il fonctionne bizzar,negative
mouch konti mraweh déjà,negative
ta7chi fih,negative
sousou sousou ken jett 3andha da5l rahou bouh jbedha walla s7abou jbedha hiyya 5atiha ma3andha 7atta da5l etta9iw rabbi enna ba3th thann ethm whatheya mouch thann hatheya taballi 3ala 5al9 rabbi,negative
nn ma9altch keka ena manhbhech ama dhaher ihebo irakbouhelha,negative
w marra haya énraou7ou,negative
brabi wa9tech 9alet mn ghodwa sma3t bih met minutes svp,negative
majeri norked labes toksed dhamirha merteh khaterha ma aamlt chyy ama torked bl dwe ml shock,negative
rabi yarhmou adem,positive
choft 9atlik men5rojech min beb l3adi hhh chkounik nty trod fi rouhik haja kbir bsif zah marik lmgalba,negative
oui oui oui oui ça c est sûr,positive
quelle paris hilton mdr pathétique,negative
hhhhhh marché de rongis g travaillé la ba hhh,positive
blablablabla porte secret mayosili 7ad hhhhhhhhh dabbegh cinema,negative
cette sale conne dans sa tête et conasse en plus est devenue une star en situation merdique notre pays,negative
no plutôt marché la courneuve,negative
fech paris chkounek ya sel3a hhhhh,negative
beloumi marcher au puce plutôt loool,negative
hhhhhhh ta raison,positive
yarhem waldik,positive
elle n a même pas une belle gueule la meuf,negative
positive hedi z3ayem 7achto bl buzz n2 mahich 5demto bch y79e9 fi ay jarima roghem thelk 5na9ha bel ase2la n3 mayhemnich fi 7yetha cha5siya,negative
malla 8ira msikna rabbi yechfik w7aiiti hhhh,negative
sisa ena ken trani lema naakdek wnbaytek mritha,negative
ya kahbet chamel afriqia,negative
je suis sur quel ment elle joue trop la victime elle ce contredit soit disant a 2elle était on boîte et après elle part du et et rentrer a 2h alors il faut savoir où elle etait,negative
wallah hia isbab fi mote adam klamha motanakide w a3lech klmha motnakide w alech mita bil ro3obe w lich harabich w dakhla ba3dha,negative
ya kahbet chamel afriqia,negative
ness ki takrh 3abd lotff t3oud dima 3gabou aw grave tetahm 3abd b lkatl mch nrmll tofla khatykom lotff w li goulou ay tochrb f lahrebch psq nedmt rakom ghaltin tssma entom koun yethmoukom b haja grave kimak tjikom nrml allah yahdi brk,negative
kahbè bicoirithè,negative
enchallah,positive
ty saker fomk a3linaa,negative
ya a3bed raby lmaraaaa 5aaaatihaaa le5r 7a9ou fy l7abes maryem ma3ndhaaa chay ifhmo,positive
je sens que cette femme joue la comédie,negative
t9oul 3leha nef5a cheffetha bka3ba samsa,negative
ey w baad chmdakhlek,negative
hhhhhhh wallah,positive
trifi la samahni mish yrouhou lkol hethia arwah nes lghalta bahsebha wetahritth elli sayer aliiha grave aliha w a la 3ayletha nouznou klemna wenkhaliw kada2 yekhdem c tt,negative
resto chouf ena k jewebt 9olt allahou a3lem w k 9olt yrou7ou 3la rhout eli da5el f ru7ha fl 9adhia tfol allah yara7mou w rabi yjiblou 7a9ou ama kif jewebt ml loul 7abit n9oul chnowa yo9sdou fl commentaire w nchallah hek had l bes w rabi ya7fedh tounes,negative
bien sûr sokrana tkhafich ekhi wine bech titdakir,negative
qui tu es ya mariem eddabeghe pour menacer la république tu es mieux que le jeune de 23 ans comme vous dites alla rassek richa certe que ce n est pas toi mais tu as donné l ordre de le tuer puisque tu l as traité de saleté ettfache et la peincesse était dans sa loge sauf qu on l a dérangé déjà ta façon de répondre aux questions tu es perturbé c est clair que tu dors avec les cachés puisque ta conscience n est pas tranquille nlui qu il repose en paix mais toi toute ta vie sera un enfer comme tu es mariam eddabeghe et tu as les bras longs tu es sûre que tu ne payeras pas ton crime nmonteuse tu compares ton chien à un être humain à un jeune de 23 ans est la jungle le pays des plus forts,negative
ya borjwazia tihsaybi bi flousik teharchi klebik bech ikotlou c la vie ya mojrma,negative
rabbi yothher el ha9 w maryem eddabe8 mehyech mathlouma w hiya jorret hetha el kol t9af9if leha,negative
ma tokhrejch men beb la3bed no8maaaaal,negative
bent el9a7ba ach tekdheb au debut t9oul sma3t bih met le lendemain w menba3d t9oul le flic 9alo raho met rawe7 ya mariem mala conne,negative
ky re9da fy farch ha 7atta l lbera7 chkoun yhabbet f story fel insta w ta7ky ect klemha metne9eth,negative
ey shih,positive
elle n arrive même plus à parler,negative
wa khowa fi tounis bolis tatih khamsa lef ibiak,negative
hamdi channel akeed,positive
m shih kelmik lekin lahkika zeda rakom ma thibohech famma barcha li yikhdmo fi elemn amlin fi ikhleha ma weleha matkolich ili elemn ma yekhoch rachwa mostehila bech aychin hasib rayik inhir fihom kifech yikblo weklo errachwa wi wekloha lisgharhom moch heda barka el madlom isir dalim wi chid elhabs widalim isol wijoul hada emn hedi abed hasbiya allah wa naima elwekil,negative
hhhhh dahekni z3ayem mouhima sa3ba hab yhotha fi mawkef el meskina mais c est raté,negative
je t adore mariem,positive
non gatlek baaaarcha police darou biya w waslouha lil karahba 5ayfin 3leha,negative
walh 9olt l7a9,positive
je te sens pas je sens quelque chose tu caches quelque chose je sais pas il y a un truc en toi je suis sûr que tu es pour quelque chose je suis sûr je te sens pas du tout tu es pour quelque chose,negative
cha3b mridh w 9atlou el korh wel 7e9d l ay mra 3andha chakhseya w t9oul kelmetha c pour ca ma ysadd9ou yal9aw ay msiba y7ebbou ylabbsouhelha,negative
taaref chnowa chapeau bas nchaab mridh w bouheli,negative
tt a fait d accord avec toi cha3ebmaklou il boged wi korh ahmoum 7achak cest normal bach tif9ed a3sabha,negative
oui ya3tik esa7a mais juste un point,positive
je suis d accord avec vous fi hkeyet ennou si 3andha da5l fel hkeya bouh ne va pas rater l occasion bech yejbedha tellement ma7rou9 3ala weldou meskin mais pas du tout d accord ennou c est une femme avec une forte personnalité w t9oul kelmetha et et elle représente du tout pas ce genre de femme famma far9 bin 9ellet ettorbia w tgou3ir w 9ellet la7yé w bin 9owwet cha5syya w ta7arror wselna wallina ntha5mou fi des termes un peu vulgaire w n9oulou c est une escort girl nimporte quoi,negative
pharma ena franchement me netsawarch elli kenet tsir nafs la reaction et la preuve tetfakker el tofla li ken m3aha khatibha w violewha el bouliseya choft 9addech tchammtou feha w 9alou testehel psk kharja makher w dra chnoua w ghirha w ghirha mel bnet li tchammtou fehom ki saretelhom 7aja rien que kharjou yashrou walla charbou,negative
foufa c est ton avis et je le respecte,positive
ana chabahta l houari manar allah yarhmo,negative
ahh ya maryouma el9a7ba,negative
adm allah yarhmo m hdai mnakain,negative
brabi wehed yhadaddou fih w mkharjin aalin hajet w jarimet katl w aarka saret kodemou w thebou yahki yadhak w farhan w normal ti behi barcha eli jet lel radio w hket,negative
ey wlh,positive
ti hia sahra kif n es dahra lhkeya ama 3ala 5ater hia ma3roufa fadhoha,negative
tout a fais c est vrai,positive
mchitch tnayk,negative
mm ana masada9tehach 3amela film wa7adeha mafjou3a w tochrob f 7erabech w heya mm pas chafatou wa3leh tetfeja3 w te5af a ce point,negative
girl takraha tfed menha mate7melhech ama 7abit wala krahet matouselech to9tol 3abd quand meme w barra n9oulou au pire kalmet les securtiés impossible tkoun 3and ha neyet el 9atl,negative
mch lezem tebki bch tssadkha dhaharli,negative
adhika metkayfa 3ineha 7mor w tetlakwen,negative
jib rohek fi blastha w ahki snn mahich bhima bch tahki akeka ken jat hia blhak amlet akeka,negative
najoua hanafi ken yjiw uettahmouk bjarimet 9atl min ness lkol tnajjam tor9od enty za3ma,negative
d9i9a positive7 positive6 9alet mch tfol eli wba3d 9sat 3al jomla,negative
mala jbal,positive
ken halitou inikom raw choftouh lvideo mtaa bouh,negative
hahaha chkounek enty bch dawla thotlek des sécurité t3ess alik,negative
de5la b3adhha ldarjet moch 3arfa chtahki,negative
mn kother naf5an fomha 3wej,negative
arrêter de dire que ses elle qui est coupable vous n étiez même pas là arrête sérieux les gens il serez temps davoire un cerveux elle est gentille cette fille pourquoi elle ferez sa ses ridicule tout da,negative
hhjhh rit wela balkchi 3alem f 3elm sawari5 lestratijia,negative
5elegt char w jorm w fsed,negative
makhyeb dirrab chfeyefha,negative
elle et trop moche,negative
dis la vérité menteuse minable tu es la vraie criminelle tu te contredis pour quelqu un qui n était pas au courant pourquoi tu avais si peur wallah une vraie menteuse inchallah tu le payeras et tres vite,negative
canard vert,negative
malhet,negative
tkthebbbbbbbbbb,negative
allaho a3lam,positive
mabldek ya sil3a,negative
d abord il aurait fallu t habiller en noir misérable ta couleur en vert c est un signe de ta perversion,negative
elle n y est pour rien pourquoi elle porte en noir toute la tunisie alors doit porter en noir,positive
toute la tunisie n est pas passée sur antenne quand tu dis qu elle est innocente,negative
vif pourquoi le père qui est le témoin numéro positive n a pas témoigné contre elle ainsi que ses amis,positive
ye7i heya 3atlek hebni,negative
7atta ken hiya 7archethom netsawarch li 9altelhom o9tlouh ema houma men bhemethom 9atlouh w wartouha m3ahom,negative
normalement il 5emja hadi fil 7abess,negative
akid achbeh rejl w thkoura yarthou beha ama rajel weld rajel moustahil yartha beha,negative
ya moufatcha colombo bara e5dém m3a el 7akém wakahaw 3ad yesser 9weya rak,negative
aroua en même temps je pense pas qu elle est aussi conne bech tjib we7ed mel chere3 pour un faut témoignage qui après quelques minutes tout le monde saura qu il est un imposteur,negative
regardez son visage une vraie prostituée minable ce sont des choses qui ne devrait pas arriver minable tu es l instigatrice avec tes macros menteuse tes amis milliardaires te protègent un visage de p,negative
amin ye rabby,positive
hhhhhhh 9alk beya zardi yhadou feha bell e4tisab wrouskom yerjel nikou fyejoura wmn7otouch feha 3zouza malhouta,negative
ya kalay nestnaw fi titer 3al hkeya rahou tkalem ma3refnekech haka,positive
sakroulek chain mteik ya klay,negative
mami baldi,negative
daher yazebi enti m7arch 3lih,negative
moi aussi,positive
meryam pourquoi pourquoi tu mens dit la vérité,negative
ouuuuh yee narii win mazelt we7la ntyy,negative
y9atel erou7 win trou7,negative
klemek mta3 wa7ed 3amel 3amla,negative
enti 7arecht 3lih dahra yazebi,negative
kima9teltech 3lech re9da bel7rabech wde5la ba3dek,negative
win timchi fi jortik ken il machakil wil5maj wil 9athara et pour terminer jarimit 9atl nchwarib il mirgaza,negative
raw7et de5la b3adha 3lech,negative
9alet norked 3aady ou bad kalet nochreb fi dwe,negative
ou bad badletha,negative
laajili shnia alesh kenet sahra fi blassa tektal fiha ensen hatta ma ta3rfoush 9albek youj3ek nana shoft taswiret wehed montaher k3adt jem3a day3a c normal kol wehed kifesh yhess,negative
selected personne khater kalet kelma zeyda bin leklem c tt,negative
kalet melli haliit instagram w rit nes thot fi tsawri w tatahem fiya sakart telifouni w 5 ayem norkod bedwa,negative
ahlem,negative
rabi ihassbek ye mojrme dale menteuse tu es la resbensable de sa mort,negative
resbensable ey,negative
n9oulo responsable,positive
bras omk niktlou omou franse tkalim 3arbi,negative
kolha thchi fih fi hal bled,negative
regarde ton visage le matin tes levre comment ils an moche se lui qui va t embraser comme il a embraser un crocodile monteuse tu va le payé cher toi et les autres,negative
bon wali a7ki français s7i7 tout d abord wla a7ki bl 3arbi nrml w sayib a3radh lness yar7em weldik makech 9adhi ta3ref chkun 9tal w chkun lee,negative
a t écrit an français,negative
occupe toi de tes affaires en fait ses lèvres sont à elle et tu comprend pas elle a dit bien expliqué maintenant ferme la,negative
derbali ba oui ses lèvres sont à elle gros connard y sont pas à toi c est toi qui devait fermer ta sale gueule il a le droit de donner son avis,negative
ma5alit ma9olt chitana w manhousa 9bi7a asél ba3d ted3i bil hdéya,negative
meskina tounis,negative
bkodret rabbi labess netfeelou chwaya 7ir men ghirna hmd,positive
finallay fama we7ed b mo5ou,positive
matfhmch mahich hiya akfer mel tawdhi7 hedha mala hala,negative
ahmed wintaa wichdakhlikk lahna,negative
9atlk ykhalsouni bch nmed wejhi f madison,negative
m loul 9alet nor9od nrml w mba3ed 9alet walit nor9od b dwe yecer tana9oudh fi klemha,negative
trah ken yjiwek tahdidet bel 9atel enti w 3ayeltek w ykasroulek karhabtek warrina kifech bech to93od alaise fi mokhok,negative
shisha m loul 9alel ha mba3ed la7keya eli saret tor9od nrml w t3ich nrml 9atlou ey w mba3ed walet tor9od bel 7rabech yecer kedheb,negative
shisha bjehhhhhhh rabbbbbbbbbbbbbbbiiiiiiiiiiii t7ink ba3dih 3lina,negative
salema madame om jahl mata7kich m3aya barra 7assan mant9ek se3a,negative
mabrouk hya meloul to9sod elli dhamirha merte7 men ne7yet etfol w ba3d tfartit nat9et men ajnebha ti brabi bchwaya 39al tawa bou etfol majbedhech ti dhahra mel 7it le7keya,negative
shisha brabi bara mout,negative
belhadj wallahi entom li mekomch 3adyiiin ti m5a5kom fin ki tsad9ou 7keya 7oula kif ma hak,negative
mabrouk non merci bara enti,negative
shisha berjouleya sakhaft ny sahby hassytek tahky maa bgaar,negative
shisha wlh mch nrml les accusations ili yaamlou feha c absurde wlh lmra janet asl,negative
romdhane hhhh se3a tofla m3allem menich tfol et oui 7assit ro7i na7ki m3a 7it asl,negative
dude rit brabi ykarhou l3abed fi 3ichtou beklemhom w ba3d ki yod5ol fi 7it w 7yetou tedamar y9oulou ah ma5yabhom la3bed w ma5yab klemhom t9oulch 3lihom mech menhom,negative
shisha w bara tofla maak sahby,positive
romdhane mafhemtekch ye5i ena chkoun jebt,negative
dzeyer bled haweri manar eli mett ikaber fi bzezlo w warda charlomanti hhh bled bint lmachta w mamidou w rebica w rotana matrakezich m3ana ya rou7 alah isahelik,negative
cette dame sa place au prison avec les autres surtout kamel,negative
dangeureux,negative
ta heya hket w 9alet maritou w lehya f sahreya behi w ba3ed ma8ir matoch3er w rakzou m3aha 9alet 9omet sbeh 9olet za3ma heda tfol eli saret m3ah l faza,negative
ti brabi yezziw za7 t7ebou tkharjouha mojerma bessif ya5ouya hya tbi3etha 5ayba w jaltama w dharbetou fi rou7ha wel ham lkol fuha ama maya3tikomch l7a9 tetehmouha za7 tebdew 3ada 3amlin fiha lmo7a9e9 konan w tefehmou fi lou4et l jassad ti saybou sala7 taw ken fama 7aja l 9adha2 yothbetha mech a7na,negative
belhadj 3ala 5ater berasmi n7eb nefhem la3bed li msad9a le7keya men 4ir dalil wadha7 kifech t5amem w nzidek 7aja ena rani mane7melhech w maye3ejbounich ara2ha jemlaaa wa7da ama kol 7aja fi blasitha,negative
nchlh labess mala mordha w zid si essayed jayeb maandou w yekteb el mraa bch tmout w tahki bch tji enty t9oul hadi w ma hadi,negative
3malou moontage,negative
hedi just yheb ya7ra9 7al9et nawfel lila,positive
ti brabi yezziw za7 t7ebou tkharjouha mojerma bessif ya5ouya hya tbi3etha 5ayba w jaltama w dharbetou fi rou7ha wel ham lkol fuha ama maya3tikomch l7a9 tetehmouha za7 tebdew 3ada 3amlin fiha lmo7a9e9 konan w tefehmou fi lou4et l jassad ti saybou sala7 taw ken fama 7aja l 9adha2 yothbetha mech a7na,negative
shisha t7ink 9adech to5loss 3lihhh ech da5lik fih nti jeya de5la fih toul ken bala3t 5irrrrrr,negative
salema hhhhhhhhhh walahi mé bech no9o3dou lteli ken mejohel li kifek li mkha5hom mlay9a,negative
belhadj lé sama7ni li ta7ki fih mech logique 7ata tarf taw houma l boulisia majebdouhech w 3aylet edha7ya majebdouhech nwaliw a7na na3mlou balbla w nkarhouha fi 3ichetha ti aslan lwech yestad3aw fiha le ta79i9 madem ma3andhech da5l chwaya ta5dim mo5 aman,negative
shisha hhhhhhhh bhima w kalbet dabegh bimtiez bou adem 9aloulou mariem dabegh bech tkalmk 9alhommm noooooonnnnnnn w taw njiiiiiii w no93do 9a3da behia ech ma3neha w ken 3 jahel howa jahil tofla eli trawa7 sokrana w ta7ki btawlitha w chorobha w sahrietha,negative
salema ti howa bessif la jé erajel 5atrou fi 7ala ma3andouch jehed bch ya7ki wala ta3rach kifech zeyed le7dith m3ak enti kima 9olt mo5ok mlaya9 barri enb7i lesbeee7 ma3adech m3abrettek kalb yenba7 3la tayara jhal msiba w kahaw,negative
shisha wenti kalba mas5a w 5amja hhhh film kbiiiiiirrrrr ha malhet na3tik likbira eli jeybito mariem dabegh ijesssssss ahawka twa9effffffffffffff l3a9ba likkkkkk rouhi a3tiiiiii,negative
pleins de putes dans une seule femme,negative
hhhhhhhhhhhh yaga3ro 3seeeeeel wallah nta7iya men annaba,positive
wallahi hasel kifhon ki bouhek rabbi yahmihom,positive
nchalh rabbi yorz9k bjeh sidna mohamed,positive
mala ja3four ken 3ejbouh ya7at,positive
hhhh nes lkol telbis 9 3adi 2,negative
sa7bti,positive
zebi,negative
hahaha mskin wledou fe47ouh,negative
mahlehom walah katlouni bi douhek machalah 3lihom,positive
mala awled,positive
dhahra m7afdhinhom kol chey w 7atta chey ma nou s7i7,positive
idahhek,positive
tarkallah rabbi ifaddalhom ilja3four wifaddal ja3four lihom,positive
ma khyab rasou,negative
hahahahahahaha,positive
ya ja3four je t adore,positive
mhlahoum tbarkalleh alyhoum,positive
hahaha,positive
génial torbia,positive
na7lehom rabi yfadilhomlo,positive
mazienhom,positive
bintou takra maya,positive
ils sont beaux,positive
me7lehom macha2 allhhh,positive
yakhy omhoum winii,positive
mahlahoum,positive
hhh cutyy,positive
fadhhouh miskin,negative
ma7leeeeeeeeeeeeeeeehom,positive
m7lahoum 3sall,positive
ya ja3rfou rabi fadlhoumlek,positive
3andik il 7ak,positive
mahlas zinhoms,positive
masma3nekch jimla hhhhhhhhhhhh fthi7a hhh wehd tiftha7 ala yed wledo,positive
amin,positive
yhblo,positive
hhhh mhlehom,positive
chindernalo,positive
bou zinkoum,positive
walh 3sal tbarkallah 3lehem,positive
ma7lahoum ama ja3fir 7asitou itnarfas,positive
mahlahommmmmmmmm ihablou mashallah a3lihom,positive
tbarkallah 3lihom ki bouhom 3,positive
mdrrr 3sal,positive
mahlahoum,positive
rabi yahfedhom lik w rabi yfadhelhom ma7lahom,positive
mache2a allah a3lihom rabbi ya7mihom ma7lehom,positive
mchallah 3lihom rabi yfadilhomlo,positive
5tito chm3na 9alson bliz kintfrj mn alg kont 7aba n3ref m3naha,negative
ma7leeeh weldou tbarkallah a3lihom,positive
ma7lahom,positive
ma7lahom,positive
ma7lahom,positive
behya minik,positive
moubarak tu es très méchant,negative
machaalah khamsa wkhmisa mahlahem awladek,positive
behi,positive
ma7lahom rabi i5alihomla,positive
wildi adouma kbirt machaallah rabi ysonhom ja3four rabi m3ak,positive
love,positive
iheblou homa papahom,positive
machallah 3lihom rabi yfadilhomlo hhhh,positive
isra isra oui,positive
tal3in lbouhom hahaha,positive
bouffant ya kaffefa,negative
ok n,positive
une tres belle chanson wtsadart biha fe mon mariage je suis algerienne,positive
y a banat lila hirskom,positive
les marocaines,positive
les algériens,positive
manuel amara lila ar3asa,positive
mela fdhayah,negative
wooooow fooooor,positive
non capisco nulla ma la adorooo,positive
nchlh l39ouba lina,positive
manl amara lila ar3i,positive
fooooor,positive
fooooor,positive
manl amara lila ar3osa,positive
manoula,positive
jdrr l8oneya hethy mosh nrml,positive
manoula tu es trés jolie avec tes robes bravo manoula le mizyana,positive
nchalah,positive
free positivea,negative
toptop,positive
hm hm waaaaawe manal,positive
hhh majnouna w hlowa,positive
manl amra lila arci,positive
manl amra lila arci,positive
manl amra lila arci n,positive
alginaa gilou bas al9ran ahla oki ma3i layk,positive
rabi ihani said bi saida,positive
bchewaya 3laya,positive
wwwww belle chanson j adore,positive
j aime très baucoup,positive
tik rock,positive
dayyra 7ala cette chanson f l3ress t3na f dzz,positive
bou zinek manoula,positive
lila arci manl amra,positive
hhhhhhhh raw3a manola,positive
mana hla warda fi ahla jnina,positive
la yakachfek,positive
made in tunisia,positive
inti ma 3arastech,negative
toooob,positive
mnal amara tahiai mina algarian,positive
ja yetzaaben yakhi hsol chkounou zaama bravo vous l avez bien deviné c est doudy el hajem mon dieu quelle médiocrité,positive
love you,positive
j aime ça menal et j aime toi,positive
toooooooq,positive
matfhek t9arni f l9or2am b athi yekhi yekhi,negative
abdallah mounaf9in ydkhou ysm3ou wytnof9ou,negative
bsh 3lch thbo tdjbdou l9or2an fa lghena mafhemtch,negative
3arssi,positive
elle est ridicule cette femme avec ce blond et maquillage,negative
ana man marniwa,positive
ana djazairiya,positive
hjare hta ana kifk,positive
meriem whraki thdri nti,positive
meriem hhhhhhhhhh,positive
rna hna,positive
yesss,positive
je suis la,positive
ana jaziriya,positive
mesa9tek mra,negative
je suis,positive
hhh ad3ouli yarani rabi ysahli fi khtabti,positive
chiraz boutfnouchat hesbt roha manal 3emara hhhhh meskina,negative
ajlani nhabouha ga3,positive
tard,negative
toooooop,positive
chaba,positive
rabi ykemleli avec mon fiancé hobiiiii,positive
love the song i don t understand this language i am half american half tounisan but never were there someone tell me what language is this,positive
merci,positive
bravo,positive
waaaaaaw,positive
semha ya douida,positive
nmout a3la tunis,positive
oh my good very good i love it,positive
ylavyeeeee,positive
tunisian women are gorgeous ounoutha ou jamal,positive
tooop,positive
alavyou manal 3mararaa,positive
tooooooop,positive
elissa nakrhek wenfed menek,negative
3irsi nchlh f décembre w rakom kaml ma3rodin lih kaml bach nor9so 3la had l ghonia l i jay l i l3irs dir like,positive
love n,positive
une belle chonson,positive
waktech ykoun 3arssi lol,positive
allahi yberk thabal la chonsson,positive
la3kouba lik,positive
bien,positive
laabnaat ad3iwli ykamali rebi m3a li fi bali,positive
bravo,positive
rani m dz ntfradj la chanson bzf chba w incha llh ida ktabli fi orsi ndirha iba mdabikoum td3ouli yji psq twal,positive
rabi hanikom,positive
ana amani min alg b7ibk bizaf manal nchalh indirrh fi 3irsi w na7ib itwansa tahiya lihma,positive
rabi izeyen 3lik nchaallah,positive
jolie,positive
waww 3ajbatni bzaff d3ouli yarzqni rabi b insan linbghi 3ajilan,positive
tooooop,positive
ya rabi orzo9ni b wald al halal,positive
tooooop mnal,positive
j ai me pour de vrai tu te mariés je kiffe,positive
wawewaewaewae,positive
3aqbalna anchalah ya rabi,positive
3aqbalna anchalah ya rabi,positive
ghnaya mlaha khlah men annaba fi aressi nchlh ndiyrha,positive
ndirha fi 3rsoi inchallah,positive
mahiek ya manale amara rabi ybad alic il inine,positive
toooooooooooooooooooooooooooooooop,positive
ww manoulaaaaaaaa,positive
j adore,positive
superrrr toppp,positive
raw3a,positive
chanson thebel grib 3ersi inshaallah nhotha,positive
un bon travail manel,positive
eni y5ti,positive
mãn įchã 34 34,positive
my sister likes this video and the song is so nice,positive
clipe quatastrophe très vulgaire,negative
tooop,positive
tooooooooooooooooooooooooopooooooooooooooloooop,positive
toooooooooooooooop,positive
tooop,positive
l3aaa9ba likoooom 3 nééss lkooolll ,positive
fatma boussaha,positive
mahlak manelle 3amara,positive
quelqu un aurait les paroles,positive
mdr j adore le clip nlove you from algeria,positive
hhhhhh tahbel n,positive
tunisie et algérie nous sommes des frère,positive
elile 3erssi zeyed avec les tunisien hhhhhhh,positive
matsadrtch jemla mdrrr ama ghonaya hloua,positive
i love you manoula ma7la a4anik i liked goood l3a9ba liiik,positive
comme toujours tu es ravissante avec une belle voix,positive
ahla vidéo très bien,positive
moi j ai positive7 rah netzawej nchalh chhar ljay nraniha,positive
ki alyoum nchalleh,positive
yousra chahi,positive
walah y a manel tunis fdahteha ostri rouhek chuia dnia faha mout,negative
foooooooooooooooor manal,positive
si je me marierai un jour je ferai de cette chanson l ouverture de ma fête,positive
lah ikamal 3liha nchaalah,positive
mabrek hobi,positive
she looks amazing mwah x,positive
moi je mapelle manel mdrr,positive
manola zin wala top,positive
tu es bellle ma chérie algerie tunisie,positive
chayyta,negative
thabelllll,positive
lila 3rci ou bach ntzaber fi lkourci,positive
lila 3rci ou bach ntzaber fi lkourci,positive
mabrouk,positive
3arset bel gay el7ajema yekhi hhhhh,negative
loveee,positive
bravo manoula,positive
toooopp,positive
toooooooup,positive
raw3a,positive
wech dirou hna hhhhhhhhhh,positive
hhhhhhhh rana hna,positive
chaima chaima hhhhh merci habibti,positive
hhhh wslt tahiya,positive
foooor la3koba liya nchlh,positive
walid merazguia rabi yfarhak nchl w ya9ablo bih,positive
nchllh ygblo wt3ichi m3ah la belle vie,positive
nchalh y9blo khtii,positive
rabi yektebkom l ba3dkom,positive
nchalh rabi ysahelha,positive
walid merazguia nchlh y9blo khti ou d3wa ml 9lb,positive
yadra 9ablou,positive
walid merazguia mabrok waliddd,positive
bonne courage,positive
rbi yfrhkm nchalh,positive
nchalh y9blooo,positive
yadra 9ablo darkom,positive
barbie tunisienne 3,positive
rabii iasoune,positive
rabii iasoune,positive
love manel enhebk barcha,positive
foooooooooor,positive
jaime cette chanson 3e9ouba lina nechalah,positive
rebi yhani kol whda 3,positive
jdr cette chanson,positive
rabi ybarek manel une poupée,positive
nhar 3orssi ndir ktar mn hak hhh,positive
jamais sma3et ghonya akhyeb m en hadi yeeee333 tfoooo 3ahra,negative
la39oba li mazaloo,positive
tahiya mina jazyar,positive
rawa3a,positive
c bien,positive
inchallah mabrouk,positive
bibicha bibiche wach dartou kamel stp prcq le mariage de ma soeur 9rib nrebi ihenikom inchalah,positive
fooor,positive
i love you manel,positive
addorable manel 3,positive
ena nmout a lelila ersi,positive
big kiss from algeria for u manou,positive
i love you manel,positive
tooopppp,positive
chaba bzf had la chanson,positive
la39oubaa liyya nchallah,positive
elila tirimti elila tirimti u bich nitsater fog 5ariti ah chumi ah chumi,negative
ma7leha bech n7otha fi 3ersi,positive
welah chaba mashallah,positive
jeme,positive
thhhhhhhhhhhhhhhhhhhhhabil manel,positive
hata l tawa matayah aaliha had leghneya hedhi 3 3,positive
tooop,positive
hassen khodja sarah pour,positive
miss mima ranim inchallah la3kouba leek,positive
rabi yhanik,positive
rabi yhnik,positive
miss mima ranim nchlh ya rabi,positive
amiiiiiin ya rabi,positive
miss mima ranim lĺmmmll0,positive
rabi yhanik,positive
rabi yhanik nchalh wrabi kamalk wrabi hani kaml li rah ytzawjo,positive
hacini louiza rabi hanik nti tani,positive
miss mima ranim nrbi yehnik w yefrhek,positive
miss mima ranim nrabi ihanik,positive
s mima ranim,positive
miss mima ranim sa allah alayh wa sallem,positive
raby yhanik nchallah,positive
rabi yhanik,positive
miss mima ranim rabi yhanik,positive
mabrouk elik rabi yhannik,positive
rabi yhanik nchalah,positive
kjbbbvccfmiss mima ranim,positive
rabi yhanik,positive
rabi yehanik weyefarehak,positive
raby yhanike,positive
miss mima ranim rabi hanike,positive
tooop,positive
this is very cool friends channel sharkoni,positive
meli bdat lghonia w hia natsadar natsadar ma tsadrat ma walo,negative
rouva ana thane amara,positive
cute,positive
ch adoreeeee,positive
ma7leeeeeeek ya manoula nmout 3aliiiiiik,positive
rabi yfer7ek rr,positive
kattouset aremet,positive
ferrah salah sa allah alayh wa sallem,positive
sala lah alayhi wasàlam,positive
alayhi salat wa salam,positive
sala allah 3alahi wasalem,positive
sala llah 3lih waslm,positive
ahkkoum sala llah 3lih waslm,positive
boumellah sala llah 3lih waslm,positive
yasm ine jaya ngoulha m3arya roheha we en plus torgoss hakda fi 3arssha,positive
lakouba liya ndi li nhaaaabb d3ouli khawti,positive
el 3ahoussa,positive
moi aussi la famille amara,positive
berjouliya elle mérite plus de vu,positive
nhbk imed,positive
ah ha9a chkoun had lmoghaniya w manin hiya,positive
chno had loghniya hhhhh,positive
bonne mégare,positive
maghribiya nmoot fikom vive _maroc algérie__ tounes_,positive
asma ait mihoub hhh,positive
nchalah nchofok sah manal,positive
inchallah ki lyoum,positive
ana rani 9rib nchlh,positive
nchalah rabi yajma3ni bali nhabo wnghaniha fi 3arsi wnachtah ya rabi ha9a9li omniyti,positive
mnl m7lk ana n7bk brcha ddkas min korba n7bk brcha brcha aman rd 3lya hanine bani,positive
merci,positive
wwwwaaaww,positive
mahleh lklib,positive
malak,positive
nchlh hanouna,positive
amin,positive
amin,positive
ca fait plaisir tatmnay lkhir l bnt khaltek rebi yfarhk,positive
nch ya rebi we yehniha we yehni ga3 le3rayess,positive
hichem hichem lah ykamleq maraki matmnya,positive
toyour al janna,positive
malak tv nrabi ihaniha,positive
ana 3ersi 9rb d3eli ehayda m3a kel bint eerniya zwina top,positive
la3koba l ma chère cousine hayet neferholha kilo amine,positive
malak beauty dz tskydm,positive
bonjour,positive
l39ouba liya nchlh wl ga3 lbnat,positive
tooop hayla,positive
magnifique vidéo bravo,positive
tooop clip félicitations,positive
ma7lekkk manoula n,positive
mahlak ya tunisia inti vrai malak,positive
manal lah yebarek tu es une grande star you beautiful artist kisskiss,positive
hhhhh c est trés beau,positive
toop manela bon courage,positive
ajml 8naya lahla mnal 3mara ya zina oukhtk mn aljazaer,positive
manoula ya 3asla ma7lak,positive
bonjour,positive
je t aime manoula je suis algerienne et j adore la tunisie,positive
youyou bkh,positive
wakta pêche tares,positive
w ana wa9tach 3arsi,positive
tooooooop,positive
i love you manoula,positive
c est une très géniale chanson,positive
sese mahbela sese mahbela bayna dzirya hhhhhhhh,positive
love you so am from algerian,positive
elena riam n,positive
mar7ba bikom,positive
ya marhaba bik,positive
ouiiiii,positive
rana hna hhhh,positive
tooooop,positive
wna nin tebessa tahia manel 3mara,positive
bravoo,positive
seul n nfrancaise,positive
kool klil,positive
mala rajlek lazem ykon tounsi amica,positive
sela chti mama ch hal zina,positive
mat5afich tita mama mnal kaina,positive
reri nhabak bzaaaaf,positive
nhabak bzaf mama manar,positive
thhhhhhhhhhhbil,positive
rabah zamoun bongur,positive
youkandos 40 chof ngolk haja hta ana mahkitch 3lik koun tkoun wch tkoun bayen bli mokhek faragh wlina fi tounsi wmaroki wjazayri normalement okol kif kif ana comentit kima kamel nas tcomenti 3lah jatek ghir 3liya wdija foutni baraka allahou fik ki ta ki jnsiytek mathamonich tafah,negative
belle chanson manoula nhbke,positive
mhlaki thbli,positive
ahla aghnya,positive
alh yberek fik manel w taheya lik welge3 twensa hbkm men alger,positive
ma7lekk bouzinkk manoula,positive
ma7lekk bouzinkk manoula,positive
sarah dz merci o7ti hete ehne walhhhhiii nheboukkommm tunisie et algérie nous sommes une seul pays ehne e7wan m en soussa le wahran nous sommes unis,positive
salam,positive
enchala ya 3asla,positive
wrararararraay,positive
saada rayane merci,positive
3andak saha bâche yata9i allah machin yrakhso rwahom,positive
saada rayane amin ya rabi,positive
3alyh afdal salat w salam,positive
je suis algérienne très belle chanson,positive
tahfouna,positive
a7la chanteuse,positive
princess story ui,positive
princess story nchihemek telhé fi ro7ek,negative
princess story nchemda5lek fi tounes,negative
aymen wali nchbik,negative
youkandos 40 hhhh tahki 3la dezair li 3aicha men khirha ya hamla,negative
hiya 7ourra fi 7ayatha wa i5tiyaratha a3riyana awou labssa anta ma da5louka fi hada man nassabaka 7akiman a3lal bachar a3la adhwaqihim a3la 7ourriyatihim acha5ssiya wa 7ouqouqihim ista7i ya hada,positive
dawa5tini,positive
brinka baso hhh rayan hta hna lgitk,positive
manoula ya mezyena nhebek,positive
tab3ouni 3ala el chaine mte3i heyya s7i7 mazelet jdida ama bch naamlou barcha jaw w des video matfaltouhech kima salem monsier o nasaa7 tajmileyya w regime w barcha nsuiver moi elli iheb manel yammelli s abonner,positive
aminee,positive
amiiiine,positive
waweeeeeeeeee,positive
nchalh,positive
bravooo maboula,positive
mahlke i love love,positive
mahlke i love love,positive
mamam j aime beuque,positive
7eja raw3aaaaaaaaaaaaaaaaaaaaa,positive
menel toi c est très joli,positive
ouhhhhh 9adeh nakrah hal mnadir,negative
habibti manola nmot 3lik w 3la ghnak,positive
5raaaaaa,negative
mouch houwa yetze3ben enti l tetze3ben 3line hedi wabne,positive
hhhhhhh,positive
sexs porno,negative